0	1
2	1
3	2
4	1
5	1
6	1
7	2
8	2
9	3
10	2
11	4
12	3
13	3
14	6
15	3
17	1
18	1
19	1
21	1
22	4
23	4
24	3
25	1
26	3
27	1
28	2
29	2
30	1
31	3
32	2
33	3
34	2
35	2
36	2
37	5
38	4
39	1
40	1
41	2
42	2
43	1
44	6
45	4
46	1
48	3
49	3
50	2
51	2
52	3
53	1
54	4
55	2
56	4
57	3
58	4
59	3
60	1
61	6
62	3
63	1
64	1
67	1
68	1
69	1
70	1
71	1
72	2
73	1
74	1
75	2
77	2
78	1
79	3
81	1
82	3
83	3
84	1
86	1
87	2
88	1
89	1
90	3
91	3
92	1
94	4
95	2
96	1
97	1
98	6
100	3
101	3
102	2
103	3
105	5
106	3
107	2
108	3
110	1
111	1
112	3
113	3
114	3
116	1
117	4
118	1
119	1
121	2
122	4
123	1
124	2
125	2
126	1
127	2
128	4
129	2
130	1
131	3
132	3
133	1
134	3
135	4
136	3
137	2
138	4
139	2
141	3
142	4
143	6
144	3
145	4
146	2
147	2
148	1
149	3
150	4
152	2
154	1
155	2
157	1
158	2
159	1
161	2
162	5
163	4
164	3
165	3
166	1
167	3
168	2
169	2
170	2
171	6
172	4
173	2
175	3
176	3
177	4
178	2
179	7
180	3
181	4
182	4
183	4
184	3
185	1
186	3
187	1
188	2
189	1
190	1
191	1
192	2
193	5
194	2
195	1
196	4
197	3
198	2
199	2
200	1
201	1
202	2
203	2
204	4
205	2
207	1
208	2
209	2
210	2
211	4
212	2
213	3
214	3
215	4
216	3
217	5
218	4
219	2
220	1
221	1
222	4
223	1
224	5
225	1
226	3
227	3
228	1
229	2
230	5
231	4
233	4
234	3
235	4
236	2
238	4
239	2
240	2
241	2
242	3
243	1
244	1
245	5
246	5
247	3
248	4
249	5
250	1
251	2
252	1
253	3
254	1
256	2
257	2
258	2
259	1
260	3
261	4
262	3
263	1
264	1
265	2
267	1
268	2
269	1
270	2
271	2
272	2
273	2
274	1
275	3
276	3
277	3
279	3
280	1
281	2
282	6
283	5
286	5
287	2
289	1
290	1
291	4
292	3
293	5
294	2
295	2
296	2
297	4
298	2
299	1
300	2
301	1
302	3
303	5
304	1
306	1
307	2
309	1
310	4
311	2
312	2
313	3
316	2
317	4
318	1
319	2
321	1
322	2
323	2
324	1
325	4
326	1
327	2
328	2
329	2
330	2
331	2
332	3
333	4
334	3
335	1
336	1
337	3
339	2
340	1
342	1
343	3
345	4
346	3
347	2
348	2
349	5
350	1
351	1
352	1
353	3
354	4
355	2
356	4
357	2
358	1
359	1
360	1
361	2
362	3
364	3
365	2
366	4
367	6
368	1
369	2
370	3
371	3
373	2
374	1
375	1
377	5
378	2
379	5
380	2
382	3
383	3
384	5
385	1
386	2
387	1
389	2
390	1
391	2
392	1
393	5
394	4
395	5
396	1
397	2
400	4
402	3
403	3
404	3
406	4
407	3
408	1
409	2
410	3
411	3
412	2
414	3
415	3
417	3
419	1
420	3
421	3
422	3
423	3
424	3
426	2
427	4
428	3
429	1
430	2
431	4
432	2
433	4
434	2
435	2
436	1
437	3
438	2
439	1
441	1
442	2
444	1
445	2
446	3
447	2
448	2
449	3
450	2
451	4
452	1
453	2
454	4
455	1
456	5
457	2
458	4
459	1
460	3
462	1
463	2
464	6
465	1
466	1
467	1
469	4
470	3
471	2
472	2
474	1
475	2
476	3
477	2
478	4
479	3
480	2
482	1
483	1
484	2
485	3
486	1
487	3
488	3
489	3
490	6
491	3
492	2
493	2
495	2
496	1
497	3
498	2
500	2
501	3
502	1
503	3
504	2
505	2
506	1
507	1
508	2
509	4
510	2
511	1
512	6
513	3
514	1
515	4
516	4
517	1
518	3
519	2
520	1
521	3
522	2
523	1
524	2
525	1
526	2
527	1
528	3
529	2
530	5
531	1
532	2
533	1
534	2
535	3
536	2
537	2
538	5
539	3
540	3
541	4
542	5
543	2
544	1
545	1
546	3
547	2
548	4
549	3
550	2
551	2
552	5
553	4
554	3
555	4
557	4
558	2
559	2
560	3
561	4
562	2
563	2
564	1
565	2
566	1
567	2
568	5
569	2
570	1
571	3
572	5
573	4
574	4
575	4
576	3
577	1
578	2
579	2
580	4
581	4
582	2
583	4
584	2
585	2
586	2
587	4
588	3
590	1
591	1
593	3
594	2
595	2
596	2
597	3
598	2
599	2
600	1
601	5
602	3
603	3
604	2
605	2
606	2
607	3
608	3
609	2
610	3
611	3
612	2
613	2
614	3
615	1
616	2
617	1
619	2
620	2
623	3
624	6
625	1
626	2
628	1
630	3
631	1
632	2
633	2
634	3
635	1
636	5
637	1
638	3
639	1
640	1
641	1
642	1
643	2
644	2
645	2
646	4
647	4
648	2
649	2
650	3
651	4
652	3
653	3
654	3
655	5
656	2
658	2
659	2
660	2
661	2
662	2
663	1
664	3
665	5
666	1
667	3
668	1
669	3
670	2
671	5
672	2
673	3
674	2
675	3
676	1
677	2
678	1
679	3
680	2
681	4
683	1
684	1
685	4
686	4
687	2
688	2
690	3
691	4
694	1
695	2
696	3
697	4
698	3
699	2
700	2
701	3
702	5
703	2
704	2
705	2
706	3
707	5
708	4
709	1
710	4
711	3
712	3
713	2
714	2
715	2
716	2
717	3
718	2
719	5
720	3
721	3
722	3
723	3
725	6
726	3
727	3
728	5
729	2
730	2
731	2
732	2
733	1
734	2
735	4
736	1
737	4
738	2
739	2
740	2
741	3
742	1
744	3
745	1
746	5
747	1
748	2
749	2
750	3
751	2
752	2
753	1
754	1
755	4
756	1
757	1
758	5
759	2
760	5
761	2
763	2
764	3
765	1
766	2
767	1
768	3
769	3
770	3
771	2
772	5
773	3
774	3
775	1
776	1
777	5
778	6
779	3
780	1
781	2
782	2
783	2
784	3
785	3
786	1
787	2
788	2
789	4
790	1
791	3
792	3
793	1
794	2
795	1
796	3
797	1
798	1
799	3
801	2
802	2
803	2
804	1
805	2
807	5
808	2
809	4
811	4
812	2
814	2
816	5
817	4
818	1
819	3
821	3
822	2
823	1
824	2
826	2
827	1
829	1
830	2
831	3
832	5
833	1
834	4
835	2
836	2
837	2
838	2
839	3
840	1
841	2
842	3
843	5
844	1
845	5
846	3
847	2
848	1
849	4
850	1
851	3
852	2
853	2
854	1
855	3
856	4
857	2
858	2
859	3
860	3
861	4
862	4
863	1
864	4
865	1
867	5
868	3
869	4
870	3
871	2
872	3
873	3
874	4
875	1
876	2
877	7
878	3
879	1
880	3
881	2
882	1
883	1
884	1
885	3
886	2
887	2
888	4
889	3
890	2
891	1
893	3
894	2
896	3
897	1
898	1
899	3
900	4
901	2
902	3
903	4
904	3
905	1
906	3
907	4
908	3
909	2
910	3
911	4
912	1
914	2
915	3
916	2
917	2
918	1
919	2
920	3
921	4
922	4
923	2
924	1
925	6
926	1
927	5
928	1
929	4
930	1
931	2
932	4
933	1
935	2
936	5
938	1
939	3
940	1
941	2
942	4
943	2
944	6
945	1
946	1
948	2
949	3
950	3
951	1
952	1
953	3
954	4
955	3
956	2
958	3
959	1
960	2
961	1
962	1
963	2
964	2
965	1
966	2
967	2
970	3
971	3
972	2
974	2
976	1
977	2
979	1
980	1
981	3
982	5
983	1
984	8
985	4
986	3
987	1
988	3
990	1
991	2
992	3
993	2
994	1
995	1
996	1
997	5
998	1
1000	1
1001	2
1002	3
1003	1
1004	2
1005	2
1006	1
1007	3
1008	1
1010	2
1011	1
1012	3
1014	1
1015	2
1017	4
1018	3
1020	2
1021	2
1022	2
1023	1
1024	5
1026	2
1027	2
1028	2
1029	1
1030	1
1031	6
1033	4
1034	4
1035	3
1036	3
1037	4
1038	1
1039	1
1040	1
1041	7
1042	2
1043	1
1044	2
1045	4
1046	2
1047	5
1048	2
1049	1
1050	2
1051	2
1052	3
1053	1
1055	3
1056	3
1057	1
1058	3
1060	4
1061	6
1062	1
1063	2
1064	4
1065	2
1068	1
1069	4
1071	1
1072	2
1073	4
1075	2
1076	2
1077	1
1079	2
1080	1
1081	2
1082	4
1084	2
1085	3
1086	3
1087	1
1088	3
1090	3
1093	3
1095	4
1096	2
1097	2
1099	3
1100	2
1101	3
1103	6
1104	2
1105	4
1106	5
1107	4
1108	2
1109	4
1110	2
1112	1
1113	2
1114	2
1115	1
1116	4
1117	1
1118	3
1119	7
1120	2
1121	2
1122	4
1123	2
1124	3
1125	3
1126	1
1127	4
1128	3
1130	4
1131	3
1132	2
1133	4
1134	4
1135	2
1136	1
1137	2
1138	2
1140	1
1141	1
1143	1
1144	1
1145	3
1146	1
1148	3
1149	2
1150	3
1151	2
1152	1
1153	3
1154	1
1155	1
1156	2
1157	1
1159	3
1160	4
1161	1
1162	1
1163	6
1164	5
1165	2
1166	5
1168	4
1169	2
1170	1
1171	6
1172	5
1173	2
1174	3
1175	3
1176	4
1177	3
1178	1
1180	3
1182	1
1183	1
1184	1
1185	2
1186	1
1187	4
1188	4
1189	3
1190	2
1191	2
1192	3
1194	1
1196	1
1197	2
1198	3
1200	2
1201	2
1202	1
1204	1
1205	1
1206	2
1207	1
1208	1
1209	2
1210	3
1211	2
1212	2
1213	3
1214	2
1215	5
1216	2
1217	5
1218	3
1219	3
1220	2
1221	5
1222	1
1223	2
1224	1
1225	2
1226	1
1227	2
1229	4
1230	1
1232	2
1233	2
1235	1
1237	1
1238	1
1240	3
1241	2
1242	5
1243	2
1244	1
1245	1
1246	2
1247	1
1248	2
1249	4
1250	1
1251	2
1253	1
1254	5
1255	3
1256	3
1257	1
1262	3
1263	1
1264	2
1265	3
1268	4
1269	2
1270	2
1272	2
1273	1
1274	3
1275	1
1276	1
1277	3
1278	4
1279	3
1280	1
1281	2
1282	4
1283	3
1284	2
1285	1
1286	2
1287	1
1288	3
1289	1
1290	4
1292	2
1293	2
1294	2
1295	2
1297	1
1298	4
1299	2
1300	1
1301	3
1302	3
1303	4
1304	2
1305	1
1306	5
1307	1
1308	1
1309	1
1310	1
1311	2
1313	6
1314	1
1315	4
1316	1
1317	3
1318	2
1319	2
1320	2
1321	2
1323	3
1324	2
1326	5
1328	2
1329	3
1330	2
1331	2
1332	1
1333	3
1334	3
1335	6
1336	3
1338	1
1339	3
1341	2
1342	5
1343	5
1344	3
1345	3
1346	1
1347	2
1348	1
1349	2
1350	3
1351	3
1352	2
1353	3
1354	1
1355	2
1357	5
1359	4
1360	4
1361	3
1362	2
1363	2
1364	4
1365	2
1366	2
1367	3
1368	1
1369	1
1370	4
1371	1
1372	2
1373	2
1374	3
1375	1
1376	3
1377	2
1378	3
1379	2
1380	1
1381	2
1382	5
1383	3
1384	3
1385	3
1387	5
1388	3
1389	2
1390	4
1391	2
1392	1
1393	5
1394	2
1395	2
1396	3
1397	5
1398	1
1400	5
1401	3
1402	2
1403	1
1404	1
1405	7
1406	2
1407	3
1408	2
1409	2
1410	1
1411	2
1412	1
1413	4
1414	3
1415	3
1416	3
1417	1
1418	2
1419	6
1420	4
1421	4
1422	3
1423	2
1425	6
1426	4
1427	1
1428	2
1429	3
1430	1
1431	1
1433	2
1434	4
1435	1
1436	2
1437	2
1438	3
1439	4
1440	2
1441	4
1442	4
1443	2
1444	2
1445	1
1446	5
1447	1
1448	2
1449	2
1450	3
1451	2
1454	1
1456	1
1457	2
1458	2
1459	4
1460	2
1461	2
1463	1
1464	3
1465	4
1466	3
1467	1
1468	2
1469	3
1470	3
1471	2
1472	1
1473	4
1474	3
1475	1
1476	5
1477	3
1478	1
1479	3
1480	2
1481	2
1483	3
1484	2
1485	3
1486	4
1489	1
1490	1
1491	1
1492	4
1493	1
1495	2
1496	1
1497	1
1498	1
1499	2
1500	2
1503	1
1504	3
1505	2
1506	1
1507	2
1508	2
1509	2
1510	3
1511	5
1512	1
1513	1
1514	1
1515	2
1516	7
1517	1
1518	4
1519	2
1520	2
1521	3
1522	2
1523	1
1524	1
1526	2
1527	2
1529	4
1530	2
1531	1
1532	5
1533	4
1534	2
1536	2
1537	5
1538	3
1539	4
1540	1
1541	1
1542	1
1543	1
1544	3
1545	2
1546	3
1547	2
1548	1
1549	2
1550	1
1551	1
1552	1
1553	3
1555	1
1556	1
1558	3
1559	1
1560	2
1561	4
1562	1
1563	3
1564	3
1565	2
1566	3
1567	4
1568	1
1569	1
1570	1
1572	5
1573	2
1574	4
1575	1
1576	1
1577	6
1578	2
1579	1
1580	5
1581	3
1582	3
1583	4
1584	1
1586	4
1587	2
1588	3
1589	3
1590	2
1591	1
1592	5
1593	2
1594	2
1595	2
1596	1
1597	4
1598	5
1599	2
1600	2
1601	1
1603	5
1604	2
1606	4
1607	4
1608	2
1609	6
1610	1
1611	4
1613	3
1614	2
1616	1
1617	1
1618	2
1619	4
1622	2
1623	2
1625	3
1627	5
1628	2
1629	1
1630	1
1631	3
1632	2
1634	2
1635	2
1636	2
1637	1
1638	1
1639	5
1640	2
1641	1
1642	1
1643	2
1644	1
1645	3
1647	3
1648	3
1649	1
1650	3
1651	2
1652	3
1654	2
1655	2
1656	4
1657	3
1659	4
1660	1
1661	2
1662	3
1663	3
1664	1
1665	3
1666	2
1667	3
1668	4
1670	1
1671	2
1672	1
1673	1
1674	2
1675	3
1676	2
1677	2
1678	2
1679	2
1680	3
1681	1
1682	4
1683	1
1684	4
1685	2
1686	2
1689	2
1690	3
1691	2
1692	2
1693	2
1694	2
1695	2
1696	3
1697	5
1698	2
1699	2
1700	2
1701	1
1702	1
1703	3
1704	3
1705	2
1706	4
1708	4
1709	1
1710	1
1711	5
1712	1
1713	1
1714	3
1715	5
1716	2
1717	2
1718	1
1719	1
1720	2
1721	3
1722	2
1723	2
1724	3
1725	2
1727	3
1728	3
1729	1
1730	1
1731	2
1732	1
1733	4
1734	3
1735	4
1736	2
1737	4
1738	1
1739	5
1740	1
1741	2
1742	2
1743	4
1744	1
1745	4
1746	3
1747	1
1749	5
1750	3
1751	3
1752	2
1753	2
1754	3
1756	2
1758	3
1759	3
1760	3
1762	1
1763	1
1764	3
1765	2
1766	2
1768	1
1769	2
1770	1
1771	3
1772	1
1773	3
1774	3
1776	4
1777	2
1778	1
1779	1
1780	5
1781	2
1782	1
1783	4
1784	1
1785	1
1786	1
1787	4
1788	2
1789	3
1790	3
1791	1
1792	1
1793	1
1794	3
1795	2
1796	3
1797	1
1798	1
1799	2
1801	1
1802	1
1803	2
1804	3
1805	2
1806	3
1807	5
1808	1
1809	1
1810	3
1811	4
1812	1
1813	3
1814	1
1815	2
1816	4
1817	4
1818	1
1820	1
1821	3
1822	3
1824	3
1825	2
1826	1
1827	4
1828	1
1829	4
1830	5
1831	1
1832	3
1833	6
1834	7
1835	1
1836	1
1837	1
1838	1
1840	1
1841	4
1842	3
1843	1
1844	4
1846	2
1847	2
1848	1
1849	3
1850	2
1851	4
1852	3
1853	2
1854	2
1855	3
1856	2
1857	3
1858	5
1859	3
1860	2
1861	1
1862	2
1863	1
1864	4
1865	2
1866	1
1867	1
1868	4
1869	1
1870	1
1871	2
1872	1
1873	1
1874	1
1875	3
1876	2
1877	2
1878	1
1879	2
1881	4
1882	2
1883	3
1884	4
1886	1
1887	1
1888	3
1889	1
1890	2
1891	2
1892	5
1893	1
1894	1
1895	1
1896	2
1897	2
1898	1
1899	1
1900	1
1901	2
1902	2
1904	3
1905	1
1906	3
1907	2
1909	3
1910	2
1911	1
1912	2
1914	5
1915	4
1916	2
1917	1
1918	2
1920	1
1921	1
1922	2
1923	1
1924	1
1926	1
1927	1
1928	4
1929	4
1932	2
1933	1
1935	2
1936	4
1937	4
1938	4
1939	5
1940	6
1941	5
1942	3
1943	3
1944	4
1945	1
1947	1
1948	2
1949	3
1950	1
1951	3
1952	2
1953	4
1954	1
1955	3
1956	2
1957	3
1958	1
1959	3
1960	6
1961	4
1962	5
1963	4
1964	2
1965	1
1966	1
1967	2
1968	1
1969	2
1970	5
1972	3
1973	4
1974	1
1975	5
1977	3
1978	1
1979	4
1980	2
1981	5
1982	5
1983	1
1984	1
1985	2
1986	2
1987	3
1988	3
1989	1
1990	4
1991	2
1992	3
1993	3
1994	2
1996	2
1997	2
1998	2
1999	2
2000	1
2001	1
2002	1
2003	2
2004	3
2005	3
2006	1
2007	2
2008	1
2009	2
2010	2
2011	1
2012	2
2013	6
2014	3
2015	1
2016	1
2017	1
2018	2
2019	3
2020	3
2021	1
2023	3
2024	3
2025	4
2026	3
2027	5
2028	1
2029	2
2030	1
2031	1
2032	1
2033	6
2034	3
2035	1
2036	2
2037	2
2038	3
2040	5
2041	1
2042	3
2043	2
2044	4
2045	1
2046	4
2047	3
2048	3
2049	2
2050	8
2051	1
2052	3
2053	2
2054	4
2055	3
2057	1
2058	2
2059	3
2060	2
2061	3
2062	1
2063	1
2064	4
2065	1
2066	2
2067	2
2068	1
2069	3
2070	1
2071	2
2072	3
2073	2
2074	2
2076	3
2077	1
2079	1
2080	1
2081	2
2082	1
2083	4
2084	1
2085	4
2086	2
2087	3
2088	4
2089	1
2090	2
2091	1
2092	4
2093	6
2094	4
2095	1
2096	2
2097	3
2098	2
2099	2
2100	3
2102	3
2103	2
2104	2
2105	2
2106	4
2107	1
2108	2
2109	1
2110	4
2111	3
2112	1
2113	1
2114	3
2115	3
2117	3
2119	4
2120	1
2121	6
2122	2
2123	3
2124	3
2126	1
2127	1
2128	1
2129	2
2130	1
2131	3
2132	1
2133	3
2134	4
2136	1
2137	1
2138	4
2139	2
2140	1
2141	3
2142	2
2143	4
2144	1
2145	2
2147	2
2148	2
2149	4
2150	2
2151	2
2152	3
2153	4
2154	1
2155	3
2156	2
2157	2
2158	1
2159	4
2160	2
2161	3
2162	2
2163	2
2164	4
2165	4
2166	7
2167	1
2168	1
2169	2
2170	1
2171	4
2172	1
2173	3
2174	3
2175	4
2177	2
2178	1
2179	3
2180	3
2181	1
2182	1
2183	3
2184	4
2185	1
2186	1
2187	1
2188	3
2189	1
2190	4
2191	3
2192	2
2193	3
2194	2
2195	5
2196	1
2197	3
2198	4
2199	1
2200	5
2201	2
2202	1
2203	2
2204	2
2206	4
2207	1
2208	2
2209	5
2210	2
2211	3
2212	3
2213	1
2214	2
2215	2
2217	2
2218	1
2219	2
2220	1
2221	3
2222	5
2223	1
2224	4
2225	1
2226	1
2227	2
2228	4
2230	5
2231	3
2232	2
2233	1
2234	2
2235	3
2237	6
2238	3
2239	2
2240	2
2241	1
2242	2
2243	3
2245	1
2246	1
2247	3
2248	1
2249	1
2250	2
2251	2
2252	1
2253	3
2254	1
2255	1
2256	2
2257	4
2258	5
2259	1
2260	5
2261	3
2262	1
2263	3
2264	2
2265	1
2266	1
2267	2
2268	3
2270	1
2271	2
2272	2
2274	4
2275	5
2276	2
2277	1
2279	1
2281	2
2282	1
2283	1
2284	2
2285	4
2286	4
2287	3
2288	4
2289	4
2290	2
2291	1
2292	2
2293	3
2294	4
2296	5
2297	3
2298	2
2299	2
2300	2
2301	3
2302	3
2303	4
2305	4
2307	2
2308	1
2309	1
2310	1
2312	3
2313	1
2314	2
2315	3
2316	2
2317	3
2318	3
2319	1
2320	5
2321	2
2322	2
2323	5
2324	2
2325	3
2326	3
2327	3
2328	2
2330	2
2331	3
2332	3
2333	2
2334	1
2336	2
2337	3
2338	1
2339	3
2341	2
2342	2
2343	3
2344	2
2345	1
2346	2
2347	1
2348	2
2349	2
2350	2
2351	3
2352	6
2353	3
2354	1
2355	3
2356	4
2357	1
2358	1
2359	1
2361	2
2362	3
2363	4
2364	5
2365	3
2366	4
2367	2
2369	4
2371	1
2372	2
2373	2
2374	2
2375	3
2376	3
2377	3
2378	3
2379	2
2380	1
2381	6
2382	1
2383	2
2384	2
2385	3
2386	3
2387	4
2388	3
2389	1
2390	1
2391	1
2392	2
2393	3
2394	3
2395	1
2396	4
2397	2
2398	2
2399	2
2401	1
2402	5
2404	3
2405	3
2406	3
2407	1
2408	4
2410	2
2411	3
2412	4
2413	1
2414	3
2415	1
2416	3
2417	2
2418	3
2419	2
2420	2
2421	2
2422	4
2423	1
2424	1
2425	1
2426	3
2427	3
2428	2
2429	3
2430	1
2432	4
2433	3
2434	2
2437	1
2438	2
2439	2
2440	4
2441	2
2442	2
2443	3
2444	4
2446	2
2447	2
2448	2
2450	3
2451	3
2452	1
2453	4
2454	1
2455	2
2456	3
2457	5
2458	1
2459	2
2460	1
2461	3
2462	1
2464	2
2465	1
2466	2
2467	3
2468	2
2469	1
2470	2
2471	2
2472	4
2473	2
2474	2
2475	1
2476	1
2477	2
2479	7
2480	4
2481	1
2483	1
2485	4
2486	2
2487	4
2491	1
2493	1
2495	5
2496	3
2497	2
2498	3
2499	4
2500	1
2501	2
2503	1
2504	5
2505	1
2506	4
2507	5
2508	2
2510	4
2511	1
2512	2
2513	2
2514	1
2515	3
2517	2
2518	1
2519	1
2520	6
2521	2
2523	5
2524	1
2525	1
2526	2
2527	2
2528	4
2529	1
2531	2
2532	3
2533	3
2534	2
2535	4
2536	1
2537	3
2538	3
2539	2
2542	2
2543	3
2545	3
2546	8
2547	4
2548	3
2549	2
2551	3
2552	3
2553	2
2554	2
2555	1
2556	1
2557	1
2558	1
2559	3
2561	2
2562	1
2563	5
2564	3
2565	2
2566	2
2567	3
2568	2
2569	2
2572	4
2573	3
2574	3
2576	1
2577	4
2578	1
2579	3
2580	3
2581	3
2582	2
2583	4
2584	4
2585	1
2586	3
2587	2
2588	3
2589	2
2590	2
2591	4
2592	1
2593	3
2594	2
2595	3
2596	2
2597	2
2598	1
2599	6
2600	2
2601	2
2602	4
2603	2
2604	4
2605	2
2606	2
2607	4
2608	2
2609	2
2610	2
2611	3
2612	2
2613	3
2614	3
2616	4
2618	4
2620	2
2621	4
2622	3
2623	1
2624	2
2625	3
2626	5
2628	4
2630	1
2631	2
2632	1
2633	3
2634	4
2635	2
2637	2
2638	1
2639	2
2640	2
2642	3
2643	5
2644	1
2645	3
2646	2
2647	2
2648	2
2650	2
2651	4
2652	2
2653	2
2654	1
2655	3
2656	1
2657	2
2658	3
2660	2
2661	5
2662	5
2663	4
2664	2
2665	3
2666	2
2667	2
2668	2
2669	1
2670	4
2671	1
2672	2
2673	2
2674	1
2676	5
2677	1
2678	3
2679	2
2680	2
2681	1
2683	3
2684	1
2685	2
2686	2
2687	5
2688	3
2689	1
2690	2
2692	3
2694	2
2695	2
2696	4
2697	3
2699	1
2700	3
2701	3
2702	6
2703	2
2704	1
2705	1
2706	4
2707	2
2708	3
2709	4
2710	5
2711	1
2712	2
2713	2
2714	2
2715	1
2716	1
2717	1
2718	4
2719	1
2721	4
2722	1
2723	2
2724	2
2725	2
2727	3
2728	2
2729	1
2730	2
2731	6
2732	2
2733	3
2734	3
2735	1
2736	1
2737	2
2738	2
2740	5
2741	4
2742	4
2743	2
2744	3
2745	4
2746	4
2747	4
2748	2
2751	2
2752	2
2753	5
2754	3
2755	4
2756	1
2757	2
2758	5
2759	1
2760	2
2761	1
2762	4
2763	5
2764	3
2765	2
2766	3
2767	2
2768	1
2769	1
2770	2
2771	2
2774	1
2775	1
2776	1
2777	1
2778	4
2779	7
2780	3
2781	1
2782	4
2783	1
2784	3
2785	3
2786	1
2787	3
2788	2
2789	4
2790	1
2791	2
2793	1
2794	1
2795	5
2797	1
2798	1
2799	1
2800	3
2801	3
2802	1
2803	2
2804	3
2805	4
2806	2
2807	3
2808	1
2809	1
2810	6
2811	2
2812	1
2813	4
2814	2
2816	3
2817	4
2819	1
2820	2
2821	2
2822	2
2823	1
2824	3
2826	3
2827	4
2828	2
2829	4
2830	2
2831	1
2832	3
2833	1
2834	1
2835	2
2836	1
2837	1
2838	3
2839	1
2840	2
2841	3
2843	3
2844	3
2845	2
2847	1
2848	3
2850	3
2851	6
2852	1
2853	7
2854	3
2855	2
2857	1
2858	3
2859	4
2861	1
2862	4
2863	2
2865	4
2866	1
2868	6
2869	1
2870	2
2871	4
2872	1
2873	4
2874	1
2875	2
2876	4
2877	4
2878	5
2879	4
2880	7
2881	3
2883	7
2884	3
2886	4
2887	2
2888	1
2889	2
2890	2
2891	2
2892	2
2893	3
2894	3
2895	1
2896	2
2898	2
2899	1
2900	3
2901	3
2902	3
2903	4
2904	3
2906	2
2907	6
2908	6
2909	2
2910	3
2913	3
2914	6
2915	2
2916	1
2917	3
2918	2
2919	4
2920	2
2921	1
2922	1
2923	1
2924	2
2925	1
2926	2
2927	1
2928	4
2929	3
2930	2
2931	1
2932	1
2933	2
2934	2
2935	4
2936	3
2937	1
2939	1
2940	3
2941	1
2942	2
2943	2
2944	3
2946	1
2947	2
2948	2
2949	1
2950	2
2951	4
2952	4
2954	2
2955	2
2956	4
2957	3
2958	3
2959	2
2960	2
2961	6
2962	2
2963	2
2965	4
2966	2
2967	3
2968	3
2969	2
2970	2
2971	2
2972	2
2973	1
2974	2
2975	1
2976	4
2977	1
2978	1
2979	2
2980	4
2981	2
2982	2
2983	2
2984	2
2985	2
2986	3
2987	4
2988	1
2989	2
2990	2
2991	1
2992	3
2993	2
2994	6
2995	1
2996	3
2997	5
2998	1
2999	2
3001	2
3002	4
3003	2
3004	4
3005	2
3006	3
3007	3
3008	3
3009	2
3010	3
3011	1
3013	1
3015	1
3016	1
3017	3
3018	2
3019	2
3020	3
3021	1
3022	3
3023	4
3024	3
3025	1
3026	8
3028	1
3029	2
3030	3
3032	5
3033	2
3034	3
3035	2
3036	3
3037	2
3038	3
3039	1
3040	2
3041	1
3042	2
3043	3
3044	1
3046	3
3047	3
3048	1
3049	2
3050	1
3051	1
3052	3
3053	3
3054	1
3056	6
3057	4
3059	1
3060	3
3061	1
3062	3
3063	3
3064	1
3065	1
3066	1
3067	2
3068	2
3070	3
3071	1
3072	5
3073	2
3074	1
3075	2
3076	2
3078	1
3079	1
3080	2
3082	2
3083	2
3084	2
3085	2
3086	4
3087	1
3088	4
3089	2
3090	3
3092	4
3094	3
3095	3
3096	5
3097	1
3098	2
3099	1
3100	2
3101	4
3102	5
3103	2
3104	2
3106	1
3107	3
3108	3
3109	3
3110	5
3111	2
3112	4
3113	1
3114	1
3115	2
3116	4
3117	4
3118	1
3119	2
3122	4
3123	1
3124	2
3126	2
3127	6
3128	1
3129	2
3130	3
3131	1
3133	2
3135	3
3136	2
3137	3
3138	2
3139	4
3140	2
3141	2
3142	2
3143	2
3144	3
3145	1
3146	1
3148	1
3149	4
3150	4
3151	3
3152	3
3153	5
3154	1
3155	1
3157	2
3158	3
3159	3
3160	3
3161	3
3162	3
3163	2
3165	1
3166	2
3167	1
3169	2
3170	1
3171	1
3172	2
3173	3
3174	1
3175	3
3176	4
3177	3
3178	1
3179	2
3180	3
3181	1
3184	2
3185	3
3186	2
3187	1
3188	1
3189	3
3190	1
3191	1
3192	2
3193	1
3194	2
3195	1
3196	6
3197	2
3198	2
3199	2
3200	1
3202	1
3203	5
3204	1
3206	3
3207	1
3208	4
3209	2
3210	1
3211	5
3212	2
3213	3
3214	2
3215	2
3218	1
3219	4
3220	1
3221	4
3222	4
3223	2
3224	2
3225	1
3226	1
3227	1
3228	4
3229	2
3230	6
3232	2
3233	1
3234	1
3235	3
3236	2
3237	1
3238	3
3239	2
3240	3
3241	3
3244	1
3245	3
3246	3
3247	2
3248	2
3249	4
3250	3
3251	1
3253	2
3254	3
3255	4
3256	2
3257	1
3258	3
3260	2
3261	1
3262	1
3263	1
3264	1
3265	4
3266	4
3267	1
3268	3
3269	3
3271	4
3272	2
3273	3
3274	1
3275	1
3276	5
3278	1
3279	3
3280	1
3281	1
3282	4
3283	2
3284	4
3285	1
3286	2
3287	3
3288	3
3289	2
3290	1
3291	3
3292	1
3293	3
3294	3
3295	2
3296	1
3297	3
3298	4
3299	2
3300	2
3301	2
3302	2
3303	2
3304	4
3305	1
3307	1
3309	2
3310	3
3311	1
3312	1
3313	1
3314	2
3315	1
3316	2
3317	2
3319	7
3320	1
3322	3
3323	4
3324	2
3325	1
3326	6
3327	1
3328	7
3329	5
3331	3
3332	1
3334	1
3335	4
3336	1
3337	5
3338	3
3339	5
3340	1
3341	2
3342	3
3343	2
3344	4
3345	2
3346	2
3347	6
3348	4
3349	4
3351	5
3352	1
3353	2
3354	1
3355	2
3356	2
3358	5
3359	3
3360	2
3361	1
3362	3
3363	3
3364	4
3365	1
3366	1
3367	2
3368	2
3369	2
3370	3
3372	2
3373	2
3374	5
3375	5
3376	1
3378	2
3379	4
3380	2
3381	3
3382	4
3383	4
3384	2
3385	1
3386	3
3387	3
3388	1
3389	2
3390	1
3391	3
3392	4
3393	4
3394	3
3395	2
3396	2
3397	3
3398	1
3399	4
3400	1
3401	1
3403	2
3404	1
3405	3
3406	3
3407	4
3408	1
3409	1
3410	3
3411	5
3412	2
3413	4
3414	2
3417	5
3418	2
3419	2
3421	3
3422	5
3423	4
3424	2
3425	3
3426	3
3427	6
3428	1
3429	3
3430	2
3431	3
3432	2
3433	2
3434	3
3435	1
3436	3
3437	2
3439	3
3440	1
3441	2
3442	7
3443	2
3444	1
3445	3
3446	4
3447	3
3448	4
3451	4
3453	1
3455	2
3456	2
3457	3
3458	1
3459	1
3460	2
3461	6
3462	2
3463	2
3464	1
3465	2
3466	2
3467	1
3468	1
3469	10
3470	1
3471	7
3472	5
3473	5
3474	3
3475	2
3476	1
3477	1
3478	3
3479	3
3480	3
3481	1
3482	1
3483	2
3484	2
3485	2
3486	5
3487	3
3488	7
3489	1
3491	3
3492	2
3493	3
3494	1
3495	2
3496	3
3497	1
3498	4
3499	1
3500	4
3501	1
3502	2
3503	2
3504	1
3505	1
3506	2
3507	1
3508	4
3509	3
3510	3
3512	2
3513	4
3514	4
3515	4
3516	1
3517	2
3518	2
3519	1
3520	4
3522	2
3523	2
3524	2
3525	6
3526	2
3528	4
3529	5
3530	1
3533	2
3534	2
3535	4
3536	4
3537	1
3538	2
3539	4
3540	3
3541	1
3542	5
3543	2
3544	1
3545	5
3546	4
3547	1
3548	5
3550	3
3551	4
3552	3
3553	4
3554	4
3555	2
3556	4
3557	2
3558	4
3559	4
3560	2
3561	1
3562	1
3564	1
3565	2
3566	1
3567	1
3568	1
3569	2
3570	3
3571	2
3572	2
3573	2
3574	6
3575	3
3576	2
3577	1
3578	1
3579	2
3580	3
3583	2
3584	8
3585	2
3586	3
3587	2
3588	4
3589	2
3590	1
3591	1
3593	2
3594	1
3595	3
3597	2
3598	4
3599	1
3600	4
3601	1
3602	4
3603	2
3604	4
3605	1
3606	3
3608	3
3609	1
3610	3
3611	2
3612	12
3613	2
3615	1
3617	2
3618	2
3619	2
3621	2
3622	1
3623	4
3625	1
3626	1
3627	1
3628	2
3629	3
3630	5
3631	1
3632	1
3633	4
3634	4
3635	1
3636	2
3637	1
3638	1
3639	1
3640	3
3641	4
3642	3
3643	3
3644	2
3645	4
3646	2
3647	1
3648	3
3649	2
3651	1
3652	2
3653	2
3654	1
3656	3
3657	3
3658	2
3659	2
3661	5
3662	3
3663	2
3664	2
3665	3
3666	2
3668	3
3669	1
3670	1
3671	3
3673	4
3674	2
3675	1
3676	3
3677	3
3679	3
3680	3
3681	1
3682	3
3684	3
3685	3
3686	3
3687	4
3688	3
3689	1
3690	4
3691	1
3692	3
3693	1
3694	2
3695	3
3696	1
3698	1
3699	4
3700	9
3701	1
3702	6
3703	2
3704	6
3705	4
3706	2
3708	4
3709	1
3710	2
3711	1
3712	3
3713	2
3714	1
3716	4
3717	3
3718	1
3719	4
3720	3
3721	3
3722	1
3723	2
3724	2
3725	1
3726	2
3727	2
3728	5
3729	3
3731	3
3732	2
3733	1
3736	1
3738	3
3739	3
3740	3
3741	2
3742	2
3743	3
3744	3
3745	3
3746	4
3747	2
3748	2
3749	3
3750	2
3751	1
3752	2
3753	1
3754	2
3755	2
3756	4
3757	4
3758	1
3759	2
3760	2
3761	2
3762	2
3763	2
3764	1
3765	3
3767	1
3768	3
3769	5
3770	1
3771	4
3772	1
3773	2
3774	2
3775	5
3776	2
3777	3
3778	4
3779	2
3780	2
3781	3
3782	2
3783	2
3784	2
3785	3
3786	2
3788	3
3789	1
3790	3
3791	1
3792	2
3793	2
3794	1
3795	4
3797	5
3798	3
3799	2
3800	2
3801	3
3802	5
3803	4
3804	2
3805	2
3806	1
3807	1
3808	1
3809	4
3810	2
3811	2
3812	3
3813	2
3814	1
3815	3
3816	3
3817	2
3818	5
3819	3
3820	1
3821	2
3822	4
3824	2
3826	2
3827	1
3828	2
3829	1
3830	1
3831	2
3832	2
3833	3
3834	3
3835	1
3836	2
3837	1
3838	4
3839	2
3840	2
3841	5
3842	4
3844	2
3845	2
3846	1
3847	2
3848	2
3849	2
3850	1
3851	1
3852	2
3853	2
3854	2
3855	1
3856	1
3857	4
3860	1
3861	1
3862	3
3863	3
3864	3
3865	6
3866	3
3867	1
3868	4
3869	2
3870	3
3872	1
3873	3
3875	2
3876	2
3877	2
3878	1
3879	1
3880	2
3881	4
3882	4
3883	1
3884	1
3886	2
3887	3
3888	2
3889	4
3890	1
3891	3
3892	2
3893	1
3894	4
3895	1
3896	4
3898	2
3900	1
3901	1
3902	2
3903	1
3904	2
3905	2
3906	4
3907	4
3908	2
3909	1
3910	2
3911	2
3912	1
3913	1
3914	4
3917	2
3918	1
3919	1
3920	3
3921	1
3922	3
3923	3
3925	1
3926	3
3927	4
3928	4
3929	1
3930	1
3931	3
3934	1
3935	3
3936	5
3937	5
3938	4
3939	6
3941	3
3942	3
3943	3
3944	3
3945	2
3946	2
3947	5
3948	1
3949	4
3950	3
3951	1
3952	1
3953	2
3954	2
3955	3
3956	1
3957	2
3958	2
3959	2
3960	1
3963	1
3964	1
3965	3
3966	1
3967	5
3968	3
3969	1
3970	1
3971	1
3974	4
3975	2
3976	5
3978	1
3979	3
3980	3
3981	1
3983	1
3984	3
3985	1
3986	2
3987	2
3988	2
3989	4
3990	3
3991	4
3992	4
3993	4
3994	3
3995	3
3996	1
3998	2
3999	4
4000	4
4001	1
4002	1
4003	2
4004	3
4005	2
4006	4
4008	6
4009	2
4010	3
4011	2
4012	4
4013	1
4014	2
4015	2
4016	1
4017	1
4018	2
4019	4
4020	1
4021	2
4023	4
4024	1
4025	3
4026	4
4028	3
4029	2
4030	3
4031	3
4032	3
4033	1
4034	5
4035	1
4038	2
4039	1
4040	1
4041	4
4042	3
4043	2
4044	3
4045	1
4046	5
4047	1
4048	2
4049	3
4050	1
4051	2
4052	1
4053	5
4054	1
4055	1
4056	2
4057	1
4058	1
4059	4
4060	2
4061	3
4062	1
4063	1
4064	3
4065	1
4066	3
4067	5
4068	5
4069	4
4070	2
4071	2
4072	3
4074	5
4075	1
4076	3
4077	1
4078	1
4080	1
4081	3
4082	2
4083	1
4084	3
4085	1
4086	4
4087	2
4088	3
4090	1
4091	3
4092	2
4093	4
4095	2
4096	4
4097	3
4098	3
4099	2
4103	1
4104	4
4106	2
4107	2
4108	1
4109	4
4110	2
4111	2
4112	1
4113	2
4114	4
4115	2
4116	1
4118	2
4119	3
4120	1
4121	3
4122	3
4124	1
4125	7
4126	2
4127	2
4128	3
4129	4
4130	2
4132	5
4133	1
4134	2
4135	3
4136	3
4137	4
4138	2
4139	1
4140	2
4141	3
4142	1
4143	1
4144	3
4145	2
4146	1
4147	1
4148	4
4149	2
4150	2
4151	4
4152	5
4153	1
4154	2
4155	4
4157	1
4158	1
4159	1
4160	1
4162	1
4164	4
4165	2
4166	2
4167	5
4168	2
4169	4
4170	2
4171	1
4172	2
4173	2
4175	1
4176	3
4177	1
4178	2
4179	2
4180	1
4181	3
4182	7
4183	3
4184	1
4185	1
4186	3
4188	2
4189	1
4190	4
4191	4
4192	2
4193	1
4194	4
4195	3
4196	2
4199	1
4200	3
4202	3
4203	3
4204	3
4205	2
4206	1
4207	2
4208	2
4209	2
4210	3
4211	2
4212	1
4213	1
4218	1
4219	1
4220	3
4221	1
4222	4
4223	3
4224	1
4225	2
4226	3
4227	3
4228	1
4229	3
4230	1
4231	2
4232	6
4233	3
4234	1
4235	6
4236	2
4237	3
4238	1
4239	2
4240	2
4241	2
4242	2
4243	5
4244	4
4245	2
4246	3
4247	6
4248	1
4249	3
4250	1
4251	2
4252	3
4253	2
4254	1
4256	4
4257	1
4258	1
4259	4
4260	6
4261	1
4262	2
4263	1
4264	2
4265	4
4266	4
4267	2
4268	1
4269	2
4270	2
4271	2
4272	1
4273	2
4274	4
4275	3
4276	5
4277	5
4278	3
4279	2
4280	1
4281	2
4283	1
4284	3
4285	3
4289	1
4290	1
4291	2
4294	4
4295	3
4296	2
4297	1
4298	1
4299	2
4300	1
4301	2
4302	1
4303	3
4304	4
4305	5
4306	3
4307	2
4308	2
4309	4
4310	3
4312	1
4313	2
4314	1
4315	3
4316	4
4317	1
4318	2
4319	2
4320	2
4321	1
4322	1
4324	5
4325	3
4326	2
4327	3
4328	2
4329	2
4330	5
4331	1
4332	2
4333	1
4334	2
4335	1
4336	3
4337	2
4339	1
4340	3
4341	4
4342	4
4343	3
4344	1
4345	5
4346	1
4347	1
4349	3
4350	1
4351	4
4352	1
4353	2
4354	1
4355	5
4357	1
4358	4
4361	5
4362	1
4363	1
4364	2
4365	5
4368	1
4369	1
4371	1
4372	2
4373	2
4374	1
4375	2
4378	2
4379	2
4380	2
4381	5
4382	3
4383	1
4384	2
4385	2
4386	1
4387	4
4388	3
4389	1
4390	2
4391	1
4392	4
4393	2
4394	3
4395	1
4396	1
4397	5
4398	1
4399	1
4400	1
4401	2
4402	4
4403	2
4404	3
4405	1
4406	1
4407	3
4408	1
4409	1
4410	2
4411	2
4412	1
4413	3
4414	2
4415	1
4416	4
4417	2
4418	4
4419	2
4420	3
4422	5
4423	6
4424	1
4425	2
4426	1
4427	3
4428	4
4429	1
4430	4
4432	2
4433	2
4434	2
4435	5
4436	3
4437	3
4439	3
4440	5
4441	1
4442	2
4443	1
4444	1
4445	3
4446	2
4447	3
4448	3
4449	4
4450	1
4451	4
4452	2
4453	3
4454	1
4455	1
4456	5
4457	5
4458	2
4459	4
4460	1
4461	4
4462	2
4463	4
4464	3
4465	3
4466	4
4467	2
4468	1
4469	1
4471	2
4472	2
4473	7
4474	5
4475	1
4476	6
4477	2
4478	4
4479	5
4480	2
4481	3
4482	4
4483	1
4484	1
4485	4
4487	1
4488	3
4489	1
4490	3
4491	4
4492	6
4493	3
4494	2
4495	3
4496	1
4497	1
4498	1
4499	3
4500	2
4501	1
4502	6
4504	1
4505	2
4507	2
4508	2
4509	3
4510	6
4511	2
4512	4
4514	2
4515	5
4516	2
4517	1
4518	2
4520	1
4521	3
4522	5
4523	2
4524	2
4525	4
4526	3
4527	1
4528	1
4529	2
4530	2
4531	1
4532	6
4533	2
4534	2
4535	4
4536	2
4537	3
4538	2
4539	2
4540	2
4541	1
4542	1
4543	3
4544	1
4545	2
4546	2
4547	3
4548	3
4549	5
4550	2
4551	5
4552	1
4554	2
4555	2
4557	1
4558	1
4559	2
4560	1
4561	1
4562	1
4563	4
4564	1
4565	2
4566	2
4569	2
4570	4
4571	1
4572	2
4573	3
4574	1
4575	5
4578	4
4579	6
4580	5
4582	5
4583	3
4584	1
4585	7
4586	1
4587	1
4589	2
4590	1
4592	2
4593	2
4594	5
4595	3
4596	4
4597	1
4598	1
4600	5
4601	5
4602	1
4603	3
4604	2
4605	1
4606	1
4607	1
4608	2
4609	1
4610	3
4612	1
4613	1
4614	3
4616	1
4617	2
4620	5
4621	1
4622	3
4623	4
4624	3
4625	1
4626	3
4627	3
4628	2
4629	3
4630	4
4631	2
4632	1
4634	3
4635	1
4636	7
4637	2
4638	2
4640	1
4641	2
4642	2
4643	2
4644	1
4645	3
4646	1
4648	1
4649	2
4650	1
4651	1
4652	2
4653	4
4654	3
4655	1
4656	6
4657	3
4658	4
4659	2
4660	3
4661	1
4662	4
4663	3
4664	2
4665	2
4666	2
4667	5
4668	3
4669	1
4670	1
4671	1
4672	4
4673	2
4674	2
4675	1
4676	2
4677	1
4678	2
4679	2
4680	3
4681	2
4682	2
4684	4
4685	2
4686	4
4687	2
4688	4
4689	3
4690	2
4691	1
4692	4
4693	2
4695	2
4696	1
4697	3
4698	1
4699	4
4700	2
4703	1
4704	2
4705	5
4706	2
4707	3
4708	4
4709	3
4711	3
4712	2
4713	3
4714	4
4716	1
4717	1
4719	4
4720	3
4722	4
4723	4
4724	1
4725	1
4726	1
4727	1
4728	2
4729	3
4730	3
4731	3
4732	2
4733	1
4734	5
4735	1
4736	2
4737	3
4738	3
4739	3
4740	4
4741	6
4742	5
4743	1
4744	1
4745	1
4746	3
4747	2
4748	2
4749	1
4750	1
4751	3
4752	4
4753	3
4754	2
4755	4
4756	1
4757	8
4758	1
4761	4
4762	2
4764	2
4765	1
4766	3
4767	2
4768	1
4770	2
4771	3
4772	3
4773	2
4774	2
4777	3
4778	2
4779	4
4780	2
4781	1
4782	4
4783	3
4784	3
4785	4
4786	4
4788	1
4789	2
4790	2
4791	1
4793	1
4794	3
4795	3
4797	1
4799	5
4800	2
4801	3
4802	3
4804	3
4805	2
4806	1
4807	2
4808	4
4809	1
4810	3
4811	1
4812	1
4814	2
4815	1
4816	2
4817	4
4818	1
4819	2
4820	2
4821	3
4822	2
4823	4
4824	6
4825	2
4826	1
4827	1
4828	2
4829	1
4830	3
4831	1
4832	4
4833	1
4834	2
4835	3
4836	4
4837	3
4840	1
4841	3
4842	4
4843	2
4844	2
4845	3
4846	2
4847	1
4848	2
4849	1
4850	1
4852	1
4853	1
4854	4
4855	3
4856	1
4857	2
4858	1
4859	1
4860	4
4861	2
4862	6
4863	5
4864	4
4865	4
4866	1
4867	3
4868	3
4869	4
4870	3
4872	2
4873	4
4874	1
4875	1
4876	3
4877	5
4878	3
4879	1
4880	2
4881	2
4882	1
4883	5
4884	3
4885	1
4886	2
4887	2
4888	3
4890	2
4891	2
4893	2
4894	2
4895	2
4896	2
4897	1
4899	2
4900	3
4901	2
4902	1
4903	3
4904	1
4905	1
4907	1
4908	2
4909	3
4910	3
4911	2
4912	5
4913	1
4914	2
4915	2
4916	5
4917	4
4918	1
4919	3
4920	2
4921	1
4922	2
4923	2
4924	1
4925	2
4926	2
4927	1
4928	2
4929	5
4931	2
4932	2
4933	2
4934	4
4935	2
4937	2
4938	4
4939	2
4940	2
4942	3
4944	2
4945	1
4947	1
4948	1
4949	1
4950	4
4951	3
4952	1
4953	2
4954	1
4955	1
4956	2
4957	3
4959	1
4960	1
4961	4
4962	4
4963	2
4965	2
4966	3
4967	1
4968	3
4969	4
4970	3
4971	1
4973	3
4974	1
4975	1
4976	2
4977	2
4978	1
4979	2
4980	1
4981	4
4983	1
4984	2
4985	1
4986	2
4987	1
4988	1
4989	1
4991	4
4992	3
4993	1
4994	1
4995	3
4996	4
4997	4
4998	2
4999	4
5000	1
5001	1
5002	2
5003	3
5004	1
5005	1
5006	4
5007	3
5008	4
5009	3
5010	4
5011	4
5012	1
5013	2
5014	2
5015	2
5016	4
5017	5
5018	2
5019	3
5021	4
5022	3
5024	2
5026	2
5027	3
5028	1
5029	3
5030	3
5031	4
5032	2
5033	2
5034	1
5035	2
5036	1
5037	2
5038	1
5040	1
5042	1
5043	1
5045	3
5046	1
5047	2
5048	3
5049	4
5051	2
5052	2
5053	2
5055	1
5056	1
5058	3
5059	2
5060	1
5061	1
5062	3
5063	1
5064	2
5065	2
5066	1
5067	2
5068	2
5069	1
5070	1
5071	3
5072	4
5073	2
5074	2
5075	2
5076	1
5077	4
5078	1
5079	3
5080	5
5081	2
5082	2
5083	3
5084	1
5085	1
5086	2
5087	1
5088	4
5090	2
5091	4
5092	4
5093	1
5094	2
5095	3
5096	4
5097	1
5098	1
5099	3
5100	1
5101	3
5102	2
5103	1
5104	2
5105	4
5106	3
5107	3
5108	4
5109	2
5110	2
5111	2
5112	2
5113	2
5114	4
5115	2
5116	5
5117	2
5118	3
5119	1
5120	2
5121	2
5122	5
5123	2
5124	1
5126	2
5127	3
5128	5
5129	2
5130	2
5131	1
5132	5
5133	3
5134	3
5135	3
5136	2
5138	3
5139	5
5140	1
5141	3
5142	2
5143	2
5144	3
5145	4
5147	3
5148	4
5151	5
5152	1
5153	4
5154	2
5155	4
5156	3
5157	3
5158	2
5159	2
5160	2
5161	2
5162	2
5164	3
5165	4
5166	5
5167	7
5168	2
5169	2
5170	2
5171	2
5172	3
5173	6
5176	2
5177	3
5178	2
5179	2
5180	3
5181	1
5182	1
5183	2
5184	3
5185	1
5186	2
5187	2
5188	1
5189	1
5190	3
5191	5
5192	3
5193	3
5194	3
5195	5
5196	5
5197	3
5198	1
5199	2
5200	2
5201	3
5202	1
5204	2
5205	1
5206	2
5207	2
5208	3
5209	3
5210	3
5211	2
5212	2
5213	1
5214	3
5215	4
5216	2
5217	2
5218	1
5219	3
5220	3
5221	1
5222	4
5223	3
5224	1
5225	6
5226	2
5227	3
5228	1
5229	3
5230	1
5232	3
5233	4
5234	1
5236	2
5237	2
5238	4
5239	1
5240	2
5241	4
5243	6
5244	1
5245	3
5247	2
5250	3
5251	2
5252	3
5253	3
5254	5
5255	2
5256	1
5257	2
5258	6
5259	3
5260	4
5262	1
5263	1
5264	4
5265	1
5266	1
5267	1
5268	1
5270	1
5271	2
5272	1
5273	2
5274	1
5275	3
5276	2
5278	2
5279	4
5280	3
5281	3
5282	3
5283	2
5284	1
5285	4
5287	2
5289	2
5290	2
5291	1
5292	1
5293	4
5294	1
5295	1
5296	1
5297	2
5298	3
5299	4
5300	2
5301	1
5302	4
5303	2
5304	1
5305	1
5306	3
5307	6
5308	3
5309	1
5310	1
5311	3
5312	3
5313	3
5314	3
5315	1
5316	3
5317	2
5318	3
5319	5
5320	3
5321	1
5323	1
5324	3
5325	2
5326	3
5327	2
5328	1
5329	5
5330	1
5331	1
5333	5
5334	1
5335	1
5336	3
5337	2
5339	3
5340	3
5341	3
5342	1
5343	1
5344	1
5345	5
5346	2
5347	4
5348	3
5349	3
5350	1
5351	1
5352	1
5353	1
5354	2
5355	3
5356	2
5357	5
5359	4
5360	3
5361	1
5362	2
5363	1
5364	4
5365	2
5366	3
5367	2
5368	4
5369	2
5370	4
5371	3
5372	1
5373	4
5374	2
5375	5
5376	1
5377	5
5378	6
5379	2
5380	4
5382	2
5383	2
5384	1
5386	3
5387	2
5388	3
5390	1
5391	3
5392	1
5394	1
5395	4
5396	4
5399	5
5400	4
5401	4
5402	1
5403	2
5404	4
5405	3
5406	1
5407	6
5408	2
5409	2
5411	1
5412	2
5413	2
5414	2
5415	2
5416	1
5417	2
5418	1
5419	1
5421	3
5422	1
5424	2
5425	4
5426	1
5427	5
5428	3
5429	2
5430	1
5431	4
5432	1
5433	3
5434	1
5435	3
5437	8
5438	3
5439	4
5440	2
5441	3
5442	5
5443	2
5444	1
5446	2
5447	2
5448	2
5449	5
5451	2
5453	4
5454	4
5455	2
5457	2
5458	3
5459	3
5460	2
5461	1
5462	2
5463	3
5466	3
5467	2
5468	3
5469	4
5470	2
5471	4
5472	3
5474	3
5475	1
5476	1
5477	2
5478	1
5479	4
5480	2
5481	3
5482	4
5483	3
5485	1
5486	4
5487	2
5488	1
5489	2
5490	3
5491	2
5492	1
5493	3
5495	2
5497	5
5498	4
5499	3
5500	1
5501	1
5502	1
5503	2
5504	5
5506	4
5507	3
5508	2
5509	1
5510	1
5511	2
5512	2
5513	5
5514	4
5516	2
5517	2
5518	4
5519	2
5520	2
5521	2
5522	1
5525	3
5527	3
5528	1
5529	4
5530	4
5531	2
5532	1
5533	1
5534	4
5535	1
5536	3
5537	1
5539	4
5540	3
5541	1
5542	6
5544	3
5545	5
5546	5
5547	1
5548	3
5549	2
5550	3
5551	3
5552	2
5553	1
5554	3
5555	3
5556	2
5557	2
5558	1
5559	3
5560	3
5561	4
5562	5
5563	1
5564	2
5565	2
5566	4
5567	2
5568	4
5570	1
5572	4
5573	2
5574	2
5575	2
5576	1
5577	3
5578	3
5579	1
5580	4
5581	3
5582	2
5583	4
5584	2
5585	2
5586	2
5587	3
5588	4
5589	2
5590	5
5591	2
5592	3
5593	3
5594	2
5595	1
5596	3
5597	2
5599	2
5600	2
5601	3
5602	3
5603	5
5604	3
5605	3
5606	3
5607	3
5608	1
5609	2
5610	3
5611	3
5612	2
5613	2
5614	2
5615	2
5616	2
5617	3
5620	3
5621	3
5622	1
5623	3
5624	4
5625	1
5626	4
5627	1
5628	3
5629	6
5630	2
5631	5
5632	4
5633	1
5635	1
5636	2
5637	2
5638	3
5639	1
5640	4
5642	3
5643	1
5644	1
5645	3
5646	2
5647	2
5648	4
5649	3
5650	1
5651	1
5652	3
5653	2
5654	3
5655	2
5656	3
5657	1
5658	1
5660	4
5661	1
5662	2
5663	1
5664	2
5665	3
5667	7
5669	2
5670	3
5671	3
5672	3
5674	3
5675	1
5676	4
5677	3
5678	3
5679	2
5680	3
5681	3
5682	3
5683	1
5684	3
5685	3
5686	6
5687	5
5688	1
5689	3
5690	2
5691	4
5692	1
5694	2
5695	5
5696	1
5697	3
5699	1
5700	2
5701	4
5702	3
5703	3
5704	2
5705	2
5706	3
5707	4
5708	2
5709	2
5711	3
5712	2
5713	2
5714	1
5715	2
5716	4
5717	5
5718	1
5719	3
5721	1
5722	3
5723	2
5724	4
5725	1
5726	2
5727	3
5728	3
5729	2
5730	3
5731	1
5733	3
5734	1
5735	1
5736	4
5737	4
5738	3
5739	1
5740	1
5741	2
5742	3
5743	3
5744	1
5745	1
5746	4
5747	2
5748	4
5749	1
5750	1
5751	2
5752	1
5753	2
5754	3
5755	3
5756	1
5757	4
5758	4
5759	2
5760	2
5761	4
5762	2
5763	3
5764	3
5765	2
5766	4
5767	4
5768	4
5769	6
5771	6
5772	5
5773	4
5774	2
5775	1
5776	2
5777	5
5778	2
5779	2
5780	1
5781	3
5782	1
5783	5
5784	3
5785	3
5786	3
5787	5
5788	1
5789	2
5790	4
5791	1
5792	1
5793	3
5794	2
5795	1
5796	4
5798	3
5799	3
5801	3
5802	3
5803	3
5804	1
5806	3
5807	4
5808	1
5810	2
5811	2
5813	1
5814	3
5815	4
5816	1
5817	3
5818	4
5819	1
5820	1
5821	1
5822	1
5823	2
5825	1
5826	4
5828	3
5829	6
5830	3
5831	2
5832	1
5833	6
5834	2
5836	6
5837	3
5838	3
5840	6
5842	3
5843	4
5844	1
5845	1
5846	1
5847	1
5848	2
5849	5
5850	1
5851	2
5852	2
5853	4
5854	2
5855	3
5856	2
5857	1
5858	2
5859	2
5860	1
5861	2
5862	4
5864	3
5865	2
5866	1
5868	1
5870	3
5871	1
5872	1
5873	3
5874	2
5875	4
5876	3
5878	1
5879	3
5880	2
5881	6
5882	5
5883	1
5884	4
5885	3
5886	1
5887	7
5888	2
5889	2
5890	3
5891	2
5892	3
5893	5
5894	3
5895	1
5896	1
5897	3
5898	3
5899	2
5900	3
5901	3
5903	1
5904	3
5905	4
5906	3
5908	1
5909	5
5910	4
5911	4
5913	1
5915	3
5916	2
5917	1
5919	2
5920	2
5921	3
5922	2
5924	3
5925	3
5926	1
5927	3
5929	2
5930	1
5931	2
5932	2
5933	4
5934	2
5935	4
5936	4
5937	1
5938	4
5941	3
5942	3
5943	2
5944	1
5945	3
5946	3
5947	6
5948	1
5949	1
5950	2
5951	3
5952	2
5953	1
5954	1
5955	3
5956	3
5957	2
5959	2
5960	3
5961	1
5963	2
5964	1
5965	3
5966	2
5968	5
5969	3
5970	3
5971	4
5972	3
5976	4
5980	4
5981	1
5982	2
5984	3
5985	5
5986	2
5987	1
5988	1
5989	2
5990	1
5991	1
5992	4
5993	2
5994	1
5996	6
5997	2
5999	3
6000	2
6001	1
6002	4
6003	1
6004	1
6005	1
6006	2
6007	2
6008	1
6009	3
6010	2
6013	4
6014	2
6015	4
6016	3
6017	3
6018	4
6019	3
6020	3
6021	4
6022	2
6023	2
6024	1
6026	1
6028	1
6029	4
6030	2
6031	1
6033	1
6034	4
6035	3
6036	5
6037	3
6038	1
6039	5
6040	1
6041	1
6042	1
6043	6
6044	4
6045	4
6046	4
6047	3
6048	3
6050	2
6051	2
6052	3
6053	3
6054	2
6055	2
6056	4
6059	2
6060	2
6062	5
6063	1
6064	3
6065	2
6066	3
6067	3
6068	4
6069	1
6070	2
6071	1
6072	1
6073	1
6074	4
6075	4
6076	2
6077	2
6078	2
6079	1
6080	3
6081	1
6082	2
6083	1
6084	1
6085	4
6086	1
6087	2
6088	5
6089	2
6090	2
6091	4
6093	2
6094	4
6095	1
6096	1
6097	1
6098	1
6099	3
6101	3
6103	1
6104	4
6106	2
6107	2
6108	4
6109	3
6110	2
6111	3
6112	2
6113	1
6114	1
6115	3
6116	1
6117	5
6118	4
6119	2
6120	2
6121	2
6122	2
6123	2
6124	2
6125	3
6126	1
6127	3
6128	1
6129	6
6130	3
6131	1
6132	3
6133	2
6134	1
6135	1
6136	1
6137	6
6138	3
6139	3
6140	2
6141	1
6142	2
6143	1
6144	2
6145	4
6146	6
6147	2
6148	2
6149	5
6150	4
6151	3
6152	4
6154	1
6155	3
6156	3
6157	1
6158	2
6159	5
6160	1
6162	1
6164	1
6165	1
6166	1
6167	2
6168	1
6170	3
6174	1
6175	1
6176	3
6177	3
6178	3
6179	1
6180	1
6181	2
6182	2
6183	2
6184	3
6185	5
6186	1
6187	2
6188	2
6189	4
6190	3
6191	1
6192	2
6193	2
6194	2
6196	4
6197	1
6199	3
6200	4
6201	4
6202	1
6203	1
6204	4
6205	1
6206	2
6207	3
6209	3
6210	1
6211	1
6212	2
6213	4
6215	3
6216	2
6217	1
6218	2
6219	1
6220	1
6221	4
6222	1
6223	4
6224	3
6225	3
6226	1
6227	4
6228	3
6229	1
6230	1
6232	3
6233	1
6234	1
6235	4
6237	2
6238	3
6240	3
6241	1
6242	2
6243	1
6244	3
6245	1
6246	1
6247	5
6248	1
6250	2
6252	3
6253	1
6254	1
6255	3
6256	2
6257	1
6258	4
6259	1
6260	1
6261	5
6262	3
6263	2
6264	1
6266	2
6268	3
6269	3
6270	2
6271	5
6272	1
6273	2
6274	3
6275	3
6276	4
6279	2
6281	4
6282	5
6283	1
6284	1
6285	3
6286	4
6287	2
6288	3
6289	2
6290	4
6291	3
6292	1
6293	4
6294	2
6296	1
6297	2
6298	2
6299	3
6300	2
6301	2
6302	2
6303	3
6304	1
6305	1
6306	3
6307	1
6308	3
6309	2
6310	4
6311	1
6312	4
6313	1
6314	2
6315	2
6316	3
6318	1
6319	2
6320	5
6321	1
6322	2
6323	6
6324	3
6325	3
6326	3
6327	3
6328	1
6330	2
6331	6
6332	4
6333	3
6334	3
6335	3
6336	2
6338	1
6339	1
6340	2
6341	1
6343	3
6344	4
6345	5
6346	6
6347	3
6348	2
6349	2
6350	2
6351	4
6352	2
6353	1
6354	1
6355	1
6356	1
6357	4
6358	2
6359	1
6360	3
6361	3
6362	4
6363	2
6364	2
6365	1
6366	4
6367	2
6368	2
6369	5
6370	1
6371	3
6372	4
6373	2
6374	1
6375	2
6376	2
6378	2
6379	2
6380	2
6381	5
6382	2
6384	1
6385	5
6386	2
6387	2
6388	2
6389	2
6390	2
6391	3
6392	5
6393	1
6394	4
6395	2
6396	1
6397	1
6398	3
6399	1
6400	1
6401	1
6402	2
6403	2
6404	2
6405	1
6406	2
6407	1
6408	2
6409	3
6410	2
6411	1
6412	3
6413	2
6414	4
6416	3
6417	1
6418	3
6419	2
6421	2
6422	2
6424	1
6425	3
6426	1
6427	3
6428	3
6429	1
6430	4
6431	3
6432	2
6433	1
6434	1
6435	4
6436	3
6437	2
6438	3
6439	4
6440	1
6441	2
6442	1
6443	3
6444	1
6445	2
6446	4
6447	5
6448	4
6449	2
6450	1
6451	5
6452	2
6453	3
6454	3
6455	1
6456	2
6457	1
6458	6
6459	3
6460	3
6461	1
6462	2
6464	4
6465	1
6467	1
6470	1
6471	3
6472	1
6473	1
6474	3
6475	2
6476	1
6477	4
6478	2
6479	3
6480	5
6481	1
6482	1
6483	1
6484	3
6486	1
6488	1
6489	3
6490	3
6491	2
6492	6
6493	3
6494	1
6495	2
6496	2
6497	1
6498	2
6499	1
6500	1
6501	5
6502	7
6504	3
6505	1
6506	2
6507	1
6508	2
6509	3
6510	5
6513	2
6514	2
6515	1
6516	4
6518	2
6519	3
6520	3
6523	4
6525	3
6526	2
6527	3
6530	3
6531	2
6532	2
6533	2
6535	2
6536	4
6537	1
6538	2
6540	3
6541	2
6542	2
6543	3
6544	1
6545	5
6547	3
6548	3
6549	2
6550	3
6551	2
6552	1
6553	3
6554	2
6555	3
6556	4
6557	4
6558	1
6559	1
6560	1
6561	4
6562	2
6563	4
6564	1
6566	3
6567	1
6569	2
6570	1
6571	1
6572	2
6573	4
6574	1
6576	2
6578	1
6579	2
6580	5
6581	3
6583	3
6584	3
6586	3
6587	1
6588	2
6589	1
6590	2
6591	3
6592	1
6593	1
6594	3
6595	2
6596	2
6597	1
6598	2
6600	1
6601	1
6602	3
6603	3
6604	6
6607	3
6608	3
6609	2
6610	7
6611	1
6612	3
6613	1
6616	4
6617	3
6618	2
6619	1
6620	6
6621	3
6622	1
6624	5
6625	2
6626	6
6627	2
6628	2
6629	2
6630	2
6631	3
6632	3
6633	4
6634	3
6635	1
6636	5
6637	3
6639	4
6641	4
6642	4
6644	2
6645	4
6646	1
6647	2
6648	2
6649	2
6650	2
6651	2
6652	1
6653	4
6654	2
6655	6
6657	3
6658	3
6659	1
6660	5
6661	4
6662	3
6663	2
6664	1
6665	1
6667	3
6668	2
6669	2
6670	2
6671	4
6672	4
6673	3
6674	2
6675	3
6677	3
6678	2
6679	2
6680	1
6681	1
6682	1
6683	2
6685	5
6687	1
6688	2
6689	5
6690	1
6691	2
6692	5
6693	1
6695	3
6696	1
6697	1
6698	2
6699	2
6700	3
6701	2
6702	2
6703	1
6704	2
6705	2
6706	2
6708	3
6709	1
6710	1
6711	3
6712	1
6713	4
6714	1
6715	3
6716	1
6717	3
6718	2
6720	3
6721	2
6723	3
6724	1
6726	3
6727	2
6728	3
6729	1
6730	3
6731	4
6733	3
6734	2
6735	4
6736	1
6737	2
6738	2
6739	1
6741	2
6742	2
6744	2
6745	5
6746	1
6747	6
6748	1
6749	3
6750	3
6751	7
6752	2
6753	2
6754	1
6756	2
6757	2
6758	2
6760	2
6761	2
6764	2
6766	2
6767	3
6768	1
6769	3
6771	3
6773	2
6774	2
6775	2
6776	2
6777	4
6778	2
6780	3
6781	2
6782	1
6783	2
6784	4
6785	2
6786	1
6788	3
6789	3
6790	2
6791	2
6792	3
6793	3
6794	1
6795	2
6796	2
6797	2
6798	4
6799	2
6800	4
6801	3
6803	1
6804	2
6805	1
6806	2
6807	1
6808	1
6809	4
6810	3
6811	1
6812	3
6813	1
6814	3
6815	3
6816	4
6817	3
6818	1
6819	2
6820	3
6821	5
6822	1
6824	2
6825	2
6826	1
6827	3
6828	3
6829	3
6831	2
6832	2
6833	6
6834	3
6835	3
6836	1
6837	1
6838	1
6839	3
6840	4
6841	1
6842	2
6843	1
6845	4
6846	3
6847	3
6848	3
6849	1
6850	1
6851	2
6853	3
6855	2
6856	3
6857	2
6858	3
6859	3
6860	4
6861	7
6862	2
6863	1
6864	3
6865	2
6866	2
6867	1
6868	4
6869	3
6870	2
6871	1
6872	5
6873	1
6874	3
6876	1
6877	5
6878	2
6879	1
6880	1
6881	1
6882	1
6883	2
6884	1
6885	1
6886	1
6887	2
6888	1
6889	3
6890	1
6892	4
6893	1
6894	3
6895	1
6896	1
6897	2
6898	2
6899	2
6900	1
6902	3
6904	1
6905	1
6907	1
6908	6
6909	3
6910	2
6911	5
6912	6
6913	2
6914	1
6915	2
6916	2
6917	1
6918	2
6920	1
6921	3
6922	2
6923	1
6924	3
6925	2
6926	5
6927	2
6928	2
6930	4
6931	2
6932	5
6933	4
6934	3
6935	2
6936	2
6937	2
6938	3
6939	2
6940	6
6941	2
6944	2
6945	7
6947	3
6948	4
6949	4
6950	3
6951	1
6952	1
6953	2
6955	2
6956	4
6957	3
6958	2
6959	2
6960	4
6961	3
6962	3
6964	1
6965	1
6966	5
6967	2
6968	1
6969	3
6970	2
6972	5
6974	2
6975	2
6976	5
6977	4
6978	1
6979	4
6980	3
6981	3
6982	3
6983	3
6984	3
6985	1
6986	2
6987	4
6988	2
6989	3
6991	1
6992	2
6994	3
6995	1
6996	3
6997	1
6998	3
6999	3
7000	2
7001	4
7002	3
7003	1
7004	2
7005	3
7006	2
7007	3
7008	3
7009	3
7010	2
7012	2
7014	2
7015	4
7016	1
7017	5
7018	3
7020	1
7021	4
7023	3
7024	4
7025	3
7026	1
7027	1
7029	1
7030	1
7031	1
7032	2
7033	3
7034	2
7036	2
7037	1
7039	1
7040	2
7041	3
7042	2
7043	2
7044	1
7045	4
7046	2
7047	1
7048	5
7049	2
7050	3
7052	6
7053	4
7054	4
7055	6
7056	3
7057	1
7058	3
7059	4
7060	2
7061	1
7062	3
7063	3
7064	2
7065	3
7066	2
7067	3
7068	1
7069	1
7071	2
7072	1
7074	3
7075	2
7076	4
7077	5
7079	1
7080	4
7082	2
7084	2
7085	4
7086	3
7087	3
7088	3
7090	3
7091	2
7092	1
7093	2
7094	3
7095	1
7096	1
7097	2
7098	4
7099	1
7100	2
7101	3
7104	3
7105	2
7106	4
7107	1
7108	5
7109	1
7110	3
7111	3
7112	5
7114	2
7115	2
7116	2
7117	5
7118	2
7119	2
7120	5
7122	1
7123	4
7124	1
7125	1
7126	2
7127	1
7128	2
7129	2
7130	3
7131	2
7132	2
7133	2
7134	1
7135	2
7136	2
7137	1
7138	2
7139	2
7141	4
7142	2
7144	4
7145	2
7146	3
7147	2
7148	2
7149	1
7150	5
7151	2
7152	2
7153	1
7154	4
7155	2
7156	4
7157	3
7158	2
7159	1
7160	2
7161	1
7162	2
7163	4
7164	2
7165	1
7166	5
7167	1
7168	2
7169	1
7170	1
7171	2
7172	3
7173	2
7175	1
7176	3
7177	2
7178	3
7179	3
7180	1
7181	1
7182	2
7183	1
7184	2
7185	1
7186	1
7187	2
7188	4
7189	3
7190	2
7192	1
7193	3
7194	2
7195	2
7196	1
7198	2
7199	2
7200	2
7201	1
7202	4
7203	1
7204	1
7205	1
7206	1
7207	1
7208	2
7209	3
7210	4
7212	1
7213	2
7214	5
7215	3
7216	3
7217	2
7218	2
7219	1
7220	1
7221	8
7222	4
7224	1
7225	4
7226	4
7227	2
7228	6
7230	2
7231	4
7232	5
7233	1
7234	1
7235	2
7236	2
7237	2
7238	2
7239	3
7240	2
7241	3
7242	1
7243	3
7244	2
7245	4
7246	1
7247	4
7248	2
7249	3
7250	4
7251	3
7252	1
7253	1
7254	3
7255	5
7256	3
7257	1
7258	1
7259	2
7260	3
7261	2
7262	3
7263	1
7264	1
7265	1
7266	3
7267	1
7268	3
7269	2
7270	1
7271	1
7272	3
7273	2
7274	2
7276	3
7277	2
7278	2
7279	1
7280	6
7281	3
7282	1
7283	3
7284	1
7285	5
7286	1
7287	2
7288	3
7289	1
7290	5
7291	3
7292	1
7293	1
7294	1
7295	2
7296	2
7297	3
7298	3
7301	3
7302	2
7303	2
7304	1
7305	2
7306	1
7307	2
7308	4
7309	3
7310	5
7311	3
7312	4
7314	1
7317	4
7319	4
7320	1
7322	2
7323	3
7324	1
7325	1
7326	4
7327	6
7328	3
7329	1
7330	6
7331	3
7332	1
7333	3
7334	2
7335	2
7336	3
7337	4
7338	5
7339	5
7340	2
7341	2
7342	2
7343	5
7344	4
7345	2
7346	3
7348	2
7349	1
7350	5
7351	1
7352	4
7353	2
7354	2
7355	1
7356	1
7357	2
7358	4
7359	1
7361	3
7362	5
7363	1
7364	1
7365	3
7366	2
7367	1
7369	4
7370	2
7371	2
7373	2
7374	1
7375	1
7376	2
7377	3
7378	1
7379	2
7380	4
7381	1
7382	4
7384	1
7385	2
7386	1
7387	1
7388	5
7389	2
7390	1
7391	3
7392	1
7393	3
7394	2
7395	1
7396	2
7397	1
7399	1
7400	2
7401	4
7402	2
7403	2
7404	3
7405	3
7406	4
7407	1
7408	1
7409	4
7410	2
7411	6
7412	2
7413	4
7414	4
7415	2
7416	1
7418	1
7419	3
7421	5
7422	1
7423	1
7424	1
7425	2
7426	1
7427	2
7428	2
7429	2
7430	3
7431	3
7432	3
7433	2
7434	3
7435	1
7437	5
7438	3
7439	3
7440	1
7441	1
7442	1
7443	1
7445	4
7446	2
7447	1
7448	2
7449	3
7451	3
7453	4
7455	1
7456	2
7457	1
7458	3
7459	2
7460	2
7461	4
7462	3
7463	1
7464	3
7465	2
7466	2
7467	1
7468	4
7469	1
7470	3
7471	4
7472	2
7473	2
7474	3
7475	1
7476	2
7477	3
7479	2
7480	6
7482	3
7483	2
7484	2
7485	2
7486	2
7487	4
7489	2
7490	1
7491	1
7493	1
7494	2
7495	1
7497	1
7498	1
7499	1
7500	1
7501	1
7502	2
7503	3
7504	4
7505	1
7507	3
7508	5
7509	1
7510	3
7511	1
7512	2
7513	1
7514	1
7516	3
7517	1
7518	2
7521	3
7523	3
7524	4
7525	2
7526	4
7527	4
7528	4
7529	1
7530	2
7531	1
7532	2
7534	2
7535	1
7536	3
7537	2
7538	4
7539	4
7540	3
7542	4
7543	3
7544	1
7545	2
7546	5
7547	2
7548	1
7549	1
7550	3
7551	1
7552	2
7553	3
7554	1
7555	2
7556	1
7557	2
7558	4
7559	1
7560	1
7561	1
7562	4
7563	2
7564	1
7566	1
7567	4
7568	4
7569	2
7570	6
7571	3
7572	1
7573	1
7574	2
7575	3
7576	3
7577	2
7578	1
7579	6
7580	1
7581	2
7582	1
7583	3
7585	2
7586	1
7587	3
7588	2
7589	4
7590	1
7591	2
7592	2
7593	2
7594	2
7595	3
7596	2
7598	1
7599	2
7600	2
7601	1
7602	1
7603	1
7604	4
7605	1
7606	3
7607	1
7608	5
7609	4
7610	3
7613	1
7614	2
7615	2
7617	2
7618	2
7619	5
7620	1
7621	2
7622	2
7623	2
7624	4
7625	3
7626	2
7627	3
7628	4
7629	2
7630	5
7631	1
7632	2
7633	5
7636	1
7637	2
7638	3
7639	1
7640	1
7641	3
7642	2
7643	5
7644	1
7645	2
7646	2
7647	1
7648	1
7649	3
7650	3
7651	1
7652	1
7653	2
7654	1
7656	3
7657	4
7658	5
7659	2
7660	3
7661	3
7662	2
7663	2
7664	1
7665	3
7666	3
7667	1
7668	3
7669	3
7671	2
7672	5
7673	2
7675	2
7677	1
7678	2
7680	3
7681	3
7682	1
7683	3
7684	2
7685	1
7686	3
7687	4
7688	3
7689	4
7690	3
7691	2
7692	2
7693	1
7695	2
7696	2
7697	2
7698	1
7699	2
7700	1
7701	2
7702	2
7703	2
7704	2
7705	2
7706	2
7707	4
7710	2
7711	1
7712	3
7713	2
7714	3
7715	3
7716	3
7717	3
7718	4
7719	3
7720	2
7721	3
7722	1
7723	1
7724	1
7725	2
7726	3
7728	4
7729	1
7730	2
7731	1
7732	3
7733	3
7734	1
7735	2
7736	1
7737	3
7738	3
7739	2
7740	1
7741	6
7742	5
7743	3
7744	5
7745	3
7746	2
7747	2
7749	5
7750	3
7751	3
7752	1
7753	1
7754	4
7755	4
7756	4
7757	4
7758	3
7759	2
7760	4
7761	1
7762	1
7763	4
7764	1
7765	3
7766	3
7767	3
7768	1
7769	3
7770	3
7771	1
7772	3
7773	4
7774	1
7776	3
7777	3
7778	5
7779	3
7780	3
7781	1
7782	2
7783	2
7784	3
7785	2
7787	2
7788	3
7789	4
7790	3
7791	1
7792	3
7793	2
7794	3
7795	3
7796	3
7798	3
7800	5
7801	2
7802	5
7803	2
7804	1
7805	2
7806	1
7808	2
7809	1
7810	3
7811	2
7812	4
7813	1
7814	3
7815	3
7816	4
7817	1
7818	2
7819	1
7821	4
7822	1
7823	1
7824	3
7825	1
7826	1
7828	4
7829	3
7831	1
7832	3
7833	2
7834	1
7835	1
7836	7
7837	2
7839	3
7840	4
7841	3
7842	4
7843	3
7844	3
7845	5
7846	3
7847	2
7848	3
7849	3
7850	2
7851	5
7852	1
7853	2
7854	3
7855	4
7856	2
7857	3
7858	2
7859	2
7860	2
7861	1
7862	2
7864	1
7865	2
7866	1
7867	3
7868	3
7869	2
7870	3
7871	2
7872	2
7873	1
7874	3
7875	3
7876	1
7877	2
7878	2
7879	2
7880	2
7882	3
7883	4
7884	1
7885	2
7888	3
7889	4
7890	1
7891	2
7892	3
7893	7
7894	1
7896	3
7897	4
7898	1
7900	1
7901	4
7902	1
7903	5
7904	2
7906	1
7907	3
7908	1
7909	5
7910	5
7911	1
7912	1
7913	2
7914	1
7915	2
7916	5
7917	1
7918	5
7919	5
7920	2
7921	2
7922	4
7923	2
7924	2
7925	3
7926	5
7927	3
7928	2
7929	3
7930	3
7931	2
7932	1
7933	4
7934	1
7936	3
7938	2
7939	1
7940	1
7941	4
7942	1
7943	3
7944	5
7945	2
7946	1
7947	1
7948	4
7949	1
7950	2
7951	3
7952	4
7953	2
7954	4
7955	3
7956	2
7958	2
7959	2
7960	7
7961	1
7962	4
7963	2
7964	3
7965	1
7966	2
7967	3
7968	4
7969	3
7970	3
7971	3
7972	2
7973	4
7974	2
7975	2
7976	1
7977	3
7979	1
7980	1
7981	3
7982	1
7983	2
7984	2
7985	5
7986	2
7987	2
7988	4
7989	1
7990	1
7991	2
7992	3
7993	4
7994	1
7995	4
7996	6
7997	2
7998	3
7999	4
8000	3
8001	4
8002	1
8003	3
8004	2
8006	1
8007	3
8009	3
8010	2
8011	1
8012	3
8013	2
8014	3
8015	4
8016	1
8018	3
8019	4
8020	2
8021	2
8022	3
8023	2
8024	3
8025	1
8026	2
8027	4
8028	4
8030	3
8031	2
8032	2
8033	2
8034	2
8035	2
8036	2
8037	1
8038	3
8039	3
8040	2
8041	3
8042	1
8043	3
8044	1
8045	1
8046	2
8047	1
8048	1
8049	1
8050	3
8051	1
8052	5
8053	4
8054	4
8055	4
8056	1
8057	3
8058	1
8059	3
8060	1
8061	3
8062	1
8063	1
8064	1
8065	3
8066	1
8067	1
8068	4
8069	2
8070	2
8071	1
8073	1
8074	3
8075	2
8077	2
8078	4
8079	4
8080	4
8081	3
8082	3
8083	2
8084	2
8085	2
8086	1
8087	3
8088	1
8089	2
8090	1
8091	2
8092	2
8093	3
8094	1
8095	9
8096	2
8097	2
8098	1
8099	2
8100	2
8101	2
8102	2
8103	1
8104	4
8105	6
8106	2
8107	4
8108	2
8109	1
8110	3
8111	3
8113	1
8114	3
8115	3
8117	3
8118	1
8119	2
8120	2
8121	1
8122	3
8123	5
8124	3
8125	4
8126	1
8127	2
8128	2
8129	2
8130	1
8131	2
8132	1
8133	3
8134	1
8135	3
8136	4
8137	1
8138	2
8139	4
8140	5
8141	1
8142	1
8143	3
8145	1
8146	1
8147	5
8148	1
8150	1
8151	2
8153	1
8154	4
8155	3
8156	3
8157	1
8159	3
8160	3
8161	3
8162	1
8163	2
8164	2
8165	1
8166	1
8167	2
8168	1
8170	3
8171	3
8172	2
8173	1
8174	5
8175	3
8176	5
8177	1
8178	1
8179	4
8180	1
8181	2
8182	4
8183	1
8184	4
8185	2
8186	2
8187	2
8188	3
8189	2
8190	4
8191	2
8192	4
8193	3
8195	5
8196	1
8197	3
8198	5
8199	1
8200	2
8201	2
8202	4
8203	5
8204	4
8205	4
8206	1
8207	2
8208	2
8209	1
8210	2
8212	2
8213	1
8214	4
8215	3
8216	6
8217	1
8218	1
8219	3
8220	3
8221	3
8222	3
8223	2
8224	1
8225	3
8226	3
8227	2
8228	2
8229	2
8230	3
8231	3
8232	1
8233	3
8234	2
8235	2
8236	1
8237	3
8238	2
8239	3
8240	1
8241	1
8242	3
8243	1
8245	2
8246	2
8247	1
8248	1
8249	2
8250	5
8251	1
8252	1
8253	2
8255	1
8256	2
8257	2
8258	4
8259	4
8260	4
8261	2
8263	1
8264	3
8265	2
8266	2
8267	3
8268	3
8269	1
8270	3
8271	1
8273	3
8274	1
8275	4
8276	2
8277	4
8278	3
8279	2
8281	4
8282	2
8283	2
8284	2
8285	2
8286	2
8288	3
8289	1
8290	1
8291	1
8292	2
8293	2
8294	2
8295	2
8296	1
8297	2
8299	1
8300	2
8302	1
8303	1
8304	1
8305	2
8306	2
8307	2
8308	3
8309	3
8310	1
8311	2
8312	1
8313	2
8315	2
8316	4
8317	1
8318	2
8319	4
8320	4
8322	2
8324	1
8325	1
8326	1
8327	5
8329	2
8330	1
8331	2
8332	2
8333	2
8334	1
8335	1
8336	3
8337	2
8339	4
8340	1
8341	4
8342	2
8343	3
8344	3
8346	3
8347	2
8348	4
8349	3
8350	2
8351	2
8352	2
8353	1
8354	3
8355	3
8356	3
8357	1
8358	2
8359	1
8360	3
8361	1
8362	2
8364	1
8366	1
8367	3
8368	3
8369	3
8370	4
8371	4
8372	2
8373	2
8374	2
8375	3
8376	1
8377	1
8378	1
8379	5
8380	1
8381	4
8382	1
8383	2
8384	4
8385	3
8386	1
8387	4
8388	5
8389	4
8390	2
8391	1
8392	2
8393	2
8394	2
8395	3
8396	2
8397	4
8398	1
8399	1
8400	1
8401	2
8402	1
8404	2
8405	1
8406	1
8407	2
8408	2
8409	4
8410	2
8411	1
8412	1
8413	4
8414	2
8415	3
8417	5
8419	3
8420	1
8421	2
8422	1
8423	6
8424	4
8425	2
8426	3
8427	1
8428	2
8429	2
8430	3
8434	2
8435	3
8436	2
8437	1
8438	4
8439	2
8440	2
8441	3
8442	5
8443	1
8444	3
8445	2
8446	2
8447	6
8448	4
8449	3
8450	1
8451	1
8452	2
8453	2
8454	3
8455	1
8456	6
8457	1
8458	4
8459	1
8460	1
8463	7
8465	2
8466	1
8467	2
8468	1
8469	3
8470	3
8471	2
8473	3
8474	1
8475	3
8476	4
8477	3
8478	4
8479	1
8480	2
8481	3
8482	5
8483	4
8484	2
8485	1
8486	4
8487	6
8488	1
8489	3
8490	1
8491	1
8492	4
8493	2
8494	2
8495	2
8496	2
8497	2
8498	6
8502	2
8503	2
8504	4
8505	2
8506	2
8508	4
8509	3
8510	4
8511	4
8512	2
8513	1
8514	2
8515	2
8516	5
8517	1
8518	2
8519	1
8520	2
8521	1
8522	1
8523	1
8524	3
8525	3
8526	2
8527	3
8528	2
8529	3
8530	1
8531	2
8532	1
8533	3
8534	3
8536	3
8537	2
8538	1
8539	4
8541	2
8542	2
8543	2
8544	3
8545	2
8546	2
8547	2
8548	2
8549	4
8550	3
8551	2
8552	3
8553	3
8554	2
8555	5
8556	1
8557	3
8558	2
8559	2
8560	4
8561	2
8562	1
8563	4
8564	2
8565	5
8566	3
8567	2
8568	1
8569	1
8570	3
8571	2
8572	3
8574	7
8575	1
8576	1
8578	2
8579	4
8580	3
8582	3
8584	2
8585	1
8586	2
8587	1
8589	3
8590	5
8591	4
8592	2
8593	1
8595	1
8596	3
8597	6
8598	1
8599	1
8600	4
8602	3
8604	1
8605	2
8606	2
8607	1
8608	3
8610	2
8611	4
8612	1
8613	3
8614	3
8615	2
8616	4
8618	4
8619	5
8620	4
8621	2
8622	3
8623	4
8624	4
8625	5
8626	1
8627	2
8628	1
8629	3
8630	3
8632	3
8634	1
8635	2
8636	4
8637	3
8638	2
8639	2
8640	2
8641	3
8642	2
8643	3
8644	3
8645	3
8647	2
8648	1
8649	1
8650	4
8651	2
8652	4
8653	1
8654	5
8655	1
8656	5
8657	3
8658	1
8659	3
8660	1
8661	2
8662	4
8663	3
8665	7
8666	1
8667	2
8668	3
8669	1
8670	1
8672	3
8673	2
8675	1
8676	4
8677	2
8680	2
8681	1
8682	2
8683	1
8684	1
8685	2
8686	3
8687	5
8688	1
8689	1
8691	1
8692	1
8693	4
8694	2
8695	5
8696	2
8697	3
8698	2
8699	3
8700	5
8701	1
8702	1
8703	1
8704	1
8705	4
8706	4
8707	1
8708	3
8709	3
8711	3
8712	1
8713	1
8714	2
8715	2
8716	2
8717	2
8718	2
8719	1
8720	2
8721	2
8722	1
8723	3
8724	2
8725	2
8726	3
8727	4
8728	2
8729	2
8730	1
8731	3
8732	1
8733	3
8734	1
8735	1
8736	1
8737	4
8738	3
8739	1
8740	3
8741	2
8742	4
8744	4
8745	7
8746	3
8747	2
8748	1
8749	1
8751	2
8752	2
8754	1
8755	6
8756	1
8758	1
8759	1
8760	2
8761	4
8762	4
8763	3
8764	1
8765	1
8766	5
8767	2
8768	1
8771	5
8772	1
8773	1
8774	2
8775	3
8776	2
8777	1
8778	1
8779	4
8780	4
8781	1
8782	3
8783	2
8784	3
8785	1
8786	2
8787	3
8788	2
8789	2
8791	5
8792	3
8793	1
8794	1
8795	5
8797	1
8798	2
8799	1
8800	1
8801	4
8802	6
8803	7
8806	1
8807	3
8808	1
8809	1
8810	3
8811	1
8813	2
8814	4
8815	2
8816	2
8818	1
8819	6
8820	2
8822	2
8823	1
8824	10
8825	3
8827	2
8829	2
8830	3
8831	1
8832	3
8833	2
8834	1
8835	3
8836	1
8837	2
8838	4
8840	5
8841	5
8842	3
8843	4
8844	1
8845	1
8846	5
8847	2
8848	2
8849	3
8850	1
8852	1
8853	2
8855	3
8856	1
8857	2
8858	4
8859	6
8860	5
8861	4
8862	1
8863	2
8864	3
8865	2
8866	3
8868	3
8869	4
8870	1
8871	2
8872	2
8873	5
8874	1
8876	2
8877	2
8878	2
8879	2
8880	2
8881	2
8883	3
8884	1
8885	1
8886	2
8887	3
8888	3
8889	4
8890	2
8891	6
8894	1
8895	2
8896	3
8897	4
8898	1
8899	2
8900	2
8901	2
8902	4
8903	2
8905	2
8906	1
8909	1
8910	3
8912	3
8914	1
8915	3
8917	3
8918	2
8920	7
8921	1
8922	3
8923	3
8924	2
8925	2
8926	5
8927	2
8928	1
8929	3
8930	5
8931	1
8932	3
8933	2
8934	2
8937	5
8938	2
8939	4
8940	4
8941	4
8942	3
8943	2
8945	3
8946	1
8947	3
8948	4
8949	4
8951	4
8952	1
8953	2
8954	4
8955	1
8956	2
8957	2
8958	4
8959	1
8960	5
8961	4
8962	2
8963	2
8964	4
8965	2
8967	2
8969	2
8970	3
8971	3
8972	1
8973	3
8974	4
8977	4
8978	1
8979	3
8980	4
8981	2
8982	1
8983	2
8984	2
8985	2
8986	1
8988	4
8989	2
8990	2
8991	6
8992	2
8993	1
8994	4
8995	2
8996	3
8997	2
8998	1
8999	2
9000	4
9001	3
9002	3
9003	2
9004	2
9005	2
9007	2
9008	1
9009	2
9010	6
9011	3
9012	5
9013	3
9014	2
9015	3
9016	3
9018	2
9019	2
9020	3
9021	3
9022	2
9023	1
9024	1
9025	2
9026	1
9027	3
9028	2
9029	3
9030	4
9031	4
9032	2
9033	3
9034	4
9035	2
9036	1
9037	3
9039	2
9040	2
9041	2
9042	5
9043	4
9044	6
9045	2
9046	2
9047	1
9051	3
9052	3
9053	2
9054	5
9055	1
9056	1
9057	1
9058	2
9059	2
9060	2
9061	1
9062	3
9063	1
9064	1
9066	5
9067	2
9068	2
9069	2
9070	3
9071	3
9073	3
9074	1
9075	2
9077	1
9078	3
9081	2
9082	1
9083	1
9084	3
9086	4
9087	1
9088	6
9089	1
9090	2
9092	3
9093	2
9094	1
9097	1
9098	2
9099	3
9100	3
9101	3
9102	1
9103	2
9105	1
9106	3
9107	6
9108	3
9109	1
9110	1
9111	1
9112	4
9113	2
9114	3
9115	2
9116	5
9117	1
9118	1
9120	3
9121	3
9122	1
9123	1
9124	1
9125	1
9126	2
9127	3
9128	3
9129	3
9130	2
9131	2
9132	1
9133	2
9134	1
9136	1
9138	1
9139	6
9140	2
9141	3
9142	2
9143	4
9144	3
9145	5
9146	2
9147	3
9148	2
9149	2
9151	1
9152	3
9153	5
9154	4
9155	3
9156	5
9157	4
9158	5
9159	3
9160	5
9161	3
9162	3
9163	3
9164	3
9166	1
9167	1
9168	1
9169	4
9170	2
9171	2
9172	2
9173	1
9174	3
9175	1
9176	1
9177	2
9178	4
9179	6
9180	1
9181	1
9183	1
9184	1
9185	3
9186	1
9187	3
9188	6
9189	5
9190	2
9191	1
9192	3
9193	3
9194	1
9195	1
9196	2
9197	1
9198	2
9199	3
9200	2
9201	1
9202	1
9203	5
9204	2
9205	5
9206	5
9207	2
9208	3
9210	2
9211	4
9212	2
9213	3
9214	4
9215	2
9218	1
9219	3
9220	3
9221	2
9222	5
9223	2
9224	3
9225	3
9226	1
9227	2
9228	2
9229	2
9230	1
9232	1
9233	1
9234	2
9235	1
9237	4
9238	1
9239	2
9240	2
9241	2
9242	3
9243	3
9244	4
9245	2
9246	3
9248	3
9249	6
9250	4
9251	3
9253	4
9254	1
9255	1
9256	2
9257	2
9258	2
9259	2
9260	3
9261	2
9262	5
9263	3
9264	1
9265	3
9266	1
9267	3
9268	2
9269	3
9270	4
9271	4
9272	1
9273	4
9274	5
9275	3
9276	4
9277	2
9278	1
9279	3
9280	4
9281	1
9282	1
9283	4
9284	2
9286	1
9288	1
9289	1
9290	3
9292	1
9293	2
9294	3
9295	4
9296	2
9298	3
9299	4
9300	4
9301	1
9302	2
9303	2
9304	4
9305	3
9306	2
9308	1
9309	1
9310	1
9311	3
9312	2
9313	1
9314	1
9315	2
9316	3
9319	2
9320	2
9321	1
9322	4
9323	3
9324	3
9325	2
9327	1
9328	2
9329	1
9330	5
9331	1
9332	2
9333	3
9334	2
9335	4
9336	4
9337	2
9338	1
9339	2
9340	1
9343	1
9344	1
9345	1
9346	3
9347	1
9348	5
9349	5
9350	3
9351	1
9352	1
9353	3
9354	1
9355	1
9356	1
9357	1
9358	2
9359	6
9360	1
9362	3
9363	1
9364	3
9365	3
9366	5
9367	1
9369	3
9370	2
9371	2
9372	3
9373	5
9374	3
9375	1
9376	3
9377	2
9378	2
9379	3
9380	4
9381	1
9382	1
9383	1
9384	1
9385	1
9386	3
9387	1
9388	1
9389	1
9390	2
9391	2
9392	2
9393	4
9394	3
9395	5
9396	4
9397	1
9398	2
9399	1
9400	1
9401	3
9402	1
9403	3
9405	2
9406	2
9407	3
9408	2
9409	3
9410	4
9411	1
9412	4
9413	2
9414	1
9415	2
9417	5
9418	1
9419	1
9420	3
9421	1
9422	2
9423	1
9424	2
9425	4
9426	2
9427	4
9428	6
9429	1
9430	1
9431	1
9432	2
9433	1
9434	2
9435	2
9437	4
9438	3
9439	4
9440	4
9441	1
9442	1
9443	3
9444	2
9446	3
9447	1
9448	4
9449	3
9450	1
9451	5
9452	3
9453	3
9454	5
9455	2
9456	3
9458	3
9459	3
9460	3
9461	3
9462	2
9463	2
9464	4
9465	1
9466	2
9467	5
9468	2
9469	2
9470	1
9471	5
9472	3
9474	1
9475	1
9476	1
9477	2
9478	3
9479	7
9480	1
9482	2
9483	1
9484	3
9485	3
9486	1
9487	1
9489	1
9490	5
9491	3
9492	1
9493	2
9494	4
9495	1
9496	3
9497	2
9498	1
9499	3
9500	1
9501	1
9502	2
9503	2
9504	2
9505	2
9506	4
9508	1
9509	3
9510	3
9511	1
9512	1
9513	4
9514	4
9515	3
9516	3
9517	2
9518	2
9519	3
9521	2
9522	1
9523	4
9524	2
9525	6
9526	3
9528	5
9529	2
9530	1
9531	2
9532	1
9533	3
9534	4
9536	3
9537	1
9538	2
9539	3
9540	3
9541	3
9543	3
9544	4
9545	4
9546	2
9547	3
9548	2
9549	3
9550	2
9551	5
9552	3
9553	3
9555	5
9557	2
9558	2
9559	3
9560	3
9561	1
9562	3
9563	4
9564	1
9565	2
9566	3
9567	1
9568	1
9569	1
9570	6
9572	4
9573	3
9574	3
9575	1
9576	1
9577	2
9578	4
9579	2
9580	2
9581	5
9582	1
9583	1
9584	4
9585	4
9586	1
9587	7
9588	1
9589	2
9590	4
9591	1
9592	2
9593	3
9594	4
9595	1
9596	5
9597	4
9599	1
9600	3
9601	2
9603	4
9604	4
9605	2
9606	2
9607	2
9608	4
9609	6
9610	2
9612	4
9613	2
9614	2
9615	2
9616	1
9617	3
9618	2
9619	3
9620	2
9621	3
9622	1
9623	4
9625	4
9626	1
9627	3
9628	2
9629	3
9630	1
9631	5
9632	2
9633	1
9634	3
9636	1
9638	2
9639	1
9640	2
9642	2
9644	1
9645	3
9646	2
9647	1
9648	8
9649	1
9650	2
9651	3
9652	4
9654	1
9655	2
9656	4
9657	4
9658	3
9659	4
9660	1
9661	1
9662	1
9663	3
9664	3
9665	1
9666	1
9667	1
9668	2
9669	2
9671	2
9672	1
9673	3
9674	2
9675	1
9676	3
9677	4
9678	1
9679	1
9680	2
9681	2
9682	1
9683	5
9685	2
9686	2
9688	3
9689	5
9690	1
9691	3
9692	2
9693	2
9694	1
9695	1
9696	3
9697	2
9698	2
9699	1
9700	4
9701	3
9702	3
9703	2
9704	2
9706	1
9707	4
9708	3
9709	2
9710	2
9711	5
9712	4
9713	2
9714	2
9715	2
9716	3
9717	1
9718	4
9719	3
9720	2
9723	2
9724	2
9725	1
9726	2
9727	2
9728	3
9729	3
9730	3
9732	3
9733	6
9734	1
9735	1
9736	4
9737	2
9738	5
9740	2
9744	2
9745	5
9748	2
9749	5
9750	3
9751	2
9753	3
9754	3
9755	2
9756	2
9757	3
9758	4
9759	2
9760	3
9761	5
9762	3
9763	3
9764	1
9765	1
9766	3
9768	1
9770	4
9771	2
9772	2
9773	3
9774	3
9775	3
9776	2
9777	2
9778	3
9780	1
9783	1
9784	2
9785	2
9786	1
9787	3
9788	5
9789	3
9790	2
9791	2
9792	1
9793	1
9794	3
9795	2
9796	1
9799	1
9800	6
9801	1
9802	2
9803	3
9804	3
9805	4
9806	2
9807	2
9808	1
9809	4
9810	1
9811	2
9812	1
9813	3
9814	6
9815	4
9816	3
9817	2
9818	1
9819	1
9820	1
9821	1
9822	5
9823	3
9824	3
9825	4
9826	3
9827	1
9828	4
9829	2
9830	4
9831	2
9832	3
9833	1
9834	1
9835	1
9836	2
9837	4
9838	1
9839	1
9840	2
9843	3
9844	3
9845	1
9846	1
9847	2
9848	2
9849	3
9850	2
9851	3
9852	1
9853	1
9854	1
9855	3
9856	1
9857	2
9858	2
9859	3
9860	3
9861	1
9862	3
9863	3
9864	2
9865	1
9866	1
9867	1
9868	1
9869	3
9870	1
9871	6
9873	1
9874	2
9875	2
9876	2
9879	2
9880	3
9881	3
9882	3
9883	3
9884	2
9885	3
9886	1
9887	1
9888	2
9889	1
9891	7
9892	5
9893	3
9894	1
9895	2
9896	4
9897	3
9898	2
9900	2
9901	2
9902	1
9903	4
9905	1
9906	4
9908	4
9909	3
9910	2
9911	1
9912	2
9913	1
9914	1
9915	2
9916	4
9917	3
9918	3
9919	5
9920	2
9921	4
9922	3
9923	4
9925	1
9927	2
9928	2
9930	2
9931	1
9933	1
9934	2
9935	1
9936	1
9937	1
9938	1
9939	3
9940	1
9941	2
9942	1
9943	2
9944	3
9945	4
9946	1
9947	1
9948	5
9949	2
9950	3
9951	3
9952	2
9953	3
9954	2
9955	1
9956	1
9957	2
9958	3
9959	3
9960	1
9961	1
9962	4
9963	3
9964	1
9965	1
9966	3
9967	1
9968	2
9969	4
9970	3
9971	1
9972	1
9973	2
9974	4
9975	1
9976	1
9977	2
9978	2
9979	1
9980	4
9981	2
9982	2
9983	2
9985	3
9986	2
9987	3
9989	2
9990	2
9991	5
9992	1
9993	1
9994	5
9995	1
9996	4
9997	4
9998	3
9999	4
10001	3
10002	1
10004	2
10005	1
10006	4
10007	2
10008	4
10009	3
10010	2
10011	3
10012	1
10013	1
10014	3
10015	1
10016	3
10017	3
10018	2
10019	3
10020	1
10021	7
10022	2
10023	2
10024	4
10025	2
10026	1
10027	4
10028	2
10029	2
10030	1
10031	2
10032	2
10033	2
10034	4
10035	1
10036	2
10037	1
10038	4
10039	1
10040	5
10041	1
10042	2
10043	6
10044	3
10045	1
10047	1
10048	1
10049	4
10050	1
10051	5
10052	3
10053	2
10054	1
10055	3
10056	1
10057	2
10059	3
10060	4
10061	1
10062	4
10063	1
10064	1
10065	3
10066	1
10067	2
10068	3
10069	2
10070	1
10071	2
10072	1
10074	2
10075	1
10076	2
10077	3
10080	2
10081	3
10082	4
10083	3
10084	4
10085	2
10086	1
10087	2
10088	1
10089	1
10090	1
10091	4
10092	1
10093	1
10094	5
10095	3
10096	1
10097	2
10098	1
10099	2
10100	3
10102	2
10103	1
10104	2
10105	1
10106	2
10107	3
10108	1
10109	2
10110	2
10111	2
10112	2
10113	4
10114	3
10115	1
10116	3
10117	2
10118	7
10119	2
10121	3
10123	2
10124	4
10125	4
10126	2
10127	3
10128	2
10129	2
10130	7
10132	2
10133	6
10134	3
10135	1
10136	2
10137	1
10138	4
10139	3
10140	5
10141	2
10142	1
10143	1
10145	1
10146	2
10147	2
10148	2
10149	7
10150	2
10151	2
10152	3
10153	2
10155	7
10156	2
10157	2
10158	4
10159	1
10160	2
10162	1
10163	2
10164	1
10165	1
10167	1
10168	4
10169	1
10170	4
10171	2
10172	3
10173	4
10174	1
10178	1
10179	3
10180	1
10181	1
10182	3
10183	2
10184	4
10185	2
10186	3
10187	7
10188	3
10189	1
10190	4
10191	3
10192	2
10193	2
10194	2
10195	1
10198	2
10199	1
10200	1
10202	1
10203	3
10204	1
10205	2
10206	3
10207	1
10208	4
10210	1
10211	2
10212	1
10213	3
10214	2
10215	2
10216	5
10217	5
10218	4
10219	1
10220	3
10221	1
10222	3
10223	4
10224	6
10225	3
10226	1
10228	3
10229	2
10230	2
10231	2
10232	4
10233	1
10234	2
10235	3
10237	3
10238	3
10239	3
10240	3
10241	2
10244	2
10245	5
10246	2
10247	6
10250	4
10251	2
10252	2
10253	1
10254	5
10255	1
10256	3
10257	2
10258	4
10259	1
10260	4
10261	6
10262	2
10263	1
10264	3
10265	1
10266	3
10267	3
10268	1
10269	2
10270	6
10273	3
10274	3
10275	1
10276	2
10277	2
10278	2
10279	2
10280	2
10281	1
10284	1
10285	2
10286	5
10288	4
10289	1
10290	5
10291	5
10293	3
10294	1
10295	4
10296	2
10297	1
10298	2
10299	1
10300	1
10301	1
10302	2
10303	2
10305	2
10306	1
10307	2
10308	1
10309	5
10310	1
10311	1
10312	1
10313	2
10314	3
10316	3
10317	2
10319	4
10320	4
10321	4
10322	5
10323	4
10324	5
10326	4
10327	4
10328	2
10329	2
10330	3
10331	4
10332	3
10333	4
10334	5
10335	4
10336	3
10337	1
10338	4
10339	3
10340	4
10342	1
10343	1
10344	2
10345	2
10346	5
10347	3
10348	4
10349	3
10350	2
10351	3
10352	4
10353	1
10354	2
10355	3
10356	2
10357	1
10358	1
10359	4
10360	2
10361	3
10362	1
10363	2
10365	5
10366	4
10367	1
10368	1
10369	1
10370	3
10371	5
10372	3
10373	1
10374	3
10375	5
10376	4
10377	3
10378	1
10379	3
10380	4
10381	5
10382	5
10383	3
10384	5
10385	3
10386	1
10387	2
10388	1
10389	2
10390	6
10392	1
10393	5
10395	3
10396	3
10397	5
10398	2
10399	2
10400	3
10401	2
10403	2
10404	4
10405	3
10406	2
10408	2
10409	3
10410	3
10411	4
10412	3
10413	4
10414	2
10415	4
10416	1
10418	3
10419	3
10420	1
10421	2
10423	5
10424	3
10425	5
10426	1
10427	1
10428	4
10429	3
10430	4
10431	2
10432	3
10433	3
10434	1
10437	2
10438	3
10440	2
10441	1
10442	4
10443	3
10444	3
10446	1
10447	4
10448	2
10449	3
10450	2
10452	2
10453	2
10455	3
10456	2
10457	2
10458	1
10459	2
10461	2
10462	2
10463	2
10464	4
10465	3
10466	1
10467	4
10469	1
10471	3
10472	2
10473	2
10474	2
10475	5
10476	2
10477	1
10478	4
10479	6
10480	1
10481	2
10482	1
10483	4
10484	2
10485	3
10486	5
10487	3
10488	7
10489	2
10490	2
10491	3
10492	4
10495	3
10496	2
10497	1
10499	3
10500	3
10502	4
10503	3
10504	3
10505	2
10506	3
10507	2
10508	2
10509	3
10510	4
10511	2
10512	4
10513	6
10514	1
10516	1
10517	4
10518	2
10519	4
10520	1
10521	1
10522	1
10523	2
10524	1
10526	3
10527	2
10528	2
10529	1
10530	2
10531	1
10532	1
10533	5
10534	2
10536	3
10537	2
10538	2
10539	2
10540	5
10541	2
10542	1
10543	1
10544	1
10546	3
10547	2
10548	2
10549	2
10550	3
10551	2
10552	3
10553	3
10554	3
10555	1
10556	1
10557	3
10558	4
10559	1
10560	2
10561	3
10562	2
10563	1
10564	1
10565	1
10568	4
10569	4
10570	2
10571	1
10572	2
10573	3
10574	3
10575	2
10576	1
10577	1
10578	1
10579	2
10580	3
10581	4
10583	2
10584	4
10585	2
10586	3
10587	5
10588	2
10589	2
10590	1
10591	2
10592	2
10593	1
10594	2
10595	1
10596	1
10597	2
10598	1
10599	1
10600	3
10601	1
10602	4
10603	1
10604	1
10605	1
10606	4
10607	4
10608	4
10609	2
10610	2
10611	2
10612	1
10613	3
10614	1
10615	3
10616	1
10618	2
10619	2
10620	5
10622	1
10623	2
10624	2
10625	1
10626	1
10628	3
10629	2
10630	1
10631	3
10632	2
10633	2
10634	4
10635	1
10636	3
10637	1
10638	4
10640	2
10641	1
10642	2
10643	1
10644	1
10645	3
10646	5
10647	3
10648	1
10649	1
10650	1
10651	3
10652	2
10653	1
10654	3
10655	2
10656	5
10657	2
10658	3
10659	1
10660	1
10661	4
10662	3
10663	3
10664	2
10665	2
10666	1
10667	3
10668	5
10669	3
10671	1
10672	1
10673	6
10674	5
10675	3
10676	1
10678	3
10679	2
10680	3
10681	3
10682	2
10683	1
10684	4
10686	2
10688	1
10689	1
10690	3
10691	3
10693	2
10694	2
10695	2
10696	1
10698	2
10699	4
10700	2
10701	3
10702	1
10703	3
10704	6
10705	4
10706	5
10707	2
10708	2
10709	2
10711	4
10712	2
10713	3
10714	1
10715	1
10719	4
10720	4
10721	2
10722	5
10723	1
10724	2
10725	3
10726	2
10727	2
10728	2
10729	1
10730	2
10731	1
10732	2
10733	3
10734	1
10735	4
10736	2
10738	2
10739	2
10740	1
10741	3
10742	1
10743	1
10744	2
10745	2
10747	1
10748	3
10749	3
10750	4
10751	2
10752	3
10753	3
10754	4
10755	3
10756	2
10757	2
10758	3
10759	1
10761	2
10762	1
10763	1
10766	1
10767	1
10768	1
10769	5
10770	2
10771	2
10772	2
10773	2
10774	2
10775	1
10776	2
10779	3
10780	1
10782	4
10783	2
10784	3
10785	9
10786	1
10787	3
10788	3
10789	4
10790	1
10791	2
10792	1
10794	4
10795	1
10796	2
10797	3
10798	3
10799	2
10800	1
10801	1
10802	2
10803	2
10804	3
10806	3
10807	3
10808	3
10809	4
10810	4
10811	2
10812	1
10813	1
10814	2
10815	1
10816	2
10817	5
10819	4
10820	2
10821	2
10822	1
10823	2
10824	4
10826	1
10827	3
10828	4
10830	2
10831	1
10832	5
10834	1
10835	3
10836	3
10837	1
10838	3
10839	4
10840	2
10841	2
10842	3
10843	1
10846	1
10847	3
10848	2
10849	2
10850	1
10851	1
10852	2
10853	1
10854	2
10855	7
10856	1
10857	1
10858	3
10859	3
10860	1
10861	2
10862	2
10863	1
10864	1
10866	6
10868	2
10869	1
10870	1
10871	3
10872	2
10874	5
10875	2
10876	2
10877	1
10879	2
10880	1
10881	1
10882	1
10883	1
10884	3
10885	5
10886	4
10887	2
10888	1
10889	2
10890	2
10891	2
10892	3
10893	2
10894	1
10896	2
10897	2
10898	3
10899	1
10900	4
10901	1
10902	3
10903	4
10904	2
10905	3
10906	1
10908	2
10909	3
10910	4
10911	4
10912	1
10914	1
10915	3
10916	2
10917	1
10918	2
10919	2
10920	4
10921	2
10922	2
10923	3
10924	7
10925	3
10926	2
10927	1
10928	1
10929	6
10930	4
10931	2
10932	2
10933	4
10934	2
10935	3
10936	1
10937	3
10938	9
10939	2
10940	1
10941	2
10942	1
10943	1
10944	1
10945	1
10947	1
10948	5
10949	4
10950	2
10951	4
10952	1
10953	4
10955	1
10956	3
10957	2
10958	1
10960	2
10961	3
10962	3
10963	3
10964	1
10965	2
10966	2
10967	1
10968	2
10969	3
10970	3
10971	5
10972	3
10974	3
10975	1
10976	1
10978	2
10979	3
10980	5
10981	1
10982	7
10984	4
10985	1
10986	1
10988	5
10989	1
10990	5
10991	1
10992	4
10993	2
10994	2
10995	3
10997	1
10998	3
10999	2
11001	1
11002	1
11003	1
11004	1
11005	5
11007	3
11008	3
11009	3
11010	4
11011	3
11012	2
11013	2
11014	3
11015	5
11016	3
11017	1
11018	2
11019	1
11020	1
11021	4
11022	3
11023	2
11024	5
11025	2
11026	1
11027	6
11028	3
11029	1
11030	4
11031	1
11032	1
11033	2
11034	4
11035	2
11036	1
11037	3
11038	1
11040	1
11041	2
11042	2
11043	3
11044	4
11045	1
11046	4
11047	3
11048	4
11050	4
11051	2
11052	2
11053	1
11054	3
11055	6
11056	1
11057	3
11058	2
11059	3
11060	1
11061	3
11062	2
11063	1
11064	2
11065	2
11066	2
11067	1
11068	1
11069	3
11070	2
11071	1
11072	1
11073	1
11075	2
11076	1
11077	1
11078	2
11079	2
11081	3
11082	2
11083	3
11084	1
11085	1
11086	6
11087	3
11088	2
11089	3
11090	1
11091	3
11092	3
11093	2
11095	2
11097	1
11098	1
11099	3
11100	2
11101	3
11102	1
11103	2
11104	1
11105	5
11106	2
11107	4
11108	2
11109	2
11110	1
11111	3
11112	1
11113	3
11114	5
11115	1
11116	4
11117	5
11118	6
11119	3
11120	2
11121	4
11123	3
11124	3
11125	1
11126	3
11127	2
11128	2
11129	4
11130	1
11131	1
11133	3
11134	1
11135	1
11136	1
11137	1
11138	2
11139	2
11140	1
11141	2
11143	2
11144	2
11145	1
11146	2
11147	1
11148	3
11149	2
11150	4
11151	3
11152	4
11153	3
11154	2
11155	5
11156	4
11157	1
11158	2
11160	2
11161	4
11164	2
11165	1
11166	1
11167	2
11168	1
11169	1
11170	3
11171	1
11172	1
11174	1
11175	3
11176	2
11177	3
11178	1
11180	2
11181	2
11182	3
11183	1
11184	5
11185	1
11186	2
11187	1
11188	2
11189	3
11190	1
11192	1
11193	1
11194	3
11195	2
11196	1
11197	4
11198	1
11199	3
11200	2
11201	1
11202	3
11203	3
11204	4
11205	3
11206	2
11207	2
11208	3
11209	2
11212	1
11213	2
11214	2
11215	2
11216	2
11217	1
11218	1
11219	2
11220	3
11221	3
11222	3
11223	2
11224	2
11225	1
11226	2
11227	1
11229	4
11230	1
11231	2
11232	1
11233	2
11234	1
11235	1
11237	1
11238	5
11239	2
11240	3
11241	1
11242	1
11243	5
11244	2
11245	4
11247	3
11248	3
11249	1
11250	3
11251	3
11252	4
11253	3
11254	2
11255	1
11256	2
11257	3
11259	2
11260	1
11261	2
11263	3
11264	2
11265	3
11266	4
11267	1
11268	3
11270	4
11271	4
11272	6
11274	4
11276	3
11277	3
11278	2
11280	2
11281	5
11282	1
11284	3
11285	2
11286	3
11287	3
11288	1
11289	2
11290	2
11291	3
11292	1
11293	3
11294	4
11295	1
11296	2
11297	2
11298	3
11299	3
11300	1
11301	3
11302	3
11303	1
11304	3
11305	3
11306	1
11307	2
11308	5
11309	2
11310	1
11311	1
11312	3
11313	4
11315	3
11316	1
11317	4
11318	3
11319	2
11320	2
11321	2
11322	3
11323	3
11325	1
11326	3
11327	3
11328	2
11329	1
11330	3
11331	4
11332	3
11333	1
11334	2
11335	2
11336	3
11337	3
11338	3
11339	4
11340	2
11341	1
11342	4
11343	1
11344	3
11345	2
11346	3
11347	3
11349	3
11350	3
11352	3
11353	1
11354	3
11355	1
11356	1
11357	4
11358	2
11360	1
11361	3
11362	2
11363	1
11365	1
11366	6
11367	3
11368	3
11369	2
11372	1
11373	6
11374	4
11375	4
11376	2
11377	1
11378	3
11379	1
11380	2
11382	3
11383	3
11384	3
11385	1
11386	1
11387	2
11389	1
11390	4
11391	1
11392	2
11393	2
11394	2
11395	5
11396	1
11397	2
11398	1
11399	2
11400	3
11401	2
11402	2
11403	3
11404	2
11405	5
11407	5
11408	1
11409	2
11410	2
11411	2
11412	5
11413	4
11414	4
11415	6
11416	2
11417	2
11418	2
11419	1
11420	3
11421	2
11422	2
11425	4
11426	5
11427	2
11428	2
11429	3
11430	2
11431	3
11432	2
11433	2
11434	2
11435	3
11436	5
11437	2
11438	3
11439	3
11440	3
11441	1
11442	1
11443	2
11444	4
11445	2
11446	2
11447	1
11448	2
11450	2
11451	4
11452	2
11453	2
11454	1
11455	2
11458	1
11459	1
11460	2
11461	4
11462	1
11463	3
11465	2
11466	3
11467	3
11468	1
11469	1
11471	3
11472	4
11473	2
11474	3
11475	6
11477	1
11478	1
11479	3
11480	2
11481	2
11482	3
11483	1
11484	2
11485	3
11486	3
11487	4
11488	1
11489	4
11490	3
11491	1
11492	2
11493	2
11494	3
11495	2
11496	2
11497	4
11498	1
11499	4
11501	3
11502	3
11503	2
11504	4
11506	2
11507	3
11508	7
11509	4
11510	4
11511	1
11512	1
11513	3
11514	2
11515	1
11516	4
11517	4
11518	1
11519	4
11520	1
11521	4
11522	2
11523	6
11524	1
11525	1
11526	2
11527	4
11530	2
11531	1
11532	3
11533	1
11534	6
11535	3
11536	2
11537	1
11538	1
11539	4
11540	2
11541	1
11542	1
11543	2
11544	6
11545	3
11546	1
11547	4
11548	3
11549	1
11550	4
11551	1
11552	1
11553	1
11555	3
11556	4
11557	2
11558	1
11559	3
11560	3
11561	3
11562	2
11563	2
11564	5
11565	3
11566	2
11568	2
11569	2
11570	3
11571	1
11572	3
11573	5
11574	1
11576	3
11577	2
11578	3
11579	5
11580	2
11581	2
11583	2
11585	1
11586	1
11587	3
11588	2
11589	2
11591	1
11592	2
11593	1
11594	2
11595	2
11596	4
11597	1
11598	3
11599	1
11600	2
11601	3
11602	2
11604	2
11605	1
11606	3
11607	1
11608	4
11609	4
11610	2
11611	6
11612	2
11613	5
11614	2
11615	4
11616	2
11617	1
11618	2
11619	2
11620	1
11621	2
11622	4
11624	1
11625	3
11626	2
11627	1
11628	3
11629	4
11630	3
11632	3
11633	4
11634	5
11635	2
11638	4
11639	3
11640	2
11641	2
11642	2
11643	3
11644	1
11646	1
11647	1
11648	1
11649	2
11650	1
11651	1
11652	1
11653	6
11654	1
11655	3
11656	4
11657	2
11658	5
11659	6
11660	5
11661	2
11662	5
11663	1
11664	1
11665	3
11666	4
11667	3
11669	3
11670	1
11671	3
11672	5
11673	2
11674	1
11675	2
11676	1
11677	2
11678	3
11679	1
11680	4
11681	2
11682	1
11683	1
11684	1
11685	1
11686	5
11687	3
11688	2
11692	2
11694	2
11695	5
11696	4
11697	3
11698	1
11699	4
11700	1
11701	1
11702	1
11703	5
11704	4
11705	5
11706	1
11707	3
11708	2
11709	1
11710	1
11711	3
11712	3
11714	4
11715	1
11716	2
11718	2
11719	2
11720	1
11721	1
11722	2
11725	3
11726	4
11727	2
11728	1
11729	3
11730	1
11731	3
11732	1
11733	3
11735	5
11736	1
11737	1
11738	1
11739	1
11740	3
11741	3
11743	1
11744	4
11745	5
11746	2
11747	6
11748	7
11750	2
11751	2
11753	1
11754	1
11755	2
11756	2
11758	2
11759	4
11760	4
11761	2
11762	1
11763	3
11764	5
11765	5
11767	1
11768	4
11769	4
11770	2
11771	1
11772	3
11773	4
11774	1
11775	4
11776	4
11777	2
11778	4
11779	3
11780	1
11781	2
11782	2
11784	1
11785	1
11786	3
11787	1
11789	3
11790	2
11791	1
11792	4
11794	4
11795	2
11796	1
11797	1
11798	4
11799	2
11801	1
11802	5
11803	3
11804	3
11805	3
11806	3
11807	5
11809	2
11810	6
11811	3
11812	1
11813	2
11814	2
11815	2
11816	3
11817	3
11818	3
11819	2
11820	3
11821	3
11822	1
11823	1
11824	3
11825	1
11826	5
11827	5
11828	4
11829	3
11830	3
11831	4
11832	2
11833	3
11835	4
11836	6
11837	3
11838	2
11839	1
11840	3
11841	5
11842	2
11843	2
11844	4
11845	1
11846	2
11847	7
11848	2
11849	4
11850	2
11851	1
11852	2
11853	2
11854	4
11855	2
11856	1
11857	1
11858	1
11860	2
11861	4
11863	3
11864	3
11865	4
11868	4
11870	3
11871	2
11872	2
11873	3
11874	3
11875	1
11876	4
11877	1
11878	2
11880	4
11882	2
11883	5
11884	3
11885	1
11886	4
11887	1
11888	3
11889	2
11890	2
11891	2
11892	1
11893	1
11894	2
11895	5
11896	2
11897	2
11898	1
11901	1
11902	5
11903	1
11904	2
11905	3
11906	1
11907	3
11908	1
11909	2
11910	1
11911	1
11912	3
11915	1
11916	1
11917	6
11918	5
11919	2
11920	3
11921	5
11923	2
11925	4
11926	1
11927	2
11929	4
11930	3
11931	1
11932	1
11933	3
11934	1
11935	3
11936	3
11937	2
11938	1
11939	1
11940	2
11941	2
11942	2
11943	1
11944	4
11945	1
11946	1
11947	2
11948	1
11949	1
11950	3
11951	4
11952	1
11953	3
11954	2
11955	2
11956	2
11957	1
11958	2
11959	1
11960	3
11961	3
11962	4
11963	1
11964	1
11965	4
11966	3
11967	2
11968	1
11969	3
11970	1
11971	1
11972	2
11973	3
11974	2
11975	3
11976	3
11977	2
11978	2
11979	5
11980	3
11981	3
11982	1
11983	2
11984	1
11985	4
11986	1
11987	1
11988	4
11989	3
11990	4
11991	2
11992	1
11993	2
11994	2
11995	2
11996	5
11998	4
11999	5
12000	2
12001	1
12002	1
12003	1
12004	4
12005	2
12006	1
12007	1
12008	1
12009	5
12010	2
12011	3
12012	1
12013	2
12014	3
12015	5
12016	2
12017	5
12019	4
12020	2
12021	3
12022	3
12023	2
12024	3
12025	3
12026	5
12027	3
12028	2
12029	4
12030	2
12031	2
12032	3
12033	6
12034	2
12035	2
12037	1
12038	1
12039	2
12040	2
12041	3
12042	3
12043	4
12044	1
12045	2
12047	2
12049	2
12050	4
12052	4
12053	2
12054	1
12055	3
12056	4
12057	3
12058	1
12060	3
12061	3
12063	1
12064	2
12065	2
12066	1
12067	1
12069	3
12070	3
12071	3
12072	2
12074	2
12075	1
12076	5
12077	2
12078	3
12080	4
12081	3
12082	3
12083	3
12084	3
12085	2
12087	2
12088	3
12089	4
12090	4
12091	4
12092	1
12093	5
12094	1
12095	3
12096	3
12097	3
12098	4
12099	3
12100	3
12101	2
12102	3
12103	2
12104	4
12105	4
12106	3
12107	3
12108	1
12109	2
12110	1
12111	2
12112	1
12113	3
12114	1
12115	4
12116	3
12117	2
12118	2
12119	1
12120	2
12121	1
12122	4
12123	3
12124	1
12125	1
12126	2
12127	1
12128	2
12129	4
12130	4
12131	3
12132	2
12133	1
12134	1
12135	1
12136	5
12137	2
12138	5
12139	4
12140	2
12141	2
12143	1
12144	2
12145	1
12146	2
12147	3
12148	4
12149	1
12150	4
12151	1
12152	2
12153	2
12154	1
12155	1
12156	2
12158	2
12159	2
12160	2
12161	1
12162	5
12163	4
12164	3
12166	2
12167	2
12168	3
12169	1
12170	2
12171	4
12172	1
12173	5
12174	2
12175	3
12176	3
12177	2
12178	3
12179	1
12180	2
12181	1
12183	5
12185	7
12186	3
12187	2
12188	2
12189	3
12190	4
12191	1
12192	2
12193	2
12194	4
12195	3
12196	3
12197	4
12199	3
12200	1
12201	1
12202	1
12203	3
12204	2
12205	1
12206	1
12207	2
12208	1
12209	3
12210	4
12211	1
12212	3
12213	7
12214	1
12216	2
12217	5
12218	1
12219	2
12220	2
12222	2
12223	1
12224	4
12225	1
12226	4
12227	2
12228	3
12229	5
12230	4
12231	2
12232	1
12235	1
12236	7
12237	1
12239	1
12241	2
12242	4
12243	4
12244	3
12245	3
12246	2
12247	3
12248	1
12249	1
12250	1
12251	4
12252	3
12253	2
12254	2
12255	1
12256	3
12257	2
12258	3
12259	2
12260	1
12262	2
12263	1
12264	3
12265	2
12266	3
12268	2
12269	3
12270	4
12271	1
12272	5
12273	3
12274	2
12275	3
12276	1
12277	1
12278	2
12279	1
12280	2
12281	3
12282	5
12283	3
12284	2
12285	3
12286	2
12287	3
12288	2
12290	8
12291	3
12292	1
12294	2
12295	3
12296	1
12297	1
12298	4
12299	2
12300	5
12301	1
12302	1
12303	7
12304	2
12305	3
12306	1
12307	2
12308	1
12309	6
12310	1
12311	2
12313	1
12314	1
12315	1
12316	2
12317	3
12318	2
12320	1
12321	2
12322	2
12323	3
12324	2
12325	2
12327	1
12328	1
12329	3
12330	1
12331	3
12332	1
12333	3
12334	2
12335	2
12336	4
12337	1
12338	1
12339	2
12340	4
12341	4
12342	4
12343	1
12344	3
12345	2
12346	2
12347	1
12349	3
12352	5
12353	2
12354	4
12355	2
12356	4
12357	3
12358	2
12360	3
12361	3
12363	4
12364	2
12366	1
12368	1
12369	5
12370	5
12371	1
12372	1
12373	3
12374	2
12375	4
12376	6
12377	2
12378	3
12379	1
12380	2
12381	1
12382	2
12383	3
12384	1
12385	4
12386	3
12387	4
12388	1
12389	2
12391	2
12392	3
12393	3
12394	2
12395	4
12396	2
12397	1
12398	1
12399	6
12400	2
12401	1
12402	2
12403	2
12404	2
12405	1
12406	1
12407	2
12408	2
12409	3
12410	3
12411	4
12413	2
12414	3
12415	3
12416	1
12417	1
12418	1
12419	6
12421	1
12422	1
12423	1
12424	1
12425	4
12427	3
12428	2
12429	3
12430	1
12432	1
12433	3
12434	4
12435	4
12436	2
12438	1
12439	3
12440	3
12441	3
12442	3
12443	3
12444	2
12445	2
12446	3
12447	1
12448	3
12449	1
12450	5
12451	2
12452	2
12453	1
12454	2
12455	1
12456	3
12457	3
12458	3
12459	2
12460	4
12461	4
12462	1
12463	1
12464	1
12465	1
12466	3
12467	5
12468	5
12469	4
12470	1
12471	4
12472	5
12474	4
12475	4
12476	2
12477	1
12479	6
12481	2
12482	1
12483	1
12484	4
12487	2
12488	4
12489	5
12490	4
12491	4
12492	3
12493	1
12495	1
12496	1
12497	5
12498	2
12499	4
12500	2
12501	3
12502	3
12503	1
12504	6
12505	2
12506	4
12507	2
12508	4
12509	3
12510	4
12511	3
12512	5
12513	2
12514	2
12515	2
12516	5
12518	3
12520	2
12521	1
12522	1
12523	2
12524	3
12525	2
12526	3
12527	2
12528	2
12529	4
12531	2
12532	1
12533	2
12534	4
12535	1
12536	1
12538	4
12539	1
12540	2
12542	3
12543	2
12544	2
12545	3
12547	3
12548	2
12549	2
12550	4
12551	1
12552	2
12553	4
12554	2
12555	4
12556	1
12557	2
12558	2
12559	3
12560	2
12561	3
12562	2
12563	3
12564	3
12565	4
12566	1
12567	2
12568	2
12569	1
12570	3
12571	4
12572	5
12573	1
12574	1
12576	2
12577	3
12578	1
12579	3
12580	1
12581	1
12582	1
12583	1
12584	1
12585	3
12586	1
12588	1
12589	2
12590	3
12591	1
12592	6
12593	3
12594	1
12595	3
12596	4
12597	2
12598	2
12600	2
12601	5
12602	2
12603	2
12604	1
12605	1
12606	1
12607	4
12608	4
12609	1
12610	5
12612	5
12613	6
12614	1
12615	1
12617	1
12618	4
12619	3
12620	1
12621	3
12622	2
12623	3
12625	1
12627	4
12629	3
12630	1
12631	1
12632	1
12633	1
12634	3
12635	2
12636	5
12637	2
12638	5
12639	1
12640	4
12641	1
12642	2
12644	4
12645	3
12646	1
12648	2
12649	2
12650	3
12651	2
12652	5
12653	2
12654	1
12655	3
12656	1
12659	1
12660	3
12661	1
12662	2
12663	2
12664	2
12665	3
12666	1
12667	2
12668	3
12669	2
12670	2
12671	2
12672	3
12674	3
12675	1
12676	1
12677	2
12678	1
12679	5
12680	2
12681	3
12682	1
12683	1
12684	1
12685	2
12686	1
12687	1
12688	1
12689	2
12691	4
12692	1
12693	2
12694	2
12695	1
12696	1
12697	2
12698	1
12699	2
12700	4
12701	4
12702	4
12703	2
12704	3
12705	4
12707	3
12708	3
12709	2
12710	2
12711	2
12712	2
12713	1
12714	1
12717	4
12718	1
12720	3
12721	2
12722	2
12723	2
12724	2
12725	1
12726	1
12727	5
12728	4
12729	3
12730	3
12732	1
12733	1
12734	1
12735	2
12736	2
12737	3
12739	1
12740	2
12741	4
12742	4
12743	2
12744	4
12745	2
12747	3
12748	1
12749	2
12751	2
12752	2
12754	3
12755	3
12757	2
12758	1
12759	3
12760	2
12761	2
12763	1
12764	2
12765	3
12766	3
12767	5
12768	2
12769	3
12770	5
12771	4
12772	4
12774	2
12775	3
12776	1
12778	4
12779	3
12780	1
12781	1
12782	1
12784	4
12785	6
12786	4
12787	2
12788	1
12789	1
12790	5
12791	4
12792	3
12793	2
12794	3
12795	4
12796	3
12797	2
12798	2
12799	2
12800	4
12801	2
12802	4
12803	1
12804	3
12805	2
12806	2
12807	1
12808	1
12809	2
12810	2
12812	4
12813	3
12814	3
12815	1
12816	3
12817	1
12818	4
12819	1
12820	2
12821	2
12822	1
12824	2
12825	1
12826	2
12827	3
12828	1
12829	2
12831	1
12833	3
12834	5
12835	2
12837	1
12838	2
12839	2
12840	2
12841	1
12842	3
12843	1
12844	1
12845	1
12846	7
12847	2
12848	4
12849	4
12850	1
12851	2
12852	1
12854	1
12855	2
12856	2
12857	1
12858	2
12859	3
12860	2
12861	2
12862	3
12863	3
12865	5
12866	2
12867	2
12869	2
12870	3
12871	1
12872	2
12873	3
12874	3
12875	5
12877	7
12878	5
12879	3
12880	2
12881	3
12882	4
12883	2
12884	2
12885	3
12886	3
12887	5
12888	5
12891	4
12892	3
12893	3
12894	3
12895	3
12896	2
12897	1
12898	5
12899	2
12900	1
12901	1
12902	3
12904	2
12905	1
12906	3
12907	1
12908	1
12910	2
12911	2
12912	5
12913	7
12914	2
12917	3
12918	4
12919	5
12920	3
12921	1
12922	3
12923	4
12924	2
12925	1
12926	2
12927	3
12928	3
12929	2
12930	2
12933	3
12934	3
12935	3
12936	4
12938	3
12939	2
12940	1
12941	1
12942	6
12943	3
12944	3
12945	3
12946	2
12947	2
12948	5
12949	1
12950	4
12951	2
12952	2
12953	2
12954	1
12955	2
12956	3
12957	2
12958	5
12959	2
12960	2
12961	2
12962	3
12963	1
12964	1
12966	2
12967	3
12968	1
12969	3
12970	1
12971	2
12972	2
12973	2
12974	2
12975	1
12976	2
12977	1
12978	1
12979	2
12980	2
12981	3
12982	7
12983	3
12984	2
12985	2
12986	1
12987	3
12988	2
12989	4
12990	2
12991	3
12992	3
12994	2
12995	4
12996	3
12997	5
12998	1
12999	3
13000	3
13001	1
13002	5
13003	2
13004	2
13005	1
13006	1
13009	2
13010	1
13011	1
13012	2
13013	5
13014	1
13015	1
13016	4
13017	2
13018	1
13019	3
13020	1
13021	3
13022	4
13023	4
13024	5
13025	4
13027	5
13029	1
13030	2
13031	1
13032	5
13033	2
13035	1
13037	4
13038	1
13039	1
13040	2
13041	2
13042	1
13043	5
13044	2
13045	3
13046	3
13048	2
13049	3
13050	3
13051	1
13052	2
13053	4
13054	1
13056	2
13057	1
13058	2
13059	3
13060	2
13061	1
13062	3
13063	2
13064	2
13065	2
13066	6
13067	3
13068	1
13069	2
13070	3
13071	2
13072	1
13073	3
13074	2
13075	2
13076	2
13077	1
13078	2
13079	4
13080	2
13082	1
13084	2
13085	4
13086	3
13087	3
13088	1
13089	4
13090	4
13091	4
13092	6
13093	3
13095	3
13096	1
13097	1
13098	4
13099	2
13100	4
13102	1
13103	1
13104	2
13105	3
13106	3
13107	1
13108	2
13109	1
13110	1
13111	4
13112	1
13114	2
13115	2
13116	2
13117	3
13118	1
13119	2
13120	3
13123	3
13124	1
13126	5
13127	4
13128	2
13129	3
13130	2
13131	2
13132	2
13133	5
13134	2
13135	2
13136	2
13137	4
13138	2
13139	2
13141	3
13143	1
13145	2
13146	3
13149	5
13150	3
13151	5
13152	1
13153	5
13154	3
13155	1
13156	2
13157	1
13158	3
13159	3
13160	1
13161	3
13164	2
13165	4
13166	1
13167	3
13168	2
13169	2
13170	2
13172	2
13173	3
13174	3
13175	3
13176	7
13177	2
13178	1
13179	3
13180	4
13181	1
13182	1
13183	1
13184	1
13186	3
13187	2
13188	2
13189	4
13190	1
13191	1
13192	3
13193	2
13194	2
13195	2
13197	1
13198	3
13199	2
13200	2
13201	2
13202	1
13203	3
13204	1
13205	1
13206	3
13207	3
13208	3
13209	1
13210	3
13212	1
13213	1
13214	2
13215	4
13216	2
13217	4
13218	3
13219	4
13221	2
13222	3
13223	2
13224	2
13225	1
13227	2
13228	2
13229	2
13232	2
13233	3
13234	2
13235	2
13236	5
13237	2
13238	1
13240	1
13241	3
13242	3
13244	1
13245	2
13246	1
13247	2
13248	3
13250	1
13251	1
13252	2
13253	2
13254	2
13255	4
13257	3
13258	2
13259	1
13260	2
13261	1
13262	2
13263	2
13264	1
13265	1
13266	3
13267	1
13268	4
13270	3
13271	1
13272	2
13273	1
13274	1
13275	1
13276	2
13277	4
13278	4
13279	8
13281	3
13282	2
13283	2
13285	2
13287	1
13288	3
13289	5
13290	2
13292	4
13293	2
13294	3
13295	3
13296	4
13297	4
13298	1
13299	1
13301	2
13302	3
13303	1
13305	1
13306	4
13307	1
13308	1
13309	2
13310	3
13311	2
13312	5
13313	4
13314	1
13315	1
13316	3
13317	1
13318	6
13319	3
13320	1
13322	3
13323	4
13324	3
13325	2
13326	4
13327	3
13329	1
13331	4
13332	1
13333	2
13334	2
13335	4
13336	4
13337	1
13338	3
13339	2
13341	4
13342	3
13343	2
13344	1
13345	3
13346	2
13347	1
13348	5
13350	5
13351	2
13352	5
13353	2
13354	2
13355	3
13356	2
13357	1
13358	1
13359	1
13360	4
13361	1
13362	1
13363	1
13364	1
13365	3
13366	1
13367	3
13368	1
13369	1
13370	3
13371	3
13372	2
13373	3
13374	5
13375	2
13376	2
13377	3
13378	5
13379	1
13380	3
13381	1
13382	3
13383	2
13384	1
13385	4
13386	2
13387	1
13388	3
13389	1
13390	5
13391	3
13392	1
13393	3
13394	1
13395	2
13396	2
13397	6
13398	5
13399	2
13400	1
13402	2
13403	1
13404	2
13405	3
13406	1
13407	2
13408	2
13409	1
13410	3
13411	3
13412	2
13413	1
13414	6
13415	1
13416	3
13417	1
13418	4
13419	1
13420	1
13421	3
13422	3
13423	2
13424	1
13425	2
13426	3
13427	6
13428	1
13430	3
13431	2
13432	2
13433	5
13434	3
13435	5
13436	1
13437	5
13439	2
13440	3
13441	1
13442	3
13443	2
13444	3
13445	1
13446	3
13447	1
13448	2
13449	3
13450	1
13451	2
13452	3
13453	1
13454	2
13455	2
13456	3
13457	5
13458	3
13459	2
13460	1
13461	1
13462	1
13463	3
13464	2
13465	1
13466	6
13468	2
13469	2
13471	6
13473	3
13474	3
13475	5
13476	1
13477	3
13478	2
13479	5
13480	2
13482	5
13483	2
13484	4
13485	1
13486	1
13487	3
13488	1
13489	2
13491	5
13492	3
13493	1
13495	3
13496	4
13497	5
13498	1
13499	3
13500	3
13501	2
13502	3
13503	3
13504	1
13505	2
13506	1
13507	5
13508	1
13510	3
13511	1
13512	4
13513	3
13514	3
13515	2
13516	4
13517	2
13518	1
13519	3
13521	1
13522	3
13523	3
13524	4
13525	4
13526	4
13528	3
13529	3
13530	3
13531	2
13532	2
13533	1
13534	3
13535	1
13536	3
13537	4
13538	5
13539	2
13540	1
13542	2
13543	2
13544	2
13545	3
13547	3
13548	4
13549	2
13550	4
13551	5
13552	3
13553	1
13554	2
13556	1
13557	1
13559	2
13560	2
13562	2
13563	2
13564	2
13565	1
13566	2
13567	1
13568	1
13569	5
13570	3
13571	1
13572	3
13573	2
13574	3
13575	3
13576	1
13577	6
13578	1
13579	5
13580	1
13581	2
13582	2
13583	1
13584	2
13586	2
13587	1
13588	3
13589	3
13590	3
13592	1
13593	2
13594	3
13595	3
13596	2
13597	4
13598	2
13599	2
13600	1
13601	2
13602	4
13603	2
13604	2
13605	2
13606	2
13607	5
13608	1
13611	5
13612	3
13613	2
13614	2
13615	7
13616	2
13617	2
13618	2
13619	2
13620	2
13621	5
13622	1
13623	2
13624	5
13625	1
13626	5
13627	4
13628	3
13629	3
13632	2
13633	3
13634	3
13635	1
13636	5
13637	2
13638	4
13639	3
13640	5
13642	4
13643	2
13644	4
13645	3
13646	1
13647	2
13648	5
13649	2
13650	4
13651	1
13652	1
13653	2
13654	2
13655	5
13656	4
13657	3
13658	1
13659	3
13660	2
13662	1
13663	4
13664	1
13666	7
13667	4
13668	1
13669	3
13670	2
13671	6
13673	2
13674	2
13675	1
13676	2
13677	1
13679	2
13680	1
13681	1
13682	1
13683	2
13684	4
13685	4
13686	2
13687	2
13688	6
13689	2
13690	3
13691	1
13692	2
13693	2
13694	1
13695	2
13696	2
13697	1
13698	1
13699	1
13700	3
13701	1
13702	1
13703	1
13704	1
13705	1
13706	2
13707	4
13708	6
13709	4
13710	1
13711	3
13712	2
13714	2
13715	2
13716	1
13718	2
13719	3
13720	2
13721	1
13722	3
13723	2
13724	5
13726	1
13727	1
13728	4
13729	3
13730	2
13733	1
13734	1
13735	3
13737	3
13738	3
13739	1
13740	2
13741	4
13742	2
13743	1
13744	2
13745	3
13746	2
13747	4
13750	1
13751	2
13752	1
13754	6
13755	3
13756	3
13758	5
13759	2
13760	1
13761	5
13763	1
13765	1
13766	3
13767	3
13768	4
13769	3
13770	4
13771	2
13772	5
13773	1
13774	2
13775	2
13776	1
13777	3
13778	2
13779	3
13780	3
13781	3
13782	2
13783	2
13784	3
13786	1
13787	9
13788	5
13789	2
13790	1
13791	4
13792	3
13793	4
13794	3
13795	1
13797	3
13798	1
13799	1
13801	3
13802	1
13803	1
13804	2
13805	1
13806	4
13807	7
13808	1
13809	4
13810	1
13811	3
13813	1
13814	3
13815	1
13816	3
13817	2
13818	2
13820	1
13821	2
13822	1
13823	1
13824	1
13825	1
13826	3
13828	5
13829	1
13830	2
13831	3
13832	1
13834	2
13835	2
13837	2
13838	1
13839	2
13840	1
13841	6
13842	5
13843	2
13844	3
13845	4
13846	2
13847	4
13850	1
13851	4
13852	3
13853	4
13854	5
13856	2
13857	2
13858	1
13859	1
13860	4
13861	1
13862	4
13863	3
13864	1
13865	3
13866	1
13867	1
13868	7
13869	1
13870	2
13871	1
13872	1
13873	1
13874	4
13875	1
13876	7
13877	4
13878	5
13879	2
13880	3
13881	3
13882	2
13883	2
13884	5
13885	2
13886	3
13887	2
13888	5
13889	1
13890	2
13891	2
13892	5
13893	3
13894	4
13895	3
13896	3
13897	2
13898	3
13899	1
13901	1
13902	3
13903	2
13904	2
13905	1
13906	1
13907	1
13908	3
13909	2
13910	4
13912	1
13913	4
13914	2
13915	2
13916	2
13917	3
13918	1
13919	1
13920	1
13921	4
13922	2
13923	3
13924	1
13925	2
13926	2
13927	2
13928	3
13929	1
13930	3
13931	2
13933	3
13934	3
13935	2
13936	1
13937	1
13938	3
13939	2
13940	2
13941	3
13942	4
13943	2
13944	2
13945	4
13946	3
13947	2
13948	1
13949	3
13950	3
13951	2
13952	4
13953	4
13954	3
13955	1
13956	5
13957	2
13958	3
13959	4
13961	4
13962	2
13963	1
13966	1
13967	7
13968	3
13969	3
13970	3
13972	2
13973	3
13974	1
13975	2
13976	3
13977	2
13979	2
13980	2
13982	1
13983	2
13984	1
13985	2
13986	5
13987	2
13988	2
13990	2
13991	1
13992	2
13993	3
13994	3
13995	3
13996	7
13998	1
13999	5
14000	2
14001	4
14002	1
14003	3
14004	2
14006	5
14007	1
14008	1
14009	2
14011	1
14013	4
14014	3
14015	1
14016	4
14019	1
14020	1
14021	1
14023	2
14024	2
14025	2
14026	2
14027	1
14028	1
14029	2
14030	2
14031	1
14032	4
14033	2
14034	1
14035	1
14036	4
14037	1
14038	3
14039	3
14040	2
14041	3
14042	4
14043	6
14044	1
14046	1
14047	3
14048	1
14049	2
14050	2
14051	1
14052	4
14053	6
14054	3
14055	3
14056	2
14057	1
14058	2
14059	4
14060	2
14061	3
14062	1
14063	3
14064	1
14065	3
14066	1
14067	2
14068	4
14069	2
14070	2
14071	4
14072	2
14074	3
14075	1
14076	3
14077	6
14078	1
14080	2
14081	3
14082	3
14083	2
14084	1
14085	1
14087	2
14088	3
14090	2
14091	2
14092	2
14093	4
14094	1
14096	3
14097	6
14098	1
14099	3
14100	5
14101	3
14102	3
14103	1
14104	3
14105	3
14106	1
14107	1
14109	1
14110	2
14111	2
14112	3
14113	3
14114	2
14115	2
14116	3
14117	2
14118	2
14119	3
14120	1
14121	2
14122	1
14123	3
14124	2
14127	3
14129	4
14130	1
14132	4
14133	3
14134	1
14135	3
14136	3
14137	1
14139	3
14140	3
14142	2
14143	1
14144	3
14145	5
14147	3
14149	4
14151	3
14152	2
14154	1
14155	4
14157	2
14158	4
14159	3
14160	4
14161	3
14163	4
14164	3
14165	3
14166	2
14167	2
14168	5
14169	3
14170	5
14172	2
14173	2
14174	2
14176	2
14178	4
14179	2
14180	2
14181	2
14182	1
14183	4
14184	4
14185	5
14186	1
14187	3
14188	2
14189	3
14190	1
14191	1
14192	1
14193	3
14194	1
14195	3
14196	2
14197	4
14198	1
14199	2
14200	3
14201	1
14202	3
14204	6
14205	2
14206	2
14207	3
14208	1
14209	4
14210	2
14211	4
14212	4
14213	3
14214	1
14215	4
14216	2
14217	3
14218	2
14219	4
14220	3
14222	3
14223	2
14224	5
14225	2
14226	1
14227	1
14228	3
14229	3
14231	4
14232	3
14233	2
14234	1
14235	2
14236	2
14237	3
14238	1
14239	5
14240	2
14241	2
14242	1
14243	2
14244	2
14245	5
14246	1
14247	1
14248	1
14249	1
14251	3
14254	3
14255	3
14256	5
14257	4
14258	4
14259	2
14260	1
14261	2
14262	2
14263	1
14265	4
14267	1
14268	4
14270	1
14271	2
14272	2
14273	4
14275	4
14276	2
14277	2
14278	1
14279	2
14280	2
14281	2
14282	2
14283	3
14284	3
14285	2
14287	1
14288	2
14289	1
14290	2
14292	5
14293	3
14294	2
14295	2
14296	2
14297	5
14298	3
14299	4
14300	2
14301	3
14302	3
14305	1
14306	2
14307	4
14308	1
14309	4
14310	2
14311	3
14312	1
14313	3
14314	1
14316	1
14317	4
14319	1
14320	1
14321	2
14322	1
14323	4
14324	1
14325	3
14326	1
14328	1
14329	1
14330	2
14331	3
14332	2
14333	2
14334	2
14335	2
14336	1
14337	2
14338	2
14339	5
14340	2
14341	3
14342	2
14343	4
14344	7
14345	2
14346	3
14347	2
14348	3
14349	1
14350	1
14352	3
14353	2
14354	1
14355	2
14356	1
14357	1
14358	3
14359	2
14360	1
14362	2
14364	4
14366	3
14367	1
14368	1
14369	2
14371	1
14372	5
14374	2
14375	1
14376	3
14377	3
14378	3
14379	3
14380	1
14382	5
14383	2
14384	1
14386	5
14387	3
14388	1
14389	1
14390	2
14391	5
14392	3
14393	3
14394	1
14395	1
14397	6
14398	4
14399	1
14400	3
14401	1
14402	3
14403	3
14404	1
14405	1
14406	5
14408	3
14409	1
14410	4
14411	7
14413	2
14414	4
14415	6
14416	3
14417	3
14419	1
14420	2
14422	1
14423	5
14424	1
14425	2
14426	4
14427	5
14428	2
14429	2
14431	4
14432	2
14434	3
14436	2
14437	2
14438	3
14439	1
14440	2
14441	2
14442	2
14443	2
14444	4
14446	4
14447	2
14448	3
14449	6
14450	5
14451	5
14452	3
14453	3
14454	1
14455	1
14457	4
14458	2
14459	4
14460	3
14461	3
14462	1
14463	1
14464	2
14465	2
14466	2
14467	2
14468	3
14469	1
14470	4
14472	2
14473	1
14474	1
14475	3
14476	2
14477	4
14478	2
14479	1
14480	4
14482	1
14483	2
14484	1
14485	4
14486	2
14487	2
14488	2
14489	2
14490	3
14491	2
14492	5
14493	3
14494	2
14495	3
14497	3
14498	3
14499	3
14500	4
14501	3
14502	2
14503	3
14506	3
14509	3
14510	2
14511	3
14512	2
14513	3
14514	8
14515	1
14517	1
14518	3
14519	4
14520	4
14521	3
14522	3
14523	3
14524	1
14525	2
14526	2
14527	2
14528	2
14529	2
14530	3
14532	2
14533	2
14534	2
14535	3
14536	2
14537	6
14538	5
14539	7
14540	1
14541	2
14542	5
14543	2
14544	6
14545	2
14546	4
14547	1
14548	5
14549	1
14550	1
14551	1
14552	2
14553	1
14554	1
14555	1
14556	2
14557	1
14558	1
14560	4
14561	1
14563	2
14564	2
14565	1
14566	1
14567	4
14568	2
14569	7
14570	1
14571	4
14572	6
14573	1
14574	2
14575	1
14576	1
14577	3
14578	3
14579	6
14580	3
14581	3
14582	4
14583	1
14584	1
14585	1
14586	3
14587	3
14588	3
14589	2
14591	3
14592	2
14593	1
14594	5
14595	4
14596	2
14597	1
14598	4
14599	1
14600	1
14602	3
14604	3
14605	3
14606	1
14607	1
14608	3
14609	1
14610	2
14611	3
14612	3
14613	4
14614	1
14615	2
14616	3
14617	2
14618	4
14621	1
14622	1
14623	2
14625	3
14626	3
14627	5
14628	3
14629	1
14631	3
14632	1
14633	2
14634	1
14635	2
14636	3
14637	3
14638	2
14640	2
14641	3
14642	5
14643	2
14644	4
14645	2
14646	5
14647	1
14648	3
14649	5
14650	3
14651	2
14652	1
14653	2
14654	3
14655	2
14656	2
14657	4
14659	2
14660	3
14661	1
14662	1
14663	4
14664	3
14665	1
14667	1
14668	2
14669	1
14670	4
14671	1
14672	2
14673	2
14674	3
14675	1
14676	2
14677	1
14678	2
14679	1
14680	1
14681	1
14682	3
14683	2
14684	2
14685	2
14686	1
14687	3
14688	1
14689	2
14690	2
14691	1
14692	1
14693	4
14694	3
14696	3
14697	3
14698	3
14699	2
14700	4
14702	1
14704	4
14705	2
14706	2
14707	1
14708	3
14709	3
14710	3
14711	2
14712	1
14714	1
14715	1
14716	5
14717	3
14718	3
14719	1
14720	1
14721	3
14722	3
14723	4
14724	2
14725	3
14726	1
14727	4
14728	1
14729	3
14730	4
14731	3
14732	3
14733	1
14734	4
14735	5
14736	2
14737	2
14738	2
14739	2
14740	3
14741	5
14742	1
14743	1
14744	2
14745	1
14746	4
14747	3
14748	6
14749	1
14750	1
14751	2
14752	3
14753	2
14754	2
14755	2
14756	1
14758	3
14759	2
14760	3
14761	2
14762	3
14763	2
14764	4
14765	3
14766	1
14767	2
14768	2
14769	1
14771	3
14772	1
14773	1
14774	2
14775	2
14776	3
14777	1
14779	3
14780	1
14781	4
14782	4
14783	1
14784	1
14785	1
14786	2
14787	2
14788	3
14790	1
14791	1
14792	3
14793	5
14794	2
14795	1
14796	1
14797	2
14798	2
14799	5
14800	4
14801	4
14802	4
14803	3
14804	1
14805	1
14806	2
14807	3
14808	2
14809	5
14810	4
14811	5
14812	3
14813	1
14814	1
14815	2
14816	3
14817	5
14818	4
14819	4
14820	4
14821	3
14822	5
14823	2
14824	3
14825	3
14826	2
14827	2
14828	3
14829	1
14830	1
14831	2
14832	4
14833	2
14834	2
14835	1
14836	2
14837	1
14838	1
14839	3
14840	2
14841	4
14842	1
14843	2
14844	2
14846	3
14847	1
14848	1
14849	3
14850	5
14851	3
14852	2
14853	2
14854	1
14855	2
14856	1
14857	2
14858	3
14859	2
14860	1
14861	2
14862	3
14863	3
14864	1
14865	4
14866	4
14867	1
14868	2
14869	4
14870	5
14871	3
14872	2
14873	1
14874	1
14875	2
14876	5
14877	3
14879	2
14880	3
14881	1
14882	2
14883	3
14884	4
14885	4
14886	1
14887	1
14888	3
14889	2
14890	3
14892	2
14893	3
14894	2
14895	5
14896	1
14897	2
14898	3
14899	2
14900	3
14901	1
14902	1
14904	2
14905	1
14906	1
14907	1
14909	3
14910	5
14912	3
14913	4
14914	1
14915	3
14916	5
14917	1
14918	1
14920	1
14921	4
14922	1
14923	1
14924	3
14925	2
14927	5
14929	2
14930	4
14931	1
14932	1
14933	5
14934	3
14935	2
14936	1
14937	1
14938	2
14940	1
14941	2
14943	3
14944	2
14945	2
14947	4
14948	2
14949	4
14950	3
14951	1
14952	4
14953	4
14954	3
14955	1
14956	2
14957	6
14958	1
14959	1
14960	2
14961	4
14962	4
14964	1
14965	1
14966	1
14967	3
14968	1
14969	3
14970	1
14971	3
14972	1
14973	5
14974	2
14975	2
14976	1
14978	2
14979	5
14980	5
14981	4
14982	1
14983	1
14984	3
14985	4
14986	2
14988	1
14989	1
14990	2
14991	3
14993	2
14994	3
14995	1
14996	3
14997	2
14998	3
14999	4
15000	3
15001	1
15003	1
15004	3
15005	3
15007	1
15008	2
15009	1
15010	2
15011	1
15012	3
15013	2
15014	1
15015	1
15016	3
15017	1
15018	1
15019	2
15020	2
15021	3
15022	2
15023	2
15024	2
15025	1
15026	1
15028	3
15030	2
15031	4
15032	1
15033	2
15034	3
15035	2
15036	2
15037	2
15039	3
15040	2
15041	2
15042	1
15043	3
15044	3
15045	2
15046	2
15047	3
15048	1
15049	2
15050	3
15051	4
15052	2
15053	1
15055	5
15056	1
15057	2
15058	3
15059	1
15060	3
15061	2
15062	3
15064	2
15065	4
15066	1
15067	2
15068	2
15069	1
15070	1
15071	2
15072	3
15073	2
15074	1
15075	2
15076	2
15077	1
15078	2
15079	3
15080	3
15081	2
15082	3
15083	2
15084	2
15085	1
15086	5
15088	4
15089	2
15091	2
15092	4
15095	1
15096	2
15097	3
15098	7
15099	3
15100	2
15101	3
15102	3
15103	2
15104	3
15105	3
15106	2
15107	2
15108	1
15109	2
15110	4
15112	2
15113	3
15114	2
15115	3
15116	3
15117	2
15118	2
15119	1
15120	4
15121	2
15122	2
15123	3
15124	2
15125	1
15126	4
15127	1
15128	1
15129	4
15131	2
15132	2
15133	1
15134	2
15135	1
15136	2
15137	1
15138	5
15139	1
15140	2
15141	3
15142	1
15143	4
15144	2
15145	1
15146	3
15147	4
15149	1
15150	1
15151	2
15152	6
15153	1
15154	5
15156	1
15157	2
15158	1
15159	5
15160	3
15161	3
15162	4
15163	2
15164	2
15165	2
15166	2
15167	1
15168	1
15169	4
15170	2
15171	4
15172	1
15173	4
15176	5
15177	2
15179	3
15180	3
15181	3
15182	4
15183	4
15184	1
15185	1
15186	3
15187	2
15188	6
15189	3
15190	3
15191	1
15192	4
15193	1
15194	3
15196	4
15197	2
15198	1
15199	7
15200	2
15201	2
15202	1
15203	3
15204	1
15205	6
15206	2
15207	3
15208	1
15209	3
15210	2
15211	3
15212	1
15213	2
15214	6
15215	1
15216	2
15217	2
15218	5
15219	1
15220	1
15221	2
15222	2
15223	2
15224	3
15225	2
15226	1
15227	2
15228	1
15229	7
15230	3
15231	2
15232	4
15233	1
15234	2
15235	4
15236	5
15237	1
15238	6
15239	2
15240	3
15241	1
15242	1
15243	1
15244	2
15245	1
15246	4
15247	2
15248	2
15249	2
15250	3
15251	2
15252	2
15254	5
15255	3
15256	1
15257	1
15258	3
15259	7
15260	3
15261	2
15262	4
15263	2
15264	1
15265	2
15266	4
15267	1
15269	3
15270	4
15271	1
15272	1
15273	2
15274	3
15275	2
15276	3
15277	1
15278	3
15279	2
15280	2
15281	2
15282	4
15283	3
15284	1
15285	3
15286	3
15287	2
15288	6
15289	3
15290	4
15291	3
15292	1
15293	1
15294	3
15295	4
15296	3
15297	2
15299	2
15300	1
15301	2
15302	3
15303	2
15304	2
15305	2
15306	1
15307	4
15308	1
15309	1
15310	1
15311	3
15312	3
15313	2
15314	2
15315	4
15316	2
15317	1
15319	1
15320	1
15321	4
15323	3
15324	3
15325	2
15326	1
15327	3
15328	2
15329	1
15331	2
15332	2
15333	2
15334	4
15335	1
15336	5
15337	1
15338	1
15339	1
15340	2
15341	2
15342	3
15343	3
15344	1
15345	2
15346	5
15347	1
15348	1
15349	2
15351	2
15352	2
15353	3
15354	1
15355	4
15356	1
15357	2
15358	2
15359	4
15361	4
15362	3
15364	1
15365	5
15366	3
15367	1
15368	2
15370	5
15371	5
15372	1
15375	1
15376	1
15377	2
15378	2
15379	3
15380	1
15381	2
15382	1
15383	1
15384	3
15385	5
15387	4
15388	4
15390	3
15391	2
15392	3
15393	4
15394	1
15395	1
15396	3
15397	4
15398	2
15399	1
15400	1
15401	2
15402	3
15403	3
15405	2
15406	2
15407	2
15408	2
15409	2
15410	1
15411	3
15412	2
15413	3
15414	4
15415	1
15416	3
15417	2
15418	1
15419	2
15420	2
15421	1
15422	2
15423	2
15426	3
15429	4
15430	3
15431	3
15432	1
15433	1
15434	2
15435	2
15436	1
15437	2
15438	1
15439	1
15440	5
15441	3
15442	1
15443	3
15444	2
15446	1
15447	1
15449	1
15450	5
15451	4
15452	4
15453	3
15454	1
15455	2
15456	2
15458	3
15459	4
15460	4
15461	2
15462	3
15463	6
15464	1
15465	3
15466	5
15467	3
15469	2
15471	1
15472	3
15473	4
15474	2
15475	3
15476	1
15477	2
15478	3
15479	1
15480	5
15481	1
15482	1
15483	1
15484	4
15485	3
15486	2
15487	1
15488	2
15490	1
15491	2
15492	5
15493	2
15494	3
15496	1
15497	2
15500	2
15501	2
15502	3
15503	3
15504	4
15505	1
15506	6
15508	1
15509	2
15510	1
15511	2
15512	4
15513	1
15514	1
15515	2
15516	5
15517	2
15518	2
15519	3
15520	1
15521	4
15523	1
15525	1
15526	1
15527	3
15528	2
15529	3
15530	3
15531	3
15532	3
15533	1
15534	4
15536	2
15537	2
15538	4
15540	3
15541	1
15543	1
15544	1
15546	2
15547	3
15548	2
15549	1
15550	4
15551	2
15552	4
15553	1
15554	1
15555	5
15556	1
15557	4
15559	4
15560	2
15561	2
15562	3
15563	3
15564	1
15565	3
15566	3
15567	1
15568	2
15569	3
15570	4
15571	4
15572	1
15573	2
15575	3
15576	6
15577	3
15578	3
15579	2
15580	2
15581	2
15582	3
15583	1
15584	2
15585	2
15586	2
15587	4
15588	2
15589	1
15590	1
15591	4
15592	3
15593	5
15594	1
15595	1
15597	3
15598	1
15599	2
15600	2
15602	2
15603	4
15605	2
15606	3
15607	5
15608	3
15609	3
15610	1
15611	4
15612	5
15613	2
15614	2
15615	5
15616	3
15618	2
15619	1
15620	1
15621	2
15622	2
15623	1
15624	1
15625	1
15626	5
15627	3
15629	3
15630	3
15631	4
15632	5
15633	4
15634	4
15635	3
15636	2
15637	2
15638	1
15639	2
15640	1
15641	2
15642	4
15643	3
15645	1
15646	2
15647	4
15648	1
15649	1
15650	4
15651	3
15652	2
15653	1
15654	1
15655	3
15656	3
15657	4
15658	3
15659	2
15660	6
15661	1
15662	1
15663	2
15664	4
15665	1
15666	3
15667	1
15668	6
15669	5
15670	1
15672	2
15673	2
15674	3
15675	2
15676	1
15677	1
15678	3
15680	7
15681	5
15682	1
15683	4
15684	1
15685	4
15686	2
15687	1
15689	2
15690	3
15691	2
15692	1
15693	5
15694	2
15695	1
15696	3
15697	2
15698	2
15699	1
15701	3
15703	2
15705	3
15706	2
15707	2
15708	1
15710	2
15711	3
15712	5
15714	4
15715	1
15717	2
15718	3
15719	1
15720	1
15721	3
15722	3
15723	3
15724	1
15726	4
15728	1
15729	2
15730	1
15731	4
15733	2
15734	5
15735	3
15737	2
15739	2
15740	1
15741	3
15743	3
15744	1
15745	5
15746	1
15747	3
15748	5
15749	2
15750	2
15751	2
15752	4
15753	5
15754	5
15755	1
15756	3
15757	2
15758	1
15759	4
15760	1
15762	2
15763	2
15764	1
15765	2
15766	2
15767	1
15768	2
15769	5
15773	7
15774	4
15775	1
15776	3
15777	1
15778	6
15779	6
15780	1
15781	2
15782	2
15783	4
15784	2
15785	1
15786	3
15787	2
15788	3
15789	4
15790	7
15791	1
15792	2
15793	3
15794	4
15795	1
15796	2
15797	4
15798	4
15799	4
15801	6
15802	5
15803	3
15804	1
15806	3
15807	3
15808	2
15809	3
15810	1
15811	2
15812	1
15813	5
15814	1
15815	2
15816	2
15817	2
15818	4
15819	1
15820	1
15822	2
15823	2
15824	3
15825	2
15826	1
15829	3
15830	2
15831	4
15832	4
15833	3
15834	2
15835	1
15836	4
15837	3
15838	3
15839	3
15840	2
15841	2
15842	3
15843	1
15845	2
15846	1
15848	1
15849	1
15851	5
15852	4
15853	3
15854	4
15856	1
15857	4
15858	3
15859	2
15860	2
15861	3
15862	1
15863	2
15864	1
15865	2
15866	2
15867	2
15868	2
15869	2
15870	2
15871	4
15872	4
15873	1
15874	4
15875	3
15876	3
15877	2
15878	3
15879	2
15881	1
15882	3
15883	2
15884	1
15885	3
15886	3
15887	3
15888	3
15889	1
15890	5
15892	1
15893	2
15894	3
15895	2
15896	2
15897	2
15898	2
15899	4
15900	1
15901	2
15902	1
15903	3
15904	4
15905	3
15906	4
15907	1
15910	2
15911	2
15912	1
15913	3
15914	2
15915	1
15916	2
15917	2
15918	1
15919	3
15920	2
15921	6
15922	2
15923	3
15924	1
15925	3
15926	2
15927	3
15928	2
15929	2
15930	1
15931	1
15932	3
15933	1
15934	2
15935	4
15936	6
15937	3
15938	4
15940	3
15941	1
15942	2
15943	3
15944	2
15945	2
15946	1
15947	2
15948	1
15949	3
15950	3
15951	3
15952	5
15953	2
15954	1
15955	2
15956	2
15957	3
15958	4
15959	2
15960	3
15961	3
15962	2
15964	1
15965	3
15966	3
15967	3
15968	5
15969	1
15970	1
15971	3
15972	1
15973	2
15974	3
15975	2
15976	3
15977	1
15979	2
15980	3
15982	4
15983	1
15984	3
15987	1
15988	5
15990	1
15991	2
15992	2
15993	1
15994	1
15995	1
15996	1
15997	3
15998	2
15999	1
16000	3
16001	4
16002	2
16004	4
16006	1
16007	4
16008	3
16010	3
16011	3
16012	5
16013	1
16015	3
16016	2
16017	2
16018	4
16019	6
16020	3
16021	2
16022	5
16023	1
16024	2
16025	5
16026	5
16027	5
16028	1
16029	2
16030	3
16031	1
16032	5
16033	1
16034	4
16035	1
16036	4
16037	2
16038	1
16040	4
16041	1
16042	1
16044	2
16045	4
16046	1
16047	3
16048	2
16049	3
16050	4
16051	1
16053	2
16054	1
16055	2
16056	5
16057	3
16058	1
16059	1
16060	2
16061	1
16062	1
16063	1
16064	3
16066	1
16067	1
16068	1
16069	1
16070	4
16071	2
16072	1
16073	4
16074	2
16075	2
16076	8
16077	2
16078	1
16079	2
16080	2
16081	3
16082	2
16085	1
16086	2
16087	3
16088	1
16089	2
16091	3
16092	2
16093	4
16094	3
16095	1
16096	1
16097	3
16098	3
16099	2
16100	2
16101	4
16102	3
16103	2
16104	1
16105	3
16106	2
16107	3
16110	3
16111	1
16112	5
16113	4
16114	1
16115	1
16116	3
16117	1
16118	1
16119	2
16120	2
16121	3
16122	5
16123	1
16124	3
16125	3
16126	5
16127	4
16128	2
16129	4
16130	1
16131	1
16132	1
16133	2
16134	1
16135	3
16136	7
16137	1
16138	1
16139	3
16140	2
16141	3
16142	4
16143	3
16144	4
16146	3
16147	2
16148	3
16149	1
16150	3
16151	3
16152	2
16153	3
16154	2
16155	2
16156	3
16157	2
16158	5
16159	2
16160	1
16162	5
16163	3
16164	1
16165	3
16166	2
16167	2
16168	3
16169	1
16170	3
16171	3
16172	2
16173	3
16174	2
16176	4
16178	4
16179	5
16180	3
16181	2
16183	3
16185	4
16186	4
16187	2
16188	1
16189	3
16190	2
16191	1
16193	1
16194	1
16195	3
16196	2
16197	5
16198	2
16199	1
16200	3
16201	1
16202	4
16203	1
16204	2
16207	4
16208	2
16209	3
16211	1
16212	4
16213	5
16214	5
16215	1
16216	4
16217	1
16218	8
16219	1
16220	2
16221	1
16222	3
16223	2
16224	1
16225	5
16226	3
16227	4
16228	2
16230	2
16231	1
16232	4
16234	1
16235	3
16236	2
16237	4
16238	3
16239	1
16240	4
16241	3
16242	1
16243	4
16244	1
16245	3
16247	2
16248	2
16249	3
16250	2
16251	2
16252	2
16254	1
16255	2
16256	3
16257	1
16258	2
16260	1
16261	1
16262	5
16263	4
16264	2
16265	3
16266	2
16267	3
16270	4
16271	3
16272	3
16274	7
16275	2
16276	3
16277	3
16278	2
16279	2
16280	1
16282	2
16283	3
16284	2
16286	3
16288	2
16289	3
16290	3
16291	2
16292	2
16293	1
16295	2
16296	4
16297	4
16298	5
16299	2
16301	1
16302	3
16303	4
16304	1
16305	2
16306	1
16307	4
16308	3
16309	1
16310	1
16311	1
16312	2
16314	1
16315	3
16316	1
16317	3
16318	2
16319	2
16320	4
16321	1
16322	4
16323	1
16324	3
16325	1
16326	1
16327	1
16328	2
16329	2
16330	1
16331	3
16332	2
16333	4
16334	2
16335	2
16337	4
16338	2
16339	2
16340	2
16341	1
16342	2
16343	2
16344	4
16345	5
16346	2
16347	6
16348	3
16349	4
16350	2
16351	2
16352	2
16353	1
16354	2
16355	1
16356	1
16357	3
16358	2
16359	1
16360	2
16361	2
16362	3
16363	2
16364	3
16365	3
16366	4
16367	1
16368	5
16369	3
16370	2
16371	3
16372	2
16373	2
16374	5
16375	2
16376	1
16379	2
16380	3
16382	1
16383	2
16384	1
16385	1
16386	5
16387	3
16388	1
16390	2
16391	1
16392	1
16393	4
16394	1
16395	3
16396	3
16397	3
16398	2
16399	3
16400	1
16401	2
16402	2
16403	2
16404	1
16406	2
16408	1
16409	1
16410	1
16411	1
16412	1
16414	2
16416	4
16417	3
16418	1
16419	3
16420	1
16421	2
16422	1
16423	1
16424	3
16425	1
16426	3
16427	3
16428	2
16429	5
16430	1
16431	1
16432	2
16433	3
16434	1
16435	1
16437	6
16438	6
16439	2
16440	4
16441	3
16442	1
16443	3
16444	3
16445	2
16446	2
16449	4
16450	1
16451	2
16452	3
16453	2
16454	4
16455	2
16456	1
16457	7
16458	4
16459	6
16460	1
16462	1
16463	3
16464	3
16465	3
16466	1
16467	1
16468	4
16469	1
16472	4
16475	3
16476	5
16477	2
16478	2
16480	2
16481	1
16482	5
16483	2
16484	3
16485	3
16486	2
16487	4
16488	1
16489	1
16490	1
16491	6
16493	2
16494	2
16495	4
16496	1
16498	3
16500	3
16501	2
16502	2
16503	5
16505	2
16506	5
16507	2
16508	1
16509	1
16510	2
16511	5
16513	4
16514	2
16515	1
16516	4
16517	2
16518	2
16519	5
16520	1
16521	4
16522	2
16523	3
16524	3
16526	1
16527	4
16529	5
16530	1
16531	2
16532	2
16533	1
16534	2
16535	4
16536	3
16537	4
16538	1
16539	1
16540	3
16541	1
16542	2
16543	5
16544	2
16545	4
16546	1
16547	2
16548	1
16550	1
16551	3
16552	4
16553	2
16554	1
16555	1
16556	3
16558	2
16559	3
16560	4
16561	3
16562	3
16565	4
16566	1
16567	2
16570	3
16571	2
16572	2
16573	4
16574	2
16575	1
16576	4
16577	3
16578	6
16579	2
16580	3
16581	4
16582	3
16583	2
16584	1
16585	3
16586	3
16587	1
16588	4
16589	1
16590	3
16591	3
16592	3
16593	4
16594	4
16595	2
16596	1
16597	1
16598	3
16599	2
16600	3
16601	5
16602	2
16603	5
16604	2
16605	4
16606	3
16607	2
16608	1
16609	6
16610	4
16611	3
16612	1
16613	2
16614	4
16615	2
16616	1
16617	1
16618	2
16619	5
16620	3
16621	3
16622	4
16623	3
16624	2
16625	2
16627	2
16628	1
16629	1
16630	3
16631	1
16632	1
16634	3
16635	2
16636	2
16637	2
16638	2
16641	3
16642	3
16643	3
16644	3
16645	2
16646	1
16647	1
16649	2
16650	2
16651	1
16652	1
16653	1
16655	2
16656	2
16657	1
16658	3
16659	4
16660	4
16661	1
16662	2
16663	4
16664	2
16665	4
16666	1
16667	3
16668	3
16669	2
16671	4
16672	2
16673	2
16674	6
16675	2
16676	3
16677	4
16678	3
16679	1
16680	3
16681	3
16683	1
16685	1
16686	1
16688	5
16689	3
16690	1
16691	1
16692	2
16693	2
16694	2
16695	1
16697	2
16699	1
16700	3
16701	2
16702	1
16703	6
16704	2
16706	1
16707	2
16709	2
16710	2
16711	1
16712	3
16713	3
16714	1
16715	2
16716	3
16717	3
16718	1
16719	3
16720	3
16721	1
16722	3
16723	2
16724	4
16725	5
16726	1
16727	1
16728	6
16729	5
16730	2
16731	2
16732	2
16733	3
16734	4
16735	5
16736	2
16737	1
16738	4
16739	4
16740	2
16741	2
16742	1
16743	1
16744	5
16745	3
16747	1
16748	2
16749	2
16750	1
16751	1
16752	2
16753	7
16754	2
16755	3
16756	1
16757	2
16758	1
16759	1
16760	3
16761	2
16763	2
16764	2
16765	4
16766	1
16767	4
16768	1
16769	1
16770	3
16771	1
16772	3
16773	1
16774	4
16775	5
16777	4
16778	1
16779	2
16780	2
16781	4
16782	6
16783	5
16784	1
16785	3
16786	3
16787	1
16788	4
16789	1
16791	1
16792	1
16793	2
16794	2
16795	3
16796	2
16797	3
16798	4
16799	1
16800	3
16801	1
16802	2
16803	4
16805	2
16806	1
16807	2
16808	2
16809	2
16810	2
16811	2
16812	2
16813	2
16814	3
16815	2
16817	4
16818	6
16819	4
16820	2
16821	2
16822	1
16824	2
16825	2
16826	2
16827	4
16828	4
16829	5
16830	1
16831	3
16832	2
16833	2
16835	3
16836	3
16837	1
16838	3
16839	3
16840	2
16841	5
16842	5
16844	2
16845	5
16846	1
16847	4
16848	3
16849	2
16850	6
16851	3
16853	1
16854	2
16855	1
16856	3
16857	4
16858	2
16859	1
16860	3
16862	3
16863	1
16864	2
16866	2
16867	1
16868	6
16869	5
16871	2
16872	1
16873	3
16874	9
16876	1
16877	1
16879	4
16880	4
16881	4
16882	2
16883	3
16884	2
16885	2
16886	2
16887	3
16888	2
16889	1
16890	9
16891	1
16892	1
16893	1
16894	4
16895	4
16896	2
16897	4
16900	2
16901	3
16902	1
16903	1
16904	4
16905	3
16906	2
16907	6
16908	1
16909	3
16910	1
16911	2
16912	4
16913	2
16914	1
16917	3
16918	2
16919	2
16920	2
16921	1
16922	1
16923	1
16924	1
16925	3
16926	1
16927	5
16928	3
16929	3
16930	1
16931	3
16932	2
16933	3
16934	1
16935	1
16936	1
16937	2
16938	1
16939	2
16940	3
16941	2
16942	3
16943	5
16944	2
16946	1
16947	1
16948	4
16949	5
16950	1
16951	1
16952	2
16953	1
16954	1
16955	3
16956	1
16957	1
16958	2
16959	3
16960	1
16961	1
16962	1
16963	3
16964	3
16965	3
16966	2
16968	1
16971	3
16972	4
16973	3
16974	5
16975	5
16976	2
16977	3
16978	5
16979	2
16980	4
16982	3
16983	3
16985	2
16986	4
16987	2
16988	4
16989	3
16990	2
16991	1
16992	2
16994	1
16995	1
16996	1
16997	5
16998	2
16999	4
17000	4
17001	4
17002	3
17003	1
17005	4
17007	2
17008	1
17010	5
17011	3
17012	2
17013	1
17014	6
17015	1
17016	1
17017	3
17019	2
17020	3
17021	2
17022	2
17024	2
17025	4
17026	1
17027	3
17028	3
17029	4
17030	1
17031	3
17032	3
17033	3
17034	2
17036	4
17037	1
17038	3
17040	4
17041	5
17042	3
17044	3
17045	4
17046	3
17047	2
17049	2
17050	4
17051	1
17052	1
17053	2
17054	1
17056	1
17057	2
17059	1
17060	1
17061	6
17062	3
17063	1
17064	1
17065	2
17066	3
17067	3
17068	2
17069	4
17070	4
17071	1
17072	5
17073	3
17074	4
17075	4
17076	3
17077	1
17078	1
17079	3
17080	3
17081	2
17082	3
17084	2
17085	2
17086	3
17087	2
17088	2
17089	1
17090	4
17091	1
17093	3
17094	2
17095	1
17096	2
17097	6
17098	4
17099	1
17100	1
17101	5
17103	5
17104	5
17105	3
17106	2
17107	3
17108	2
17109	1
17110	3
17111	4
17112	3
17113	3
17114	2
17115	2
17116	1
17117	2
17118	1
17119	2
17120	2
17121	2
17122	3
17123	2
17124	6
17125	2
17126	5
17127	1
17128	3
17129	2
17130	2
17131	1
17132	2
17133	2
17134	1
17136	1
17138	2
17139	2
17140	6
17142	2
17143	4
17144	2
17145	1
17146	4
17147	3
17148	2
17149	1
17151	2
17152	2
17155	2
17156	1
17157	2
17158	1
17159	3
17160	2
17161	2
17163	3
17164	1
17165	2
17167	2
17168	2
17169	1
17170	1
17171	3
17172	1
17173	2
17174	3
17175	1
17177	3
17178	2
17179	1
17180	3
17181	1
17182	2
17183	4
17184	1
17185	2
17186	3
17187	3
17188	2
17189	2
17190	2
17191	4
17194	3
17195	2
17196	2
17197	1
17198	1
17199	1
17200	1
17201	1
17202	3
17204	4
17205	2
17206	1
17207	3
17208	2
17209	7
17210	2
17211	2
17212	2
17213	4
17214	2
17215	3
17216	3
17217	2
17218	8
17219	3
17220	2
17221	2
17222	2
17223	1
17224	4
17225	4
17226	3
17228	3
17229	3
17230	3
17231	1
17232	1
17233	1
17234	2
17235	4
17236	3
17237	2
17238	4
17239	2
17240	6
17241	2
17242	1
17243	2
17244	1
17245	3
17246	1
17247	2
17248	2
17249	1
17251	2
17252	3
17253	2
17254	3
17255	5
17256	4
17258	2
17259	3
17261	1
17262	5
17263	2
17264	1
17265	5
17266	3
17267	2
17268	7
17269	2
17270	2
17271	3
17272	4
17273	1
17274	1
17275	1
17276	3
17277	4
17278	1
17279	2
17280	4
17281	2
17282	1
17284	1
17285	1
17286	4
17287	2
17288	1
17289	2
17291	1
17292	1
17294	4
17296	2
17297	2
17298	3
17299	3
17300	2
17301	1
17302	3
17303	4
17304	2
17305	2
17306	1
17307	2
17308	1
17309	4
17310	4
17313	4
17314	3
17315	1
17316	4
17318	3
17319	5
17320	5
17321	4
17322	1
17323	1
17325	1
17326	2
17327	3
17328	3
17329	3
17330	3
17331	4
17332	2
17333	3
17334	4
17335	1
17336	3
17337	2
17338	4
17339	1
17341	2
17342	3
17343	4
17344	4
17345	4
17347	2
17348	1
17349	3
17350	4
17351	3
17352	2
17353	2
17354	4
17356	3
17357	1
17358	2
17359	1
17360	7
17361	2
17362	2
17364	4
17365	4
17366	1
17368	4
17369	1
17370	3
17371	4
17372	2
17373	4
17375	2
17376	1
17377	2
17378	2
17379	2
17380	3
17381	3
17382	8
17383	3
17385	2
17386	2
17387	1
17388	2
17389	1
17390	3
17391	1
17392	2
17393	1
17394	3
17395	4
17396	3
17397	2
17398	3
17399	3
17400	4
17401	2
17402	3
17403	3
17404	1
17405	2
17406	1
17407	2
17408	2
17411	4
17412	2
17413	1
17414	2
17415	2
17416	4
17417	5
17418	3
17419	3
17420	1
17421	2
17422	3
17423	1
17425	1
17426	1
17427	1
17428	3
17429	3
17430	1
17431	1
17432	4
17433	1
17434	2
17435	2
17436	2
17437	1
17438	1
17439	1
17440	2
17442	2
17443	2
17444	2
17445	4
17446	3
17447	3
17448	2
17449	3
17450	7
17451	4
17452	2
17453	1
17454	2
17455	2
17458	3
17459	2
17460	7
17461	2
17462	3
17463	2
17464	1
17465	1
17466	2
17469	2
17470	1
17471	5
17472	2
17473	2
17474	2
17475	3
17477	3
17478	3
17479	3
17480	2
17482	3
17483	1
17485	2
17486	2
17488	2
17489	3
17491	1
17492	2
17493	2
17494	1
17496	3
17497	2
17499	4
17500	1
17502	3
17503	2
17504	1
17506	2
17507	6
17508	1
17509	1
17511	1
17512	2
17513	1
17514	2
17515	2
17516	3
17517	2
17518	1
17519	3
17521	2
17522	1
17523	3
17524	1
17525	1
17526	3
17527	5
17528	2
17529	2
17530	2
17531	2
17532	4
17533	3
17534	4
17535	1
17536	1
17537	2
17538	1
17539	2
17540	2
17541	4
17542	1
17543	4
17544	2
17547	2
17548	3
17549	2
17550	1
17551	4
17552	4
17553	1
17554	2
17555	2
17556	4
17557	2
17558	1
17560	3
17562	3
17564	2
17565	2
17567	3
17568	4
17569	5
17570	4
17572	5
17573	2
17574	1
17575	2
17576	1
17577	3
17579	8
17580	3
17581	1
17582	1
17583	2
17584	1
17585	1
17586	3
17587	1
17588	1
17589	2
17590	6
17591	2
17592	3
17593	1
17594	1
17595	3
17599	5
17600	3
17603	3
17604	4
17605	1
17606	2
17608	1
17609	2
17610	1
17611	3
17612	4
17613	5
17614	2
17615	4
17616	2
17617	2
17618	4
17619	1
17620	1
17621	3
17623	1
17624	3
17625	1
17626	2
17627	1
17628	2
17629	1
17630	1
17631	3
17632	3
17633	6
17634	2
17635	3
17636	3
17637	4
17638	1
17639	4
17640	2
17641	4
17642	2
17645	2
17646	1
17647	2
17650	2
17651	3
17652	4
17653	1
17654	4
17655	2
17657	2
17658	2
17659	3
17660	2
17661	3
17662	1
17663	2
17664	2
17665	1
17666	1
17667	2
17668	2
17669	2
17670	3
17671	4
17672	1
17673	1
17675	6
17676	3
17677	2
17678	3
17679	2
17680	3
17681	4
17682	1
17683	2
17685	1
17686	2
17687	1
17688	1
17689	3
17690	2
17691	2
17692	3
17693	4
17694	5
17695	1
17696	1
17697	4
17698	5
17699	1
17700	3
17702	1
17703	3
17704	4
17705	1
17708	2
17709	4
17710	2
17711	4
17712	3
17713	2
17714	1
17715	3
17716	3
17718	2
17719	1
17720	5
17721	3
17722	3
17723	2
17724	2
17725	1
17726	4
17727	1
17728	1
17729	4
17730	1
17731	1
17732	1
17733	5
17734	5
17737	3
17738	2
17739	1
17740	2
17741	3
17742	3
17743	3
17744	5
17745	1
17746	3
17747	3
17749	3
17750	2
17751	4
17752	2
17753	2
17754	3
17755	2
17756	3
17757	2
17758	4
17759	2
17760	5
17761	2
17762	2
17763	3
17764	2
17765	2
17766	1
17767	2
17768	1
17769	3
17770	6
17771	4
17772	1
17773	2
17774	2
17775	2
17777	1
17778	3
17779	1
17780	3
17781	4
17783	3
17784	2
17785	4
17786	1
17787	1
17788	1
17789	2
17790	2
17791	4
17793	1
17794	2
17795	2
17796	3
17797	1
17798	1
17799	4
17800	4
17802	1
17803	1
17804	4
17805	8
17806	2
17807	1
17808	2
17810	2
17811	1
17812	1
17813	2
17814	1
17815	4
17816	2
17817	1
17818	3
17819	3
17820	3
17821	1
17822	2
17823	4
17824	4
17825	5
17826	4
17827	3
17828	5
17829	3
17830	2
17831	3
17833	4
17834	1
17835	2
17836	2
17837	2
17838	2
17839	1
17841	2
17842	4
17843	2
17844	3
17845	2
17846	5
17847	4
17848	1
17849	2
17850	1
17851	1
17852	3
17853	1
17854	5
17855	3
17856	1
17857	3
17858	1
17859	3
17860	3
17861	5
17862	1
17864	2
17865	2
17866	3
17867	4
17868	3
17869	2
17870	1
17871	1
17872	2
17874	1
17875	1
17876	1
17877	1
17878	1
17879	1
17880	4
17882	1
17883	1
17885	2
17886	2
17887	5
17888	4
17889	4
17891	1
17893	4
17894	3
17895	7
17896	2
17897	1
17898	2
17899	3
17900	1
17901	2
17902	2
17903	1
17904	3
17906	3
17907	5
17908	2
17909	1
17910	3
17911	2
17912	3
17913	1
17914	1
17915	3
17916	2
17917	2
17918	5
17919	2
17920	2
17921	2
17922	1
17923	4
17924	1
17925	1
17926	3
17927	1
17928	2
17929	1
17930	3
17931	1
17934	5
17935	2
17936	1
17937	2
17938	2
17939	3
17940	4
17942	2
17943	2
17944	1
17945	2
17947	2
17948	1
17949	3
17951	3
17952	4
17954	3
17955	3
17956	3
17957	1
17958	2
17959	3
17960	1
17961	3
17962	2
17963	1
17964	1
17965	3
17966	2
17967	5
17968	1
17969	2
17970	4
17971	4
17973	4
17974	2
17975	4
17976	2
17977	4
17978	1
17979	1
17980	4
17981	3
17982	4
17985	2
17986	2
17987	2
17988	2
17989	1
17991	2
17992	2
17993	3
17995	6
17996	7
17997	2
17998	5
17999	1
18000	2
18001	1
18003	3
18004	1
18006	4
18007	4
18008	4
18009	1
18010	4
18011	3
18013	2
18014	2
18016	1
18017	3
18018	2
18019	1
18020	4
18021	3
18022	6
18023	2
18024	4
18025	1
18027	2
18029	4
18030	3
18031	1
18033	1
18034	4
18035	3
18036	1
18037	3
18038	2
18040	5
18041	1
18042	2
18043	3
18044	1
18045	3
18046	2
18047	2
18048	2
18049	5
18050	1
18051	3
18052	1
18053	2
18054	2
18055	1
18056	4
18057	4
18058	2
18059	2
18061	3
18062	2
18063	2
18064	2
18066	2
18067	1
18068	1
18069	1
18070	5
18071	5
18072	1
18074	1
18075	2
18076	2
18079	3
18080	2
18081	1
18083	1
18084	4
18085	3
18086	3
18087	2
18088	3
18089	5
18091	5
18092	2
18093	3
18094	3
18095	1
18096	3
18097	2
18098	5
18099	1
18100	2
18101	4
18102	3
18103	5
18104	1
18105	1
18106	1
18107	2
18108	2
18111	5
18112	3
18113	1
18114	2
18115	3
18116	2
18117	2
18118	1
18119	1
18120	4
18121	2
18122	2
18123	1
18124	5
18125	2
18126	1
18127	3
18128	8
18129	4
18130	2
18131	2
18132	3
18133	1
18134	3
18135	3
18136	2
18137	1
18138	1
18139	3
18140	2
18141	2
18142	1
18144	1
18145	2
18146	3
18147	4
18148	2
18150	4
18151	2
18152	4
18153	3
18154	1
18155	2
18156	2
18157	2
18158	1
18161	5
18162	2
18163	6
18164	2
18165	1
18166	1
18167	2
18168	2
18170	4
18171	4
18172	1
18173	3
18174	2
18175	4
18176	2
18177	2
18178	2
18181	1
18182	4
18183	1
18184	2
18185	1
18186	6
18187	2
18188	1
18189	2
18190	5
18191	3
18192	4
18193	3
18194	3
18195	3
18196	2
18197	3
18198	3
18199	1
18201	1
18202	1
18203	2
18204	6
18205	2
18206	5
18207	1
18208	1
18209	2
18211	2
18212	2
18213	2
18215	6
18216	4
18217	1
18218	1
18219	2
18220	3
18221	2
18222	3
18223	3
18224	1
18226	1
18229	4
18232	2
18235	2
18236	4
18237	3
18239	2
18240	2
18241	2
18242	2
18243	1
18245	1
18246	2
18247	1
18249	2
18251	4
18252	3
18253	2
18254	5
18255	2
18256	2
18258	2
18259	1
18260	3
18261	2
18262	1
18263	2
18264	1
18265	1
18266	1
18268	4
18269	2
18270	3
18271	2
18272	1
18273	3
18274	2
18275	1
18276	3
18277	3
18278	7
18279	1
18280	1
18281	3
18282	2
18283	2
18284	3
18285	3
18286	3
18287	2
18288	3
18289	2
18290	1
18291	5
18292	2
18293	1
18294	4
18295	2
18296	2
18297	1
18298	5
18299	1
18300	3
18301	3
18302	2
18303	1
18304	1
18305	2
18306	5
18307	1
18308	1
18309	2
18310	4
18312	4
18313	1
18314	1
18315	3
18316	2
18317	6
18318	2
18319	4
18320	4
18321	3
18322	2
18323	4
18324	2
18325	5
18327	1
18328	5
18329	2
18330	4
18331	5
18332	5
18333	2
18334	4
18337	3
18338	3
18340	2
18342	5
18343	7
18344	3
18345	3
18346	1
18347	1
18348	2
18349	1
18350	1
18351	3
18353	1
18354	1
18355	1
18356	3
18357	5
18358	1
18359	2
18360	1
18361	3
18362	3
18363	6
18364	3
18365	3
18366	3
18367	3
18368	1
18369	2
18370	3
18371	2
18372	2
18373	3
18374	2
18375	1
18376	2
18377	3
18378	3
18379	3
18380	3
18381	3
18382	3
18383	5
18384	7
18385	2
18386	1
18387	3
18388	2
18389	2
18390	2
18391	4
18393	4
18394	2
18395	3
18397	3
18400	1
18401	4
18402	1
18403	4
18404	2
18405	4
18406	3
18407	3
18408	1
18410	4
18411	1
18412	1
18414	4
18415	1
18416	1
18417	1
18418	2
18419	1
18422	3
18423	3
18424	2
18425	1
18427	2
18428	2
18429	4
18430	2
18431	1
18432	4
18433	1
18435	3
18437	2
18438	4
18439	2
18440	2
18441	4
18442	2
18443	2
18444	1
18446	4
18448	1
18449	1
18450	2
18451	1
18452	1
18453	4
18454	3
18456	1
18458	2
18459	1
18460	1
18461	2
18463	3
18464	3
18465	1
18466	1
18467	1
18468	3
18469	1
18470	5
18471	3
18472	2
18474	3
18477	1
18478	3
18479	3
18480	3
18481	3
18482	3
18483	2
18485	2
18486	2
18487	1
18488	2
18489	2
18492	1
18494	4
18495	4
18496	3
18497	4
18498	4
18499	2
18500	2
18501	4
18502	1
18503	1
18504	7
18505	1
18506	1
18507	2
18508	4
18509	2
18510	1
18511	7
18512	1
18513	2
18515	3
18516	2
18517	1
18518	1
18519	2
18520	2
18521	4
18522	3
18523	4
18524	4
18525	6
18528	2
18529	1
18530	1
18531	4
18534	1
18535	1
18536	3
18537	1
18538	2
18539	5
18540	2
18541	1
18542	2
18543	1
18544	6
18545	3
18546	3
18547	3
18548	2
18549	2
18550	2
18551	1
18552	3
18553	2
18554	3
18555	2
18557	1
18558	3
18560	4
18561	3
18562	1
18563	2
18564	2
18565	2
18566	3
18568	1
18569	1
18570	4
18571	2
18572	2
18573	1
18574	4
18575	1
18576	1
18577	2
18578	3
18579	1
18580	5
18581	3
18582	3
18584	5
18586	1
18587	2
18588	4
18589	3
18590	2
18591	1
18592	2
18593	1
18594	4
18595	4
18597	1
18598	2
18599	3
18600	1
18601	2
18602	2
18603	2
18604	1
18605	2
18606	2
18607	1
18608	2
18609	4
18611	2
18613	3
18614	2
18615	3
18616	4
18617	1
18618	1
18619	5
18620	2
18621	2
18622	1
18623	1
18624	6
18625	1
18626	1
18627	2
18628	5
18629	3
18630	1
18631	1
18632	3
18633	3
18634	3
18635	2
18636	2
18637	4
18638	1
18639	3
18640	4
18641	2
18642	1
18643	2
18644	2
18647	2
18648	1
18649	2
18650	2
18651	3
18653	2
18654	1
18655	3
18656	4
18657	2
18658	1
18659	2
18660	1
18661	2
18662	2
18663	2
18664	3
18665	1
18666	2
18667	1
18668	4
18669	2
18670	2
18671	1
18672	3
18673	4
18674	4
18676	1
18677	1
18678	3
18679	2
18680	2
18681	3
18683	1
18684	1
18685	2
18686	2
18687	3
18688	1
18689	3
18690	3
18691	1
18692	1
18693	1
18694	3
18695	2
18696	4
18697	2
18698	2
18699	3
18700	2
18701	5
18702	3
18703	2
18704	2
18705	1
18706	3
18707	2
18708	3
18709	3
18710	2
18711	2
18713	2
18715	3
18716	4
18717	4
18718	4
18719	1
18720	4
18721	2
18722	4
18723	2
18724	1
18725	3
18726	2
18727	3
18728	1
18729	1
18730	2
18731	3
18732	6
18734	2
18736	3
18737	3
18738	3
18739	1
18740	2
18741	3
18742	1
18743	3
18744	3
18746	4
18747	1
18748	1
18749	3
18750	2
18751	2
18752	3
18753	3
18754	3
18755	4
18756	3
18757	3
18758	1
18759	1
18761	1
18762	4
18763	1
18764	3
18765	1
18766	2
18767	3
18768	2
18769	3
18770	4
18771	4
18772	3
18774	2
18775	1
18776	1
18779	4
18780	3
18781	1
18782	1
18783	3
18784	3
18786	2
18787	3
18788	1
18789	2
18790	3
18791	4
18793	1
18794	1
18795	1
18796	4
18797	1
18798	3
18799	2
18801	2
18802	1
18803	3
18804	1
18806	1
18807	2
18809	5
18811	2
18812	3
18813	5
18815	1
18816	1
18818	5
18819	1
18820	1
18821	6
18822	1
18823	3
18824	2
18825	1
18826	2
18827	3
18828	2
18830	2
18831	3
18832	2
18833	2
18834	3
18835	2
18836	2
18837	7
18838	1
18839	4
18840	1
18841	2
18842	3
18843	2
18844	1
18846	3
18847	4
18848	4
18849	3
18850	3
18851	2
18852	2
18853	2
18854	2
18856	4
18857	4
18858	3
18859	3
18860	1
18861	1
18862	3
18863	6
18864	3
18865	1
18867	2
18868	3
18869	1
18870	2
18871	3
18872	3
18873	3
18874	1
18875	1
18876	6
18877	3
18878	2
18879	2
18880	2
18881	2
18882	2
18883	2
18884	1
18885	2
18886	3
18888	2
18889	4
18890	2
18891	1
18892	4
18893	1
18894	5
18895	2
18896	3
18897	1
18898	2
18900	3
18901	2
18903	2
18904	2
18905	2
18907	1
18908	1
18909	2
18911	1
18912	2
18913	3
18914	2
18915	1
18916	2
18917	2
18918	4
18920	1
18921	4
18922	3
18924	1
18925	1
18926	2
18927	2
18929	2
18930	2
18931	2
18932	1
18933	1
18934	2
18935	2
18936	2
18937	4
18938	4
18939	3
18940	3
18941	4
18942	5
18943	2
18944	3
18945	6
18946	2
18947	1
18948	1
18949	1
18950	5
18951	4
18952	2
18953	2
18954	2
18955	3
18956	4
18957	3
18958	1
18959	2
18960	2
18962	4
18963	1
18964	6
18965	7
18966	2
18967	5
18968	2
18969	2
18970	3
18971	4
18972	2
18973	2
18974	3
18975	2
18976	3
18977	2
18978	4
18979	3
18980	2
18981	2
18983	2
18984	3
18985	3
18986	3
18987	4
18989	3
18990	3
18991	2
18992	2
18993	2
18994	4
18995	3
18996	2
18997	1
18998	2
18999	1
19000	1
19002	2
19003	5
19004	1
19005	3
19006	2
19007	3
19008	2
19009	1
19010	2
19011	2
19012	4
19013	2
19014	1
19015	2
19016	2
19017	3
19018	1
19019	4
19020	3
19021	2
19022	5
19023	4
19024	1
19026	5
19027	4
19028	1
19029	2
19030	5
19031	2
19032	2
19033	2
19034	1
19035	1
19036	1
19037	2
19039	2
19040	1
19041	3
19042	2
19043	1
19044	3
19045	2
19047	2
19048	4
19049	3
19051	1
19052	2
19053	3
19054	1
19055	1
19056	1
19057	1
19058	1
19059	2
19060	2
19061	3
19062	1
19064	5
19065	2
19066	3
19067	3
19069	2
19071	2
19072	4
19073	2
19075	1
19076	2
19077	3
19078	1
19079	2
19080	3
19081	1
19083	2
19085	3
19086	3
19088	4
19089	2
19090	2
19091	3
19092	3
19093	2
19095	1
19096	1
19097	7
19098	2
19102	3
19103	1
19105	4
19107	1
19108	1
19109	3
19110	2
19111	3
19112	2
19113	3
19114	2
19115	5
19116	6
19117	4
19118	5
19119	2
19121	5
19122	2
19123	1
19124	1
19126	3
19127	1
19128	1
19129	4
19130	1
19131	2
19132	2
19135	1
19136	5
19137	1
19138	3
19139	3
19140	7
19141	1
19142	2
19145	8
19146	1
19147	1
19148	1
19151	2
19153	1
19154	1
19155	3
19156	2
19157	4
19159	4
19160	3
19161	2
19162	2
19163	1
19164	3
19165	2
19166	2
19168	1
19169	1
19170	2
19171	2
19172	3
19173	1
19174	1
19175	1
19176	2
19177	2
19178	2
19180	3
19181	3
19183	3
19184	2
19185	2
19186	2
19188	1
19189	1
19190	1
19191	2
19192	2
19193	1
19196	5
19197	3
19198	2
19199	1
19200	2
19201	2
19202	4
19203	3
19204	1
19205	4
19206	1
19207	1
19208	2
19209	3
19210	2
19212	4
19213	2
19214	2
19215	3
19216	3
19217	1
19218	4
19219	1
19220	4
19223	3
19224	2
19225	2
19226	4
19227	2
19228	1
19229	1
19230	3
19231	2
19232	5
19233	4
19234	2
19235	2
19236	1
19237	3
19238	1
19239	1
19240	4
19241	4
19243	3
19244	4
19246	1
19247	1
19248	2
19249	1
19250	3
19251	3
19252	3
19254	3
19255	4
19256	1
19257	2
19258	5
19259	4
19260	2
19261	4
19263	5
19264	3
19265	2
19267	3
19268	1
19269	3
19270	7
19271	2
19272	3
19273	2
19274	3
19275	2
19276	3
19277	3
19278	4
19279	1
19280	2
19281	3
19282	1
19283	2
19284	2
19285	1
19286	3
19287	4
19288	3
19290	2
19291	1
19292	4
19293	3
19294	3
19295	2
19296	1
19298	4
19299	5
19300	4
19301	2
19302	2
19303	1
19304	1
19305	4
19307	2
19308	2
19309	3
19310	2
19311	1
19312	1
19313	2
19314	1
19315	3
19316	3
19317	3
19318	1
19320	6
19321	3
19322	1
19323	3
19324	2
19326	4
19327	4
19328	2
19329	3
19330	2
19332	4
19333	2
19335	3
19336	4
19337	2
19338	4
19339	3
19340	4
19341	4
19342	2
19343	4
19344	4
19345	2
19346	3
19347	3
19348	1
19349	2
19350	1
19351	1
19352	3
19353	2
19354	4
19355	2
19356	1
19357	2
19358	1
19359	1
19360	3
19361	1
19363	3
19364	3
19365	1
19366	2
19367	1
19368	2
19369	3
19371	2
19372	4
19373	2
19374	4
19375	3
19376	2
19377	1
19378	1
19379	3
19380	2
19381	2
19382	3
19383	5
19384	1
19385	3
19386	1
19387	2
19388	3
19389	2
19390	1
19391	3
19392	3
19394	3
19395	2
19396	2
19397	4
19398	3
19399	2
19400	2
19401	2
19402	1
19403	4
19404	5
19405	1
19408	4
19409	2
19410	1
19411	2
19412	1
19414	1
19415	1
19416	5
19417	1
19418	5
19419	1
19420	2
19421	2
19422	2
19423	1
19424	3
19425	3
19426	1
19427	2
19428	2
19429	2
19430	5
19431	3
19432	3
19433	3
19434	1
19435	1
19437	4
19438	4
19439	1
19440	3
19441	4
19443	5
19444	2
19445	4
19446	1
19447	1
19448	4
19450	3
19451	3
19452	3
19453	4
19454	4
19455	6
19456	2
19458	2
19459	2
19461	3
19462	1
19463	5
19464	1
19465	2
19466	2
19468	2
19469	2
19470	2
19471	2
19472	4
19473	3
19474	3
19475	1
19476	2
19477	2
19478	4
19479	1
19480	2
19481	2
19482	2
19483	4
19484	2
19485	1
19486	1
19487	1
19488	4
19489	2
19490	3
19492	5
19493	1
19494	5
19495	3
19496	3
19497	1
19498	2
19499	3
19501	4
19502	3
19503	2
19504	1
19505	3
19506	4
19507	1
19508	1
19509	4
19510	4
19511	2
19512	3
19513	3
19515	3
19516	4
19517	2
19518	1
19519	1
19520	4
19521	2
19522	6
19523	2
19524	2
19525	3
19526	3
19527	1
19528	1
19530	1
19531	3
19532	5
19533	1
19534	5
19535	1
19536	1
19538	4
19539	2
19540	1
19541	1
19542	3
19543	3
19544	3
19545	3
19546	2
19548	1
19549	3
19551	4
19552	2
19553	2
19554	1
19555	3
19556	1
19558	2
19559	4
19560	4
19561	1
19562	3
19563	1
19564	1
19565	3
19566	5
19567	3
19568	3
19569	3
19570	1
19572	3
19573	1
19574	1
19575	4
19576	5
19577	3
19578	2
19579	1
19580	2
19582	2
19583	2
19584	1
19585	3
19586	2
19587	1
19588	2
19589	3
19591	1
19592	2
19594	1
19595	2
19596	3
19598	2
19599	2
19601	3
19602	3
19603	4
19604	3
19605	2
19607	3
19608	2
19609	2
19610	2
19611	2
19612	5
19613	4
19614	3
19615	2
19616	1
19617	2
19618	1
19619	1
19620	3
19621	1
19622	2
19623	2
19624	2
19626	1
19628	2
19629	1
19630	2
19631	1
19632	1
19633	2
19634	4
19635	1
19636	1
19637	1
19638	3
19639	2
19640	4
19641	3
19642	1
19643	1
19644	3
19645	3
19646	2
19647	2
19648	3
19649	3
19650	5
19651	3
19652	2
19654	3
19655	3
19656	2
19657	2
19658	2
19659	2
19660	1
19661	4
19662	2
19663	2
19664	2
19665	5
19666	2
19667	2
19668	2
19669	2
19671	5
19672	3
19674	2
19675	1
19676	3
19677	4
19678	2
19680	3
19681	1
19682	2
19683	3
19684	3
19685	1
19686	2
19687	2
19688	3
19689	2
19690	3
19692	4
19693	4
19694	1
19695	1
19696	1
19697	3
19698	1
19699	1
19700	2
19703	5
19706	6
19707	3
19708	2
19709	1
19711	2
19714	1
19715	2
19717	4
19718	3
19719	4
19720	3
19722	2
19724	2
19725	2
19726	2
19727	3
19728	2
19729	3
19731	1
19732	2
19733	4
19735	1
19736	1
19737	1
19738	3
19739	4
19740	2
19741	1
19742	5
19743	1
19744	3
19745	1
19746	1
19747	2
19748	2
19749	2
19750	2
19751	4
19752	4
19753	3
19754	2
19755	3
19756	1
19758	2
19759	3
19760	3
19761	2
19762	3
19764	1
19765	3
19766	1
19767	1
19768	3
19769	2
19770	1
19771	3
19772	2
19773	1
19774	1
19775	1
19776	3
19777	2
19778	2
19779	1
19780	2
19781	1
19782	2
19783	3
19784	3
19785	3
19787	3
19788	5
19789	3
19790	4
19791	1
19792	4
19793	3
19794	4
19796	3
19797	2
19798	6
19799	4
19800	6
19801	1
19803	2
19804	2
19805	8
19806	3
19807	2
19808	1
19810	2
19811	3
19813	2
19814	3
19816	5
19817	1
19819	3
19820	2
19822	4
19823	3
19824	2
19825	3
19826	2
19827	3
19828	4
19830	3
19831	2
19832	2
19833	2
19834	1
19835	5
19836	2
19837	2
19838	3
19839	2
19840	1
19841	5
19842	2
19844	6
19845	3
19846	3
19847	3
19848	2
19849	4
19850	2
19851	2
19852	1
19853	3
19854	3
19855	1
19857	2
19859	2
19860	2
19861	2
19862	3
19863	2
19865	2
19866	4
19867	1
19868	2
19869	2
19873	4
19874	2
19875	1
19876	1
19877	3
19878	3
19879	3
19880	1
19881	1
19882	4
19883	5
19884	3
19886	1
19887	1
19889	1
19890	3
19891	1
19893	3
19894	6
19895	2
19896	2
19897	6
19898	1
19899	2
19900	3
19901	4
19902	2
19903	2
19904	1
19905	1
19906	1
19907	1
19908	3
19909	2
19910	1
19911	1
19912	1
19913	2
19914	3
19915	2
19916	2
19917	3
19918	1
19919	1
19920	4
19921	2
19922	3
19923	2
19924	1
19925	3
19926	5
19927	2
19928	1
19929	1
19930	2
19931	3
19933	1
19934	1
19935	5
19936	2
19937	3
19938	4
19939	2
19940	1
19941	2
19942	2
19943	1
19944	3
19945	2
19947	3
19948	3
19949	1
19951	3
19952	1
19953	1
19954	2
19957	6
19958	1
19959	1
19960	1
19961	1
19964	1
19965	2
19966	5
19967	1
19968	1
19969	4
19970	3
19971	1
19972	1
19973	2
19975	3
19976	2
19977	3
19978	2
19979	1
19980	4
19981	4
19982	1
19983	3
19984	1
19985	1
19986	5
19987	4
19988	2
19989	2
19990	5
19991	3
19993	3
19995	2
19996	2
19997	3
19998	5
19999	3
20000	4
20001	1
20002	2
20003	2
20004	3
20006	1
20007	4
20008	1
20009	4
20011	4
20012	7
20013	2
20014	6
20015	4
20016	2
20017	1
20018	3
20019	2
20020	4
20021	4
20023	1
20024	3
20025	1
20026	5
20027	3
20028	4
20029	1
20030	2
20031	2
20032	3
20033	3
20034	3
20035	3
20036	5
20037	3
20038	2
20039	1
20040	5
20041	3
20042	2
20043	2
20044	6
20045	1
20046	1
20047	1
20049	2
20050	2
20051	2
20052	2
20053	1
20054	2
20056	4
20057	2
20058	3
20059	2
20060	1
20061	2
20063	4
20064	2
20065	3
20066	2
20067	3
20068	3
20069	3
20070	3
20071	1
20073	1
20074	1
20075	4
20076	1
20077	3
20078	4
20079	4
20080	1
20081	1
20082	2
20083	2
20084	3
20085	3
20086	2
20087	3
20088	6
20089	7
20090	1
20091	4
20092	1
20093	1
20094	1
20096	4
20097	2
20098	3
20099	2
20100	1
20101	3
20102	1
20103	3
20104	2
20105	1
20106	3
20107	5
20108	1
20109	1
20111	2
20112	2
20114	5
20115	1
20116	2
20117	4
20119	2
20120	4
20121	3
20122	4
20123	1
20124	1
20125	2
20126	4
20127	3
20128	2
20129	6
20130	2
20132	2
20133	3
20134	2
20135	1
20136	3
20138	2
20139	4
20141	2
20142	3
20143	3
20144	1
20145	4
20146	2
20147	2
20148	4
20149	3
20151	1
20152	1
20153	1
20154	5
20156	2
20157	2
20158	3
20159	3
20160	1
20161	1
20162	3
20163	2
20164	4
20165	1
20166	2
20170	3
20171	2
20172	5
20173	3
20174	2
20175	3
20176	2
20178	3
20179	4
20180	3
20181	2
20182	2
20183	4
20184	4
20185	6
20187	2
20188	2
20189	2
20190	2
20191	4
20192	5
20193	5
20194	3
20195	2
20196	2
20197	2
20198	3
20199	3
20200	3
20201	2
20202	1
20203	1
20204	3
20205	2
20206	4
20207	3
20208	1
20209	1
20210	1
20211	2
20212	3
20213	1
20214	2
20215	1
20216	2
20217	3
20219	4
20220	2
20221	1
20222	2
20223	3
20224	2
20225	1
20226	2
20227	1
20229	2
20230	3
20231	1
20232	5
20233	1
20234	5
20235	1
20236	2
20237	4
20239	1
20241	2
20243	2
20244	2
20245	1
20246	2
20247	1
20248	2
20249	3
20250	1
20252	3
20253	1
20254	2
20255	1
20256	1
20257	4
20258	1
20259	2
20260	1
20261	1
20262	1
20263	6
20264	1
20266	2
20267	3
20268	4
20269	3
20271	2
20272	4
20273	1
20274	1
20275	2
20276	4
20278	4
20279	3
20280	3
20281	3
20282	3
20283	2
20284	3
20285	5
20286	4
20287	2
20288	1
20289	1
20290	3
20291	4
20292	8
20293	3
20294	1
20295	2
20296	2
20297	1
20298	1
20299	3
20301	4
20302	3
20303	2
20304	2
20305	3
20307	1
20308	2
20309	2
20310	1
20311	1
20312	3
20313	2
20314	3
20316	1
20317	4
20318	3
20319	3
20321	2
20322	6
20323	1
20324	2
20325	2
20326	1
20327	4
20328	3
20329	3
20330	5
20331	2
20333	3
20334	7
20336	2
20337	3
20338	3
20339	1
20340	1
20342	3
20343	3
20344	4
20345	1
20346	3
20347	3
20348	2
20349	1
20350	1
20351	2
20352	4
20353	5
20354	1
20355	4
20356	1
20357	3
20358	2
20359	3
20360	3
20362	1
20363	3
20364	4
20365	3
20366	5
20367	3
20368	4
20369	3
20370	1
20371	3
20372	4
20373	3
20374	2
20376	2
20377	2
20378	1
20379	3
20380	1
20381	2
20382	2
20383	1
20384	3
20385	4
20386	2
20387	2
20388	4
20389	4
20391	1
20392	3
20393	2
20395	3
20396	3
20397	1
20398	2
20399	2
20400	2
20401	5
20402	4
20403	1
20404	1
20405	3
20406	2
20407	2
20408	7
20409	2
20410	1
20412	1
20414	3
20415	3
20417	2
20418	4
20419	1
20420	2
20421	4
20422	2
20423	4
20424	2
20425	1
20426	2
20427	1
20428	3
20429	4
20431	4
20432	1
20433	3
20434	5
20435	1
20436	1
20437	2
20438	3
20439	3
20440	3
20441	3
20442	2
20444	5
20446	5
20448	1
20449	2
20450	2
20451	1
20452	3
20453	2
20454	2
20455	1
20456	1
20458	3
20459	4
20460	1
20461	2
20462	1
20463	3
20464	6
20465	1
20466	1
20467	4
20468	2
20469	3
20470	4
20471	5
20473	2
20474	4
20475	3
20476	1
20477	1
20479	2
20480	3
20481	2
20483	2
20484	2
20485	2
20486	1
20488	4
20489	1
20490	4
20491	1
20492	1
20493	4
20494	4
20495	2
20496	2
20497	2
20498	6
20499	1
20500	3
20501	1
20503	4
20504	1
20505	5
20506	3
20507	4
20508	1
20509	3
20510	1
20511	3
20512	2
20513	5
20514	3
20515	2
20517	5
20518	3
20519	2
20520	1
20521	1
20522	2
20523	2
20524	1
20525	3
20527	2
20528	5
20529	4
20530	3
20531	2
20532	3
20533	1
20534	6
20536	1
20537	4
20538	3
20539	3
20540	1
20541	2
20542	4
20543	1
20544	1
20545	5
20546	2
20547	2
20549	4
20550	1
20551	2
20552	3
20553	2
20554	3
20555	1
20556	4
20557	1
20558	2
20559	6
20561	1
20562	3
20563	3
20564	1
20565	3
20566	3
20567	1
20568	3
20569	3
20571	5
20572	1
20573	2
20575	1
20576	1
20577	3
20578	1
20579	5
20580	3
20581	3
20582	5
20583	4
20584	2
20585	1
20586	1
20587	2
20588	3
20589	2
20590	3
20591	4
20592	2
20593	4
20594	3
20595	2
20596	2
20598	4
20599	1
20600	2
20601	5
20602	5
20603	2
20604	4
20605	4
20606	5
20607	4
20609	2
20610	4
20611	1
20612	2
20613	1
20615	2
20616	1
20618	2
20619	3
20620	1
20621	4
20622	2
20623	1
20624	1
20625	2
20626	1
20627	6
20628	2
20629	2
20630	4
20631	2
20632	2
20633	3
20634	1
20635	3
20636	2
20637	4
20638	2
20639	2
20640	1
20641	4
20642	2
20643	1
20644	3
20645	5
20646	1
20649	2
20650	1
20651	3
20652	6
20653	1
20654	1
20655	3
20656	3
20657	1
20658	3
20659	2
20660	4
20661	2
20662	4
20663	2
20664	4
20665	5
20666	3
20667	3
20668	1
20669	5
20670	3
20671	1
20672	1
20673	2
20674	2
20676	2
20677	2
20678	1
20679	3
20680	2
20681	4
20682	1
20683	1
20685	1
20686	3
20687	3
20688	7
20690	2
20691	4
20692	1
20693	3
20694	2
20695	2
20697	3
20698	4
20700	1
20701	3
20703	2
20704	2
20705	4
20706	2
20707	2
20708	1
20709	3
20710	1
20711	1
20712	1
20713	2
20714	1
20715	1
20716	5
20717	2
20718	1
20719	1
20720	2
20721	1
20722	2
20723	2
20724	5
20725	1
20726	1
20727	3
20728	2
20729	4
20730	2
20731	1
20732	4
20733	3
20734	3
20736	2
20737	2
20738	6
20741	4
20742	2
20743	3
20744	1
20746	5
20747	1
20749	1
20751	2
20752	3
20753	2
20754	3
20755	1
20756	1
20758	1
20759	1
20760	4
20761	1
20762	1
20763	2
20764	1
20765	3
20766	2
20767	5
20768	2
20769	4
20770	1
20771	4
20772	3
20773	3
20775	3
20776	4
20777	3
20778	2
20779	1
20780	2
20781	5
20782	3
20783	2
20784	2
20785	2
20786	2
20787	5
20788	1
20789	1
20790	4
20791	3
20792	3
20793	2
20794	3
20797	4
20798	1
20799	2
20801	3
20802	2
20803	3
20804	2
20805	2
20807	2
20808	4
20810	1
20811	4
20812	1
20813	1
20814	4
20816	1
20817	4
20818	1
20819	2
20820	4
20821	1
20823	3
20824	1
20825	2
20826	6
20827	2
20828	3
20829	1
20830	1
20831	1
20833	3
20834	2
20835	6
20836	2
20837	1
20839	5
20840	4
20841	3
20843	1
20844	4
20845	2
20846	2
20847	3
20848	1
20849	1
20850	3
20851	1
20852	1
20853	1
20854	1
20855	2
20856	4
20857	2
20859	1
20861	2
20862	2
20863	2
20864	3
20865	1
20866	1
20867	1
20868	2
20870	3
20871	2
20872	1
20873	4
20874	3
20875	1
20876	2
20878	2
20879	2
20880	1
20881	2
20882	3
20883	5
20884	3
20885	3
20886	1
20887	1
20888	3
20889	4
20890	2
20891	6
20892	3
20894	2
20895	2
20896	4
20897	1
20898	2
20900	2
20901	8
20903	2
20905	4
20906	4
20908	3
20909	5
20910	2
20911	2
20912	2
20913	1
20914	3
20915	4
20916	4
20917	2
20918	3
20920	3
20922	3
20924	1
20925	1
20926	4
20927	4
20928	1
20929	1
20930	2
20931	6
20932	4
20933	2
20935	3
20936	2
20937	2
20939	3
20940	2
20943	1
20944	2
20945	1
20946	2
20947	3
20948	3
20949	4
20951	2
20952	4
20953	2
20955	6
20956	3
20957	2
20958	1
20959	1
20960	3
20962	2
20963	2
20964	3
20965	2
20966	2
20967	2
20968	1
20969	4
20970	3
20971	1
20973	4
20974	5
20975	2
20976	4
20977	4
20978	1
20979	4
20980	6
20982	3
20984	2
20985	3
20986	1
20988	1
20989	1
20990	1
20991	2
20992	3
20993	1
20994	2
20995	2
20996	3
20997	4
20999	1
21000	4
21001	1
21003	2
21004	3
21007	3
21008	3
21009	4
21010	3
21011	4
21012	2
21013	3
21014	3
21015	2
21018	4
21019	3
21020	4
21021	1
21022	2
21023	1
21024	5
21025	1
21026	3
21027	1
21028	1
21029	3
21030	2
21031	3
21032	3
21033	1
21034	2
21035	4
21036	2
21037	2
21038	2
21039	1
21040	4
21041	3
21042	1
21043	2
21044	1
21046	2
21047	1
21048	3
21049	2
21052	1
21054	1
21055	2
21057	1
21058	3
21059	5
21060	2
21061	2
21062	2
21063	4
21064	5
21065	1
21066	1
21067	2
21068	1
21069	2
21070	1
21071	1
21072	3
21073	3
21074	1
21075	4
21076	1
21079	1
21080	1
21081	2
21083	1
21087	5
21088	2
21089	2
21090	3
21092	2
21093	5
21094	2
21095	2
21096	3
21098	3
21099	4
21100	2
21101	4
21102	2
21103	4
21104	3
21105	3
21106	1
21107	5
21108	3
21109	2
21110	1
21112	2
21113	1
21114	5
21116	3
21117	1
21118	1
21119	4
21120	3
21121	2
21122	3
21123	3
21125	3
21126	3
21127	5
21128	3
21129	3
21130	2
21131	3
21132	3
21133	1
21134	1
21135	1
21137	1
21138	1
21139	3
21140	4
21142	2
21143	2
21144	3
21146	2
21147	2
21149	1
21150	2
21151	1
21152	1
21153	1
21154	2
21155	3
21156	2
21157	1
21158	2
21159	1
21160	2
21161	2
21162	2
21163	5
21164	2
21165	1
21166	1
21168	3
21169	1
21170	1
21171	3
21173	3
21174	2
21175	2
21176	3
21177	1
21178	2
21179	2
21180	3
21181	1
21183	2
21184	3
21185	1
21187	2
21188	2
21189	2
21190	3
21191	3
21192	3
21193	4
21194	3
21195	1
21196	1
21197	2
21198	2
21199	1
21200	3
21201	1
21202	2
21203	2
21204	1
21205	3
21206	1
21207	2
21208	2
21209	3
21210	1
21211	2
21212	1
21213	1
21214	2
21215	3
21216	1
21217	3
21218	2
21219	4
21221	1
21222	2
21223	1
21224	2
21225	2
21227	1
21228	2
21229	2
21230	2
21231	1
21232	2
21233	6
21234	2
21235	2
21236	4
21237	2
21238	3
21239	1
21240	1
21241	3
21242	6
21243	3
21244	2
21245	3
21246	4
21247	3
21248	1
21249	1
21250	1
21251	1
21253	2
21254	2
21255	1
21256	2
21257	3
21258	3
21259	3
21260	2
21261	1
21262	1
21263	1
21264	1
21265	2
21266	3
21267	1
21268	1
21269	2
21270	2
21271	3
21272	2
21273	3
21274	2
21275	3
21276	4
21277	1
21278	4
21279	2
21280	3
21281	2
21282	2
21283	1
21284	2
21287	1
21288	1
21289	1
21290	2
21291	2
21292	3
21293	2
21294	2
21295	2
21296	3
21297	3
21298	3
21299	2
21300	2
21301	3
21303	3
21304	2
21305	2
21306	2
21307	2
21308	2
21309	1
21310	4
21311	2
21313	1
21314	2
21315	4
21316	1
21317	3
21318	1
21319	2
21320	1
21321	4
21322	1
21323	3
21324	2
21325	2
21326	2
21328	2
21329	1
21330	2
21331	4
21332	5
21333	7
21334	1
21335	5
21336	1
21337	1
21338	1
21339	3
21340	4
21341	2
21342	2
21343	4
21344	2
21345	3
21346	1
21349	2
21350	1
21352	2
21354	2
21355	1
21356	2
21357	3
21358	5
21359	4
21361	3
21362	5
21363	2
21364	3
21365	4
21366	1
21367	2
21368	5
21369	2
21370	1
21371	1
21373	3
21374	2
21375	2
21376	1
21378	2
21379	4
21380	3
21381	3
21382	1
21383	5
21384	3
21385	4
21386	2
21387	4
21388	3
21389	4
21390	3
21391	2
21392	3
21393	5
21394	3
21396	4
21397	1
21398	2
21399	2
21400	1
21401	2
21402	2
21403	4
21404	2
21405	1
21406	5
21407	2
21408	1
21409	1
21410	4
21412	2
21413	1
21414	3
21416	4
21417	1
21418	3
21419	3
21420	4
21421	4
21422	1
21423	3
21424	1
21425	2
21427	6
21428	2
21429	2
21430	6
21431	2
21432	1
21433	2
21434	3
21435	4
21436	2
21437	2
21439	2
21440	2
21441	1
21442	2
21443	3
21445	3
21447	3
21448	1
21449	1
21450	3
21451	3
21452	2
21453	4
21454	3
21455	3
21456	2
21457	3
21458	1
21459	4
21460	1
21461	1
21462	3
21463	1
21464	3
21465	3
21466	7
21467	4
21468	3
21469	3
21470	5
21471	2
21472	2
21473	5
21474	1
21475	4
21476	4
21477	4
21478	3
21480	3
21481	2
21482	2
21483	2
21484	5
21485	3
21486	2
21487	4
21488	2
21489	1
21490	1
21491	1
21492	2
21493	3
21494	3
21495	2
21496	1
21497	4
21498	1
21499	2
21500	3
21501	4
21502	1
21503	3
21504	1
21505	2
21506	3
21507	4
21508	2
21509	3
21510	5
21511	2
21512	4
21513	4
21514	2
21515	1
21516	7
21517	4
21518	1
21519	4
21520	4
21521	3
21522	1
21523	2
21524	2
21525	3
21526	4
21528	2
21529	6
21530	1
21531	4
21532	1
21533	1
21534	5
21535	3
21536	3
21537	1
21538	1
21539	2
21540	2
21541	1
21542	3
21543	1
21544	6
21545	3
21546	1
21547	6
21548	1
21549	1
21550	4
21551	2
21553	2
21554	2
21556	5
21557	2
21558	2
21560	1
21561	1
21562	2
21563	2
21564	2
21565	3
21566	1
21567	1
21568	3
21569	3
21570	3
21571	1
21572	2
21573	1
21574	1
21575	2
21576	5
21577	2
21578	4
21579	3
21580	4
21581	1
21582	4
21583	2
21584	2
21585	3
21586	2
21587	2
21588	1
21589	3
21590	2
21592	2
21595	1
21596	1
21597	1
21598	4
21599	1
21600	1
21601	3
21602	5
21604	5
21605	3
21606	5
21608	4
21609	2
21610	2
21611	2
21612	2
21613	4
21614	5
21615	4
21616	2
21617	1
21618	5
21619	1
21620	2
21621	5
21622	1
21623	2
21624	2
21625	2
21626	5
21627	4
21628	7
21629	1
21630	2
21632	3
21633	3
21634	1
21635	1
21636	4
21637	4
21638	1
21639	2
21640	1
21641	3
21643	1
21644	4
21645	2
21646	2
21647	1
21648	2
21649	5
21650	2
21651	2
21652	4
21654	1
21656	2
21657	1
21658	5
21659	3
21660	6
21662	2
21663	4
21664	4
21665	1
21666	3
21667	1
21668	2
21669	1
21670	3
21671	1
21672	2
21674	4
21676	1
21677	1
21678	1
21679	1
21680	1
21681	3
21682	1
21683	1
21684	2
21685	3
21686	2
21687	2
21688	4
21689	1
21692	5
21693	2
21694	2
21695	3
21696	1
21698	2
21699	2
21700	2
21701	2
21702	2
21703	5
21704	2
21705	2
21706	2
21707	3
21709	4
21710	1
21711	2
21712	1
21713	1
21714	3
21715	1
21716	2
21717	4
21718	2
21719	2
21720	1
21722	2
21723	3
21724	4
21726	5
21727	5
21728	2
21729	1
21730	1
21731	3
21732	2
21733	3
21734	3
21735	5
21736	2
21737	3
21738	3
21739	1
21740	3
21741	1
21742	4
21745	3
21746	1
21747	3
21748	1
21749	3
21750	8
21751	4
21752	4
21753	5
21754	2
21755	4
21756	1
21757	3
21758	4
21759	2
21760	4
21762	1
21763	4
21764	3
21765	1
21766	4
21767	3
21768	2
21769	5
21770	6
21771	3
21773	3
21774	1
21775	1
21776	2
21777	1
21778	3
21779	2
21780	3
21783	1
21784	2
21785	3
21786	3
21787	2
21789	4
21790	6
21792	4
21793	2
21794	2
21795	5
21796	5
21797	1
21798	5
21799	6
21800	1
21801	2
21802	2
21804	2
21805	2
21806	3
21807	1
21809	1
21810	4
21813	2
21815	3
21816	2
21817	7
21818	5
21819	2
21820	2
21821	5
21822	2
21823	3
21824	2
21825	3
21826	4
21828	2
21829	1
21830	4
21831	3
21832	2
21833	4
21834	1
21836	1
21838	3
21839	3
21840	5
21841	4
21842	1
21843	2
21844	3
21846	3
21847	1
21848	2
21849	4
21850	4
21851	1
21852	4
21853	1
21854	1
21855	2
21856	2
21857	3
21858	2
21859	1
21860	1
21861	4
21862	1
21863	2
21864	3
21865	4
21866	1
21867	3
21868	3
21869	2
21870	5
21871	1
21872	6
21873	3
21875	1
21876	2
21877	3
21878	4
21879	4
21880	1
21881	1
21882	5
21883	1
21884	1
21885	4
21886	4
21887	3
21888	4
21889	1
21890	4
21891	2
21892	2
21894	2
21895	1
21896	2
21897	1
21898	3
21899	4
21901	3
21902	4
21903	1
21904	2
21905	1
21906	1
21908	5
21909	2
21910	2
21911	3
21912	2
21913	2
21914	1
21915	2
21916	2
21917	2
21918	2
21919	7
21920	3
21921	2
21922	2
21924	2
21925	2
21926	3
21927	1
21928	2
21929	2
21930	4
21931	1
21932	1
21934	5
21935	5
21936	2
21937	3
21938	3
21939	1
21940	3
21943	2
21944	2
21945	3
21946	3
21947	3
21948	3
21949	1
21950	2
21951	1
21952	2
21953	2
21954	1
21955	4
21956	3
21957	2
21958	1
21959	2
21960	2
21962	6
21964	1
21965	3
21966	1
21967	1
21968	1
21969	2
21972	3
21973	2
21975	3
21977	2
21978	1
21979	2
21980	3
21981	1
21982	3
21983	5
21984	2
21985	1
21986	1
21987	3
21988	3
21989	1
21990	3
21991	3
21992	1
21993	4
21994	2
21995	4
21996	2
21997	2
21999	1
22000	2
22001	2
22002	2
22004	2
22005	1
22006	4
22007	1
22008	1
22009	2
22010	3
22012	1
22013	2
22014	3
22015	4
22016	3
22017	1
22018	4
22019	2
22020	1
22021	1
22022	3
22023	1
22024	3
22025	1
22026	8
22027	2
22028	1
22029	3
22030	2
22031	2
22032	1
22033	2
22034	3
22037	1
22038	1
22039	1
22040	2
22041	2
22042	2
22044	1
22045	2
22046	4
22048	3
22049	3
22050	2
22051	2
22052	6
22053	2
22054	3
22055	2
22056	2
22057	3
22058	2
22059	2
22060	4
22061	3
22062	2
22063	4
22064	3
22066	1
22067	2
22068	1
22069	3
22070	1
22071	3
22072	5
22073	1
22074	5
22075	3
22076	3
22077	2
22079	1
22080	3
22081	1
22082	2
22083	1
22084	2
22086	2
22089	2
22090	3
22091	4
22092	1
22093	1
22094	1
22096	2
22097	4
22098	2
22099	1
22100	1
22101	3
22102	1
22103	2
22104	2
22105	2
22107	2
22108	3
22109	2
22111	2
22112	1
22113	1
22114	3
22115	1
22117	5
22118	2
22119	5
22120	2
22121	2
22122	1
22123	4
22124	1
22125	3
22126	2
22127	3
22128	5
22129	1
22130	1
22131	2
22132	1
22134	3
22135	2
22136	4
22137	1
22138	3
22139	4
22140	4
22141	4
22142	5
22143	7
22144	2
22145	4
22147	3
22148	2
22149	2
22150	3
22151	2
22152	2
22153	2
22154	4
22155	2
22156	3
22157	4
22160	3
22161	7
22162	1
22163	1
22164	2
22165	2
22166	1
22167	3
22168	5
22169	1
22170	6
22171	3
22172	1
22173	1
22174	2
22175	1
22176	1
22177	2
22178	3
22179	3
22180	3
22181	4
22182	4
22183	2
22184	5
22185	4
22186	2
22187	3
22188	1
22189	3
22190	2
22191	2
22192	2
22193	2
22194	3
22195	2
22196	1
22197	1
22198	2
22199	2
22200	2
22201	3
22202	3
22203	3
22204	3
22205	2
22206	2
22207	4
22208	3
22209	3
22210	3
22211	2
22212	4
22213	2
22214	4
22216	4
22217	4
22218	1
22219	2
22220	1
22221	2
22222	2
22223	1
22224	7
22226	3
22227	2
22228	2
22229	2
22230	1
22231	1
22232	2
22234	2
22235	2
22236	4
22237	4
22238	1
22239	1
22240	4
22242	2
22243	1
22244	2
22246	3
22247	5
22248	8
22249	2
22250	2
22251	1
22252	2
22253	1
22254	2
22255	2
22256	2
22257	5
22258	2
22259	2
22260	3
22261	2
22263	2
22264	4
22265	3
22266	1
22267	5
22268	2
22269	4
22271	2
22272	2
22273	5
22274	4
22275	1
22276	1
22277	1
22278	2
22279	3
22280	2
22281	2
22282	3
22283	3
22285	1
22286	5
22287	1
22288	3
22289	2
22290	3
22291	4
22292	3
22293	2
22294	2
22296	2
22297	1
22298	1
22299	2
22300	3
22301	2
22302	4
22303	2
22304	1
22305	1
22306	3
22307	2
22308	3
22309	2
22310	2
22312	1
22313	3
22314	4
22315	4
22316	1
22319	3
22320	3
22321	3
22322	1
22323	3
22324	6
22326	2
22327	5
22328	1
22329	3
22330	2
22331	3
22332	5
22333	3
22334	1
22335	4
22337	2
22338	1
22339	2
22340	2
22341	1
22342	1
22343	3
22345	3
22346	3
22348	4
22349	4
22350	2
22352	3
22353	2
22354	1
22355	3
22357	3
22358	2
22359	3
22360	1
22361	3
22362	1
22363	2
22365	4
22366	2
22367	3
22368	4
22369	3
22370	2
22371	1
22373	3
22374	3
22376	1
22377	4
22379	3
22380	2
22381	1
22382	1
22383	1
22384	4
22386	2
22387	5
22388	2
22389	2
22390	3
22391	1
22392	1
22393	6
22394	2
22395	4
22396	1
22397	3
22398	2
22399	3
22400	2
22401	1
22402	4
22403	3
22404	3
22405	2
22406	2
22407	7
22410	3
22411	2
22412	4
22413	3
22414	3
22415	4
22416	3
22417	4
22418	1
22419	4
22420	2
22421	4
22422	1
22423	3
22424	3
22425	3
22426	1
22427	1
22428	2
22429	2
22430	1
22431	2
22432	2
22434	3
22435	2
22436	2
22437	2
22438	3
22439	3
22440	2
22441	1
22442	2
22443	4
22444	7
22445	6
22446	3
22447	2
22448	2
22449	2
22451	3
22452	2
22453	1
22454	3
22455	3
22456	1
22459	2
22460	3
22461	2
22464	4
22465	3
22466	1
22467	3
22468	2
22469	3
22470	2
22471	3
22472	1
22473	3
22474	2
22475	1
22476	1
22478	3
22479	1
22480	4
22481	4
22482	1
22483	3
22484	3
22485	4
22488	2
22489	7
22490	3
22491	2
22492	3
22493	2
22494	2
22495	1
22496	1
22497	4
22498	5
22499	3
22500	2
22501	3
22502	2
22503	1
22504	6
22505	3
22507	3
22509	2
22510	3
22511	1
22512	2
22513	1
22514	2
22515	2
22516	2
22517	4
22518	5
22519	5
22520	4
22521	4
22522	2
22523	3
22524	4
22525	3
22526	3
22527	2
22528	1
22529	2
22530	4
22531	3
22532	2
22534	1
22537	3
22538	3
22539	1
22540	3
22541	6
22543	1
22544	3
22545	1
22546	2
22547	2
22550	1
22551	3
22552	2
22553	5
22554	3
22555	2
22556	2
22558	3
22559	2
22560	3
22561	5
22562	1
22565	1
22566	2
22567	1
22568	6
22569	1
22570	4
22571	3
22572	2
22573	3
22574	3
22576	4
22577	1
22578	1
22579	2
22580	3
22581	3
22582	2
22583	3
22584	1
22585	2
22586	2
22587	2
22588	2
22589	2
22590	1
22592	3
22593	1
22594	1
22595	7
22596	1
22597	4
22598	6
22599	2
22600	2
22601	2
22602	2
22603	3
22605	2
22607	1
22609	4
22610	1
22611	2
22612	2
22613	3
22615	2
22616	3
22617	2
22618	2
22619	1
22621	1
22622	3
22623	3
22624	2
22625	1
22626	2
22627	1
22628	4
22630	1
22631	1
22632	2
22633	2
22634	1
22635	1
22636	1
22637	1
22638	2
22640	3
22641	2
22642	1
22643	1
22644	3
22645	1
22646	3
22647	2
22649	1
22650	4
22651	2
22652	1
22655	3
22656	1
22657	2
22658	1
22659	3
22660	4
22661	2
22662	2
22663	1
22664	1
22665	1
22666	3
22667	1
22668	4
22669	4
22670	2
22671	3
22672	5
22674	3
22675	3
22676	3
22677	2
22678	3
22679	2
22680	1
22681	4
22682	3
22683	1
22684	3
22685	2
22686	5
22687	1
22688	3
22689	4
22690	3
22691	2
22692	2
22693	2
22694	1
22695	1
22696	3
22697	2
22698	1
22699	3
22700	3
22701	3
22702	2
22704	2
22705	5
22706	2
22707	4
22708	1
22709	5
22710	5
22711	2
22712	1
22713	2
22714	1
22715	4
22716	3
22717	2
22718	4
22719	2
22720	2
22721	6
22722	1
22723	4
22724	1
22725	2
22726	1
22727	5
22728	1
22729	5
22730	2
22731	1
22732	1
22733	2
22734	1
22735	3
22736	4
22737	2
22738	1
22740	4
22741	3
22743	2
22744	4
22745	4
22746	4
22747	2
22748	2
22749	3
22750	3
22751	3
22752	3
22754	4
22755	2
22756	2
22757	4
22758	3
22759	1
22760	4
22761	2
22762	3
22763	5
22764	1
22765	2
22766	4
22767	1
22768	2
22769	2
22770	2
22771	1
22772	1
22774	2
22775	2
22776	3
22777	1
22779	1
22780	2
22782	5
22783	3
22784	4
22785	3
22786	1
22787	1
22788	2
22789	4
22790	1
22792	1
22793	1
22794	2
22795	1
22796	2
22798	2
22799	1
22801	2
22802	3
22803	2
22804	2
22805	1
22806	3
22808	1
22809	2
22810	1
22811	6
22812	2
22813	2
22814	1
22815	1
22816	2
22818	2
22819	2
22820	3
22821	3
22823	1
22824	2
22825	3
22826	2
22827	1
22828	5
22829	3
22830	4
22831	3
22832	2
22833	2
22835	2
22836	1
22838	2
22839	2
22840	1
22841	2
22842	1
22843	3
22844	4
22846	4
22847	1
22848	2
22849	2
22850	3
22851	2
22852	2
22853	2
22854	5
22855	3
22856	1
22857	1
22858	1
22859	1
22860	1
22861	2
22862	3
22865	3
22866	2
22867	4
22868	4
22869	5
22870	4
22871	2
22872	2
22873	1
22874	2
22875	1
22876	5
22877	2
22879	3
22880	1
22881	1
22883	2
22884	1
22885	1
22886	1
22888	2
22889	2
22890	3
22891	5
22892	3
22893	4
22894	2
22895	2
22896	2
22897	1
22898	4
22899	4
22900	1
22901	2
22902	4
22903	1
22904	3
22905	1
22906	1
22907	2
22908	3
22909	1
22910	4
22911	2
22912	1
22913	4
22914	1
22915	5
22916	1
22917	1
22918	2
22919	3
22920	2
22921	1
22922	3
22923	4
22924	1
22925	2
22926	2
22927	1
22928	2
22929	1
22932	2
22933	2
22934	3
22935	5
22936	1
22937	5
22938	1
22939	2
22940	5
22941	1
22942	3
22943	3
22945	3
22946	5
22947	3
22948	3
22949	2
22950	4
22951	2
22952	2
22953	2
22954	2
22955	2
22956	3
22957	2
22958	2
22959	2
22960	1
22961	1
22962	2
22963	1
22965	2
22966	2
22967	6
22968	3
22969	1
22970	2
22971	4
22972	7
22973	1
22974	2
22975	2
22976	3
22977	1
22978	4
22979	4
22981	2
22983	3
22984	2
22985	2
22986	4
22987	2
22989	2
22990	1
22991	1
22992	5
22994	2
22995	4
22997	1
22998	1
22999	1
23000	1
23001	1
23002	4
23003	2
23004	1
23005	3
23006	2
23007	2
23008	4
23009	2
23010	1
23011	2
23012	2
23013	2
23014	1
23015	3
23016	1
23017	2
23018	4
23020	3
23021	4
23022	1
23023	2
23024	3
23025	1
23027	5
23028	3
23029	4
23030	3
23031	2
23032	2
23033	3
23034	3
23035	5
23036	3
23037	2
23038	2
23039	5
23040	1
23041	3
23042	3
23043	3
23044	4
23045	1
23046	4
23047	6
23049	2
23050	3
23052	4
23053	3
23054	2
23055	1
23056	2
23057	1
23058	3
23059	2
23060	4
23061	4
23062	1
23063	2
23064	3
23065	1
23066	3
23067	5
23068	2
23069	5
23070	1
23071	3
23072	2
23073	3
23074	2
23075	2
23076	5
23078	3
23079	4
23080	6
23081	1
23082	1
23084	2
23085	2
23086	5
23087	3
23088	5
23089	1
23090	2
23091	4
23092	2
23093	2
23094	1
23095	6
23096	2
23097	1
23098	1
23099	2
23100	1
23101	1
23102	1
23103	1
23105	2
23106	2
23107	4
23108	4
23109	4
23110	7
23111	2
23112	4
23113	3
23114	1
23115	3
23116	1
23117	1
23118	2
23120	3
23121	2
23122	2
23124	2
23125	3
23126	2
23127	2
23128	1
23129	1
23130	2
23132	3
23133	5
23134	2
23135	4
23136	4
23137	4
23138	2
23139	4
23140	2
23142	2
23143	1
23144	3
23145	1
23147	5
23148	2
23149	3
23150	4
23151	3
23152	1
23153	2
23154	1
23155	2
23156	3
23157	4
23158	1
23161	4
23162	1
23163	1
23165	2
23166	1
23167	3
23168	2
23169	2
23170	1
23171	3
23172	3
23173	2
23174	1
23175	1
23176	2
23177	1
23178	4
23180	2
23181	2
23183	2
23184	2
23185	5
23186	2
23187	3
23188	3
23189	3
23191	1
23192	1
23193	3
23194	3
23195	1
23196	2
23197	3
23198	3
23199	3
23200	2
23201	2
23202	2
23203	1
23204	4
23205	6
23206	6
23207	2
23208	2
23209	2
23210	2
23211	3
23212	5
23213	4
23214	2
23215	2
23216	3
23217	1
23220	2
23222	2
23223	1
23224	1
23225	2
23226	2
23227	3
23228	5
23229	2
23230	1
23231	2
23232	3
23233	3
23235	2
23237	1
23238	2
23239	1
23240	2
23241	3
23242	2
23243	2
23244	2
23245	3
23246	2
23247	2
23248	3
23249	3
23251	2
23252	4
23253	4
23254	2
23255	2
23256	1
23257	3
23258	4
23259	2
23260	3
23261	2
23262	3
23263	1
23264	2
23265	2
23266	6
23268	7
23269	1
23270	1
23271	1
23272	4
23273	3
23274	1
23275	1
23276	4
23277	1
23278	4
23279	1
23280	2
23281	1
23282	2
23283	2
23285	1
23286	3
23287	1
23288	2
23289	2
23290	2
23291	2
23293	3
23294	2
23295	4
23296	5
23297	1
23298	5
23300	6
23301	3
23303	3
23304	3
23305	3
23306	2
23307	2
23308	1
23309	2
23310	3
23311	1
23312	1
23313	3
23314	1
23315	3
23316	4
23318	2
23319	2
23320	2
23321	6
23322	2
23323	5
23324	3
23325	2
23326	3
23327	1
23328	3
23329	2
23331	2
23332	4
23333	4
23334	5
23335	4
23336	1
23337	5
23338	2
23339	1
23341	2
23342	3
23343	2
23344	2
23345	5
23346	2
23348	2
23349	4
23350	1
23351	2
23352	3
23353	4
23354	4
23355	2
23356	1
23357	1
23358	7
23359	4
23360	4
23361	3
23362	2
23363	5
23364	1
23365	1
23366	2
23367	2
23368	3
23369	4
23370	3
23371	2
23372	3
23373	2
23374	4
23376	1
23377	1
23378	1
23379	3
23380	3
23381	2
23383	2
23384	1
23385	1
23386	1
23388	1
23389	1
23390	1
23392	4
23393	2
23394	2
23395	1
23396	5
23397	2
23398	2
23399	3
23401	2
23403	5
23404	3
23405	1
23406	2
23407	1
23408	2
23409	3
23410	4
23412	3
23413	3
23414	3
23415	2
23416	1
23417	1
23418	1
23419	3
23420	2
23421	2
23422	2
23423	1
23424	4
23425	3
23426	2
23428	1
23431	1
23432	1
23434	1
23435	4
23436	2
23437	3
23438	3
23439	4
23441	3
23442	1
23443	3
23444	1
23445	3
23446	1
23447	1
23448	1
23449	4
23450	4
23451	2
23452	3
23453	2
23454	3
23455	2
23456	5
23457	4
23458	6
23460	3
23461	2
23462	1
23463	4
23464	3
23465	1
23466	2
23467	1
23468	1
23469	4
23470	3
23471	1
23472	3
23473	2
23474	5
23476	1
23477	3
23478	3
23479	1
23480	2
23481	1
23482	6
23483	1
23484	1
23485	1
23486	2
23487	1
23488	1
23489	1
23490	2
23491	2
23492	2
23493	5
23494	1
23495	6
23497	2
23498	2
23499	2
23500	1
23501	4
23502	3
23503	3
23504	3
23505	2
23507	1
23508	2
23509	3
23510	1
23512	1
23514	1
23515	2
23516	2
23517	1
23518	1
23519	3
23520	6
23522	3
23524	4
23525	3
23526	4
23527	1
23528	2
23529	2
23530	2
23531	2
23532	4
23533	4
23534	1
23536	3
23537	2
23538	3
23539	3
23540	5
23541	1
23542	4
23543	2
23544	2
23548	3
23549	2
23550	4
23551	1
23552	2
23553	1
23554	1
23555	3
23556	2
23557	3
23558	2
23559	2
23560	4
23561	3
23562	3
23563	1
23564	2
23565	1
23566	3
23567	1
23568	4
23569	4
23570	1
23571	2
23572	3
23573	3
23574	1
23575	2
23576	3
23577	2
23578	2
23579	4
23581	1
23582	3
23583	3
23584	1
23585	3
23586	1
23587	1
23588	1
23589	1
23590	2
23591	3
23592	3
23593	1
23594	2
23595	1
23596	3
23597	2
23598	2
23599	5
23600	1
23601	3
23602	3
23603	2
23604	2
23605	1
23606	2
23607	1
23608	1
23609	2
23610	2
23611	2
23613	1
23614	2
23615	3
23616	1
23617	4
23618	3
23619	2
23620	3
23621	5
23622	4
23624	2
23625	2
23626	5
23627	5
23628	2
23629	1
23630	1
23631	2
23632	2
23633	3
23634	4
23635	2
23636	2
23637	3
23638	2
23639	3
23640	4
23641	3
23642	3
23643	2
23644	2
23645	2
23646	2
23647	1
23648	2
23649	1
23650	1
23652	1
23654	1
23655	3
23656	2
23657	2
23659	1
23660	2
23662	2
23663	3
23664	2
23665	1
23666	2
23667	5
23668	1
23669	1
23671	1
23673	3
23674	2
23675	3
23676	6
23677	1
23678	1
23680	3
23681	1
23683	3
23684	1
23685	1
23686	3
23687	2
23688	2
23689	3
23690	3
23691	3
23692	1
23693	3
23695	1
23696	6
23697	2
23698	3
23699	1
23700	2
23701	2
23702	1
23703	2
23704	2
23705	2
23706	3
23707	2
23708	1
23709	3
23710	2
23711	1
23712	1
23713	1
23714	1
23716	1
23717	3
23718	6
23719	2
23720	3
23721	1
23722	3
23723	2
23724	3
23725	2
23726	3
23727	1
23728	1
23729	1
23730	1
23731	3
23732	1
23734	1
23735	4
23736	2
23737	4
23738	3
23739	2
23741	5
23742	4
23743	2
23744	2
23745	2
23746	3
23747	5
23749	3
23750	4
23751	2
23752	4
23753	3
23754	4
23755	3
23756	2
23757	2
23758	2
23759	2
23760	4
23762	2
23763	4
23764	2
23765	1
23766	3
23768	2
23769	4
23770	2
23771	1
23772	5
23774	3
23775	2
23776	2
23777	1
23779	3
23780	2
23781	3
23783	3
23784	6
23787	1
23788	3
23789	4
23790	5
23791	4
23792	1
23793	3
23794	3
23795	2
23796	2
23798	3
23799	2
23801	1
23802	3
23803	2
23804	1
23805	1
23806	5
23807	5
23808	1
23809	2
23810	1
23811	2
23813	2
23814	1
23815	1
23817	2
23818	4
23819	3
23820	3
23821	1
23822	3
23823	2
23824	2
23826	3
23827	3
23828	1
23829	2
23830	1
23831	1
23832	2
23833	2
23835	1
23836	3
23837	2
23838	2
23839	4
23840	1
23841	3
23842	1
23843	2
23844	1
23845	2
23846	3
23847	2
23848	2
23849	2
23850	2
23851	2
23852	1
23853	2
23855	2
23856	2
23857	1
23858	2
23859	4
23860	2
23861	3
23862	3
23863	2
23864	2
23865	1
23866	2
23867	1
23868	1
23869	1
23870	2
23872	2
23873	2
23874	2
23875	6
23876	1
23877	4
23878	2
23879	3
23880	3
23881	1
23883	3
23884	2
23885	2
23886	1
23887	3
23888	4
23889	2
23890	3
23891	1
23892	1
23893	3
23894	4
23896	1
23897	4
23898	1
23900	1
23902	2
23903	4
23905	3
23906	3
23907	3
23908	1
23909	2
23910	2
23911	1
23912	4
23914	2
23915	2
23916	3
23918	1
23919	2
23920	3
23921	2
23922	2
23923	3
23925	3
23926	3
23927	2
23928	1
23929	4
23931	2
23932	1
23933	2
23934	2
23935	2
23936	3
23937	3
23938	3
23939	3
23940	4
23941	3
23943	7
23944	1
23945	2
23947	2
23948	1
23950	2
23951	2
23952	3
23954	1
23956	5
23957	2
23958	2
23959	4
23960	1
23961	5
23962	1
23963	6
23964	2
23965	1
23966	2
23967	1
23968	2
23969	2
23970	5
23971	2
23972	3
23973	1
23974	4
23975	4
23976	2
23977	3
23978	1
23979	2
23980	2
23981	3
23982	1
23983	1
23984	2
23985	5
23986	3
23987	2
23988	4
23989	6
23990	1
23991	4
23992	1
23993	1
23994	2
23996	3
23997	3
23998	1
23999	2
24000	2
24001	4
24002	2
24003	6
24004	2
24006	4
24007	3
24008	3
24009	1
24010	1
24011	3
24012	2
24013	2
24014	2
24015	4
24017	3
24018	3
24019	4
24021	2
24022	1
24024	3
24025	1
24026	3
24027	1
24028	4
24029	2
24031	5
24034	3
24035	2
24036	5
24037	1
24038	2
24039	3
24041	3
24042	3
24043	2
24044	3
24045	1
24047	3
24048	1
24049	1
24050	2
24051	3
24052	3
24053	1
24054	4
24055	3
24056	2
24057	1
24058	3
24059	4
24060	1
24061	3
24063	8
24064	4
24065	3
24066	1
24067	2
24068	2
24069	2
24071	3
24072	7
24073	5
24074	2
24075	1
24076	3
24077	2
24078	1
24079	2
24080	2
24081	3
24083	3
24084	4
24085	1
24086	2
24087	5
24088	2
24089	4
24091	3
24092	3
24093	1
24094	3
24095	6
24096	1
24099	3
24103	1
24104	2
24105	5
24106	2
24109	2
24110	1
24111	3
24112	3
24113	1
24114	3
24115	1
24116	3
24117	4
24118	4
24119	1
24120	3
24121	1
24123	5
24124	1
24125	4
24126	1
24127	1
24128	2
24129	1
24130	5
24131	1
24132	1
24133	4
24134	1
24135	1
24136	2
24138	4
24139	2
24140	3
24141	3
24142	1
24143	2
24145	2
24146	6
24147	2
24148	4
24149	4
24150	3
24151	8
24152	2
24154	1
24155	3
24156	1
24157	4
24158	4
24159	1
24161	4
24162	1
24163	1
24164	2
24165	2
24166	1
24167	2
24168	2
24169	2
24170	3
24171	1
24172	3
24173	2
24174	2
24175	2
24177	2
24178	2
24179	2
24180	6
24181	2
24182	2
24183	1
24184	1
24185	2
24186	1
24187	4
24188	1
24189	1
24190	5
24191	1
24192	3
24193	1
24194	1
24195	2
24196	3
24197	2
24198	1
24199	2
24200	2
24201	5
24202	1
24203	2
24205	3
24206	3
24207	3
24208	3
24209	3
24211	1
24212	2
24213	2
24214	1
24215	4
24217	2
24218	2
24219	2
24220	2
24221	3
24222	1
24223	2
24224	2
24225	2
24226	4
24227	4
24228	1
24232	4
24234	2
24235	1
24236	6
24237	2
24238	1
24240	3
24241	4
24242	3
24243	5
24244	1
24245	2
24246	2
24247	2
24248	1
24249	4
24250	5
24251	6
24252	2
24253	2
24254	1
24255	2
24256	3
24257	3
24258	1
24261	2
24262	3
24263	4
24264	5
24265	4
24266	2
24267	1
24268	4
24269	1
24270	1
24271	4
24272	2
24273	4
24274	1
24275	2
24276	2
24277	2
24278	2
24279	2
24280	3
24281	2
24282	4
24283	4
24284	3
24285	3
24286	3
24288	2
24290	2
24291	2
24293	1
24294	3
24295	1
24296	1
24297	3
24298	4
24299	2
24300	2
24301	7
24302	4
24303	1
24305	3
24307	4
24308	2
24309	3
24310	2
24311	2
24312	4
24313	6
24314	4
24316	3
24317	1
24318	1
24319	1
24320	3
24321	1
24322	2
24323	3
24324	1
24325	2
24326	3
24327	2
24328	2
24329	1
24330	4
24331	1
24332	1
24333	2
24334	3
24335	4
24336	2
24337	1
24338	1
24339	1
24340	1
24341	7
24342	2
24343	1
24344	2
24345	2
24346	1
24347	4
24349	4
24350	2
24351	2
24352	1
24353	3
24354	6
24355	1
24356	2
24357	2
24358	3
24359	2
24360	1
24361	1
24362	3
24363	4
24364	4
24365	2
24366	3
24367	3
24368	1
24369	1
24371	2
24373	2
24374	4
24375	1
24376	2
24377	1
24378	3
24379	2
24380	2
24382	3
24383	3
24384	1
24385	1
24386	3
24387	4
24389	3
24390	3
24391	2
24392	2
24393	1
24396	2
24397	2
24398	3
24399	1
24401	1
24403	2
24404	2
24405	4
24406	2
24407	1
24409	2
24410	2
24411	1
24412	1
24413	3
24415	3
24416	3
24417	1
24418	5
24419	1
24420	1
24421	4
24422	2
24423	3
24424	3
24425	2
24426	5
24428	3
24429	2
24430	2
24431	1
24432	3
24433	1
24434	4
24435	2
24437	4
24438	3
24439	3
24440	1
24441	4
24442	1
24443	2
24444	1
24445	1
24446	6
24447	1
24448	2
24451	3
24452	2
24453	1
24454	4
24455	4
24456	3
24457	2
24458	2
24459	2
24460	5
24461	2
24462	2
24463	3
24464	4
24465	2
24466	2
24468	2
24469	2
24470	7
24471	2
24472	2
24473	2
24474	3
24475	1
24476	2
24477	3
24480	4
24481	6
24482	2
24483	4
24484	2
24485	3
24486	2
24487	2
24489	2
24490	1
24491	2
24493	5
24494	1
24495	1
24496	1
24497	1
24498	1
24499	2
24500	3
24501	3
24502	3
24503	1
24504	1
24505	1
24506	3
24507	2
24508	1
24510	3
24512	2
24513	1
24514	2
24515	4
24516	5
24517	3
24518	3
24519	2
24520	3
24522	3
24523	5
24524	3
24525	2
24526	2
24527	1
24528	2
24529	1
24530	1
24532	1
24533	4
24534	1
24535	4
24536	2
24537	2
24538	2
24539	2
24540	2
24541	4
24542	1
24543	3
24544	3
24545	3
24546	4
24547	1
24548	4
24549	1
24550	2
24551	4
24552	4
24553	3
24555	2
24556	4
24557	3
24558	2
24559	1
24560	3
24561	1
24562	4
24563	2
24564	1
24565	2
24566	1
24567	3
24569	4
24570	2
24571	2
24572	3
24573	1
24574	2
24575	3
24576	2
24577	2
24578	2
24579	2
24581	2
24582	3
24583	2
24584	5
24585	4
24586	2
24587	3
24589	1
24590	2
24591	6
24592	3
24594	4
24595	2
24596	1
24597	1
24598	1
24599	6
24600	2
24601	1
24602	2
24603	2
24604	1
24605	1
24606	4
24607	2
24608	5
24609	1
24611	5
24612	3
24613	6
24614	1
24615	1
24616	3
24617	5
24618	1
24619	1
24620	3
24621	1
24622	2
24623	2
24624	1
24625	1
24626	4
24627	1
24628	4
24629	1
24630	2
24631	2
24632	2
24633	2
24635	2
24636	2
24637	1
24638	2
24639	2
24640	2
24641	2
24642	1
24643	3
24644	2
24645	3
24646	3
24647	1
24648	2
24649	2
24650	2
24652	2
24653	2
24654	3
24655	1
24656	4
24657	1
24658	1
24659	1
24660	3
24662	3
24663	2
24664	4
24665	3
24666	2
24667	1
24668	3
24669	1
24670	3
24671	2
24672	3
24674	2
24675	2
24677	2
24678	1
24679	3
24680	3
24682	6
24684	3
24685	2
24686	2
24687	3
24688	1
24690	2
24691	1
24692	1
24693	1
24696	3
24697	3
24698	2
24699	5
24700	2
24701	1
24702	4
24703	2
24704	1
24706	5
24707	5
24708	3
24709	5
24710	2
24711	2
24712	3
24713	2
24714	1
24715	2
24717	1
24718	2
24719	2
24722	3
24723	1
24724	1
24725	1
24726	2
24728	2
24729	4
24730	2
24732	2
24734	2
24735	7
24736	4
24737	1
24738	5
24739	2
24740	2
24741	2
24742	4
24743	2
24744	4
24745	4
24746	1
24748	3
24749	4
24751	3
24752	3
24753	1
24755	2
24756	5
24757	3
24758	2
24760	1
24761	3
24763	4
24764	2
24765	3
24766	1
24769	7
24771	1
24772	2
24773	1
24774	2
24775	3
24776	1
24777	1
24778	2
24779	3
24780	2
24781	3
24782	1
24783	1
24784	2
24785	2
24786	1
24787	7
24788	2
24789	1
24790	2
24791	2
24792	2
24794	1
24795	1
24796	4
24797	4
24800	1
24801	1
24802	4
24803	2
24804	1
24805	2
24806	5
24808	2
24809	1
24811	1
24812	1
24813	1
24814	1
24815	2
24816	4
24817	2
24818	8
24819	4
24820	1
24822	1
24823	1
24824	1
24825	2
24826	5
24827	2
24828	1
24829	1
24830	4
24831	1
24832	1
24833	1
24835	3
24836	1
24837	6
24838	1
24840	2
24842	2
24843	3
24844	1
24845	4
24846	6
24847	1
24848	2
24849	1
24850	5
24851	3
24852	4
24853	3
24854	9
24855	5
24856	4
24857	2
24858	4
24859	1
24860	3
24861	3
24862	5
24863	1
24864	2
24867	6
24868	2
24869	1
24870	2
24871	3
24872	3
24873	1
24874	1
24875	4
24876	2
24877	2
24878	1
24879	1
24880	1
24881	1
24882	1
24883	1
24884	6
24885	3
24886	1
24887	1
24888	1
24889	1
24890	3
24891	1
24892	4
24893	1
24894	3
24895	1
24896	3
24897	1
24898	5
24899	2
24900	3
24901	6
24902	3
24903	3
24904	2
24905	1
24906	2
24907	3
24908	2
24909	2
24910	4
24911	3
24912	3
24913	4
24914	4
24915	5
24916	4
24918	3
24920	1
24921	2
24923	1
24924	1
24925	2
24926	5
24928	1
24929	1
24930	2
24931	4
24932	3
24933	1
24934	3
24936	2
24937	5
24939	1
24940	2
24941	1
24942	1
24943	5
24944	1
24945	2
24946	2
24947	2
24948	1
24949	3
24950	1
24951	2
24952	3
24953	2
24954	4
24955	3
24957	4
24958	2
24959	3
24960	3
24962	2
24963	2
24964	2
24965	2
24966	1
24968	3
24969	1
24970	2
24971	3
24972	2
24974	2
24976	2
24977	1
24978	4
24979	6
24980	2
24982	3
24984	1
24985	2
24986	1
24987	1
24988	1
24989	1
24990	3
24991	4
24992	2
24993	2
24994	1
24997	1
24999	4
25000	2
25001	2
25002	2
25003	2
25004	1
25005	1
25006	1
25008	2
25009	5
25010	3
25012	4
25014	1
25016	6
25017	1
25018	1
25019	1
25020	3
25021	1
25022	1
25023	2
25024	2
25025	1
25026	3
25027	5
25028	1
25029	2
25030	1
25031	4
25032	4
25034	6
25036	1
25038	2
25039	2
25040	1
25041	2
25042	7
25043	2
25044	3
25045	3
25046	3
25047	1
25048	1
25049	5
25050	2
25051	3
25052	4
25053	1
25054	2
25055	2
25056	1
25057	2
25058	3
25059	1
25062	3
25063	2
25064	5
25065	4
25066	4
25067	4
25068	3
25069	5
25070	6
25071	2
25072	1
25073	2
25074	1
25075	3
25076	4
25077	2
25078	1
25079	1
25080	1
25081	1
25082	1
25083	2
25084	3
25085	3
25086	1
25087	6
25088	1
25089	3
25090	3
25092	4
25094	3
25095	2
25096	2
25097	2
25098	2
25099	2
25100	3
25101	3
25102	2
25103	4
25104	2
25105	4
25106	7
25107	2
25108	2
25110	2
25111	3
25112	1
25114	2
25115	1
25116	3
25117	1
25119	2
25120	3
25122	4
25124	3
25125	1
25126	1
25127	4
25128	1
25129	4
25130	6
25131	3
25132	2
25133	4
25134	1
25135	2
25136	2
25137	1
25138	5
25139	2
25140	4
25141	3
25142	4
25143	1
25144	2
25145	3
25146	2
25147	2
25148	5
25149	2
25151	1
25152	2
25153	5
25154	4
25155	4
25156	1
25157	1
25158	1
25160	2
25161	5
25162	4
25163	3
25164	1
25166	3
25167	5
25169	2
25170	2
25171	1
25172	4
25173	4
25175	2
25176	2
25177	1
25178	3
25179	2
25180	1
25181	1
25182	2
25183	1
25184	3
25188	5
25189	3
25190	4
25191	1
25192	1
25193	4
25194	2
25195	1
25196	4
25197	2
25198	4
25199	2
25200	2
25201	3
25203	2
25204	3
25205	1
25206	2
25207	1
25208	3
25209	3
25210	3
25211	2
25212	1
25213	1
25214	5
25215	2
25217	3
25218	1
25219	3
25220	3
25221	4
25222	2
25223	3
25224	2
25225	6
25227	5
25228	3
25229	1
25230	1
25231	2
25232	4
25233	2
25234	1
25235	3
25237	1
25238	2
25239	4
25240	2
25242	4
25243	2
25244	1
25245	3
25246	3
25247	2
25248	2
25249	2
25250	5
25251	2
25252	1
25253	1
25254	4
25255	2
25256	3
25257	3
25258	3
25259	1
25260	1
25261	4
25262	1
25263	5
25264	3
25265	6
25266	2
25267	1
25268	2
25269	2
25270	2
25271	1
25272	3
25273	1
25274	1
25275	1
25276	2
25277	2
25278	2
25279	1
25280	4
25281	1
25282	2
25283	3
25284	2
25285	5
25286	2
25287	2
25288	3
25289	1
25290	3
25291	5
25292	4
25293	3
25294	4
25295	6
25296	4
25297	1
25298	2
25300	1
25301	3
25302	3
25303	2
25304	1
25305	1
25306	4
25307	5
25308	1
25309	1
25310	1
25311	4
25313	2
25314	3
25315	3
25317	2
25318	1
25319	3
25321	2
25322	1
25323	1
25324	3
25325	3
25326	5
25327	6
25328	4
25329	5
25330	2
25332	4
25333	4
25334	1
25335	4
25336	2
25337	2
25338	3
25339	3
25340	1
25341	3
25342	1
25343	6
25344	1
25345	3
25346	4
25348	3
25349	1
25350	6
25351	5
25354	1
25355	4
25356	3
25357	4
25359	3
25360	1
25361	1
25362	3
25364	5
25366	1
25367	1
25368	1
25369	1
25370	1
25371	1
25372	5
25373	3
25374	1
25375	2
25376	5
25377	2
25378	2
25379	3
25380	6
25381	5
25382	3
25383	3
25384	1
25385	3
25386	3
25387	3
25388	2
25389	3
25390	3
25392	4
25394	1
25395	2
25396	1
25397	2
25398	2
25399	2
25400	1
25401	2
25402	2
25404	2
25405	2
25406	3
25407	2
25408	2
25409	2
25410	3
25411	2
25412	5
25413	1
25414	3
25415	3
25416	2
25417	1
25418	1
25419	2
25420	1
25421	1
25422	3
25423	1
25424	2
25425	2
25426	1
25427	1
25428	3
25429	2
25430	3
25431	3
25434	5
25436	2
25437	3
25438	1
25439	1
25440	2
25441	2
25442	2
25443	2
25444	4
25445	3
25446	3
25447	3
25448	4
25449	3
25450	4
25451	4
25452	2
25453	2
25455	4
25456	2
25457	3
25458	1
25459	2
25460	2
25461	2
25462	1
25463	4
25464	1
25465	3
25466	2
25467	4
25469	2
25470	1
25471	3
25472	1
25473	2
25474	4
25476	6
25477	3
25478	3
25479	5
25480	1
25481	4
25482	3
25483	2
25484	6
25486	4
25487	2
25488	3
25489	3
25490	2
25491	2
25492	2
25493	3
25494	3
25495	4
25496	5
25497	1
25498	2
25499	2
25500	3
25501	1
25502	2
25503	3
25505	3
25506	4
25507	6
25508	2
25509	1
25510	3
25511	1
25512	1
25513	3
25514	4
25516	4
25517	3
25518	2
25519	2
25520	2
25521	1
25522	4
25523	2
25524	5
25525	4
25526	1
25527	1
25528	2
25529	1
25530	2
25531	5
25532	2
25533	1
25534	1
25535	1
25536	1
25537	4
25538	2
25539	3
25541	4
25542	5
25543	2
25544	2
25545	1
25546	2
25547	4
25548	2
25549	1
25550	2
25551	4
25552	2
25553	1
25554	4
25555	3
25557	2
25558	1
25559	2
25561	4
25562	1
25563	3
25565	4
25566	4
25567	2
25568	6
25569	3
25570	3
25571	3
25572	2
25573	3
25574	2
25576	2
25577	5
25579	1
25580	2
25581	1
25582	1
25583	2
25584	1
25585	1
25586	3
25587	2
25589	1
25590	1
25591	1
25592	5
25593	1
25594	3
25595	4
25596	2
25597	1
25598	2
25599	2
25600	2
25602	5
25603	3
25604	1
25605	2
25606	2
25607	2
25608	1
25609	2
25610	2
25611	2
25612	3
25613	2
25614	1
25616	4
25619	2
25620	2
25621	2
25622	2
25623	4
25624	2
25625	1
25626	3
25627	1
25628	2
25630	4
25631	4
25632	6
25633	1
25634	2
25635	1
25636	1
25637	1
25638	6
25639	2
25640	2
25641	5
25642	3
25643	3
25644	1
25645	1
25646	1
25647	3
25648	1
25649	2
25650	2
25651	4
25652	1
25655	5
25656	1
25657	2
25658	4
25659	3
25662	1
25663	1
25665	2
25666	3
25668	1
25669	5
25671	2
25672	4
25673	1
25674	1
25675	2
25676	2
25677	2
25678	5
25679	2
25680	2
25681	1
25682	3
25683	1
25685	5
25687	3
25688	3
25689	2
25690	1
25691	3
25692	1
25694	1
25695	1
25696	3
25697	2
25698	2
25699	2
25700	4
25701	2
25702	1
25704	1
25705	3
25706	1
25707	1
25708	3
25709	2
25710	4
25711	6
25713	5
25714	2
25715	1
25716	1
25717	4
25718	3
25719	2
25721	4
25722	1
25723	2
25724	4
25725	1
25726	2
25727	1
25728	3
25729	1
25730	1
25731	1
25732	2
25733	1
25734	3
25735	1
25736	3
25737	3
25739	2
25740	3
25741	2
25742	3
25743	4
25744	2
25745	3
25746	4
25747	3
25748	2
25749	2
25750	3
25751	3
25752	1
25753	1
25754	4
25755	1
25756	1
25757	2
25758	2
25759	2
25760	3
25761	2
25763	1
25764	1
25766	4
25767	2
25768	2
25769	3
25770	2
25771	1
25772	2
25773	4
25774	1
25775	1
25776	1
25777	1
25778	3
25779	6
25780	2
25781	4
25782	2
25783	3
25784	3
25785	4
25786	4
25787	3
25788	3
25789	2
25790	3
25791	3
25792	2
25793	5
25794	4
25795	3
25796	5
25797	4
25798	2
25799	1
25800	2
25801	1
25802	1
25803	3
25804	2
25805	4
25806	5
25808	1
25809	1
25810	2
25811	1
25812	1
25813	3
25814	1
25815	3
25816	4
25817	2
25819	2
25820	2
25821	3
25822	2
25823	2
25824	2
25825	2
25826	2
25828	1
25829	1
25830	3
25831	4
25832	4
25833	2
25834	3
25836	5
25837	2
25838	4
25839	1
25840	3
25842	2
25843	6
25844	3
25845	1
25846	1
25847	1
25848	2
25849	5
25850	1
25851	1
25852	1
25853	2
25855	2
25856	1
25857	6
25858	1
25859	3
25860	3
25861	1
25862	2
25863	2
25864	1
25865	2
25866	1
25867	1
25868	4
25869	1
25870	2
25871	1
25872	1
25873	1
25874	1
25875	2
25876	1
25877	2
25878	3
25879	1
25880	1
25881	2
25882	2
25883	2
25884	3
25885	5
25886	2
25888	2
25889	2
25890	1
25891	1
25892	4
25893	1
25894	2
25895	2
25896	4
25897	2
25898	1
25899	1
25900	2
25902	1
25903	4
25905	1
25906	1
25908	1
25909	3
25910	2
25911	1
25912	2
25913	2
25914	3
25915	1
25916	2
25918	5
25919	5
25920	2
25921	4
25922	2
25923	1
25924	1
25925	2
25926	3
25927	2
25928	1
25929	3
25930	1
25931	1
25932	1
25933	2
25934	1
25935	2
25936	4
25937	1
25938	2
25939	2
25940	1
25941	3
25942	4
25943	1
25944	6
25945	3
25946	1
25948	1
25949	3
25951	1
25952	3
25954	1
25955	4
25957	2
25958	3
25959	2
25960	2
25961	3
25962	1
25963	4
25964	3
25965	3
25966	1
25967	4
25968	6
25969	4
25970	3
25971	5
25972	1
25973	2
25974	1
25975	5
25976	1
25977	1
25978	3
25979	3
25980	5
25981	3
25982	4
25983	3
25984	2
25986	2
25987	2
25988	2
25990	2
25991	3
25993	1
25994	1
25995	2
25997	4
25998	3
25999	1
26000	1
26001	1
26002	1
26003	1
26004	3
26005	3
26006	3
26007	2
26008	3
26009	4
26010	2
26011	6
26012	1
26013	3
26014	3
26015	2
26016	4
26017	4
26018	2
26019	1
26020	1
26021	3
26023	1
26024	1
26025	3
26026	2
26027	2
26028	5
26029	2
26030	3
26031	1
26032	3
26033	3
26034	3
26035	3
26036	1
26037	2
26038	4
26039	2
26040	3
26041	4
26042	1
26043	3
26044	2
26045	2
26047	1
26048	2
26049	2
26050	1
26053	2
26054	1
26055	3
26056	4
26057	2
26058	3
26059	4
26060	1
26061	1
26062	3
26063	2
26064	2
26066	5
26067	2
26068	3
26069	1
26070	4
26072	2
26073	4
26074	4
26075	2
26076	4
26077	2
26078	3
26079	4
26080	3
26081	3
26082	1
26083	3
26084	1
26085	2
26086	1
26087	2
26088	3
26089	1
26090	2
26091	1
26092	6
26093	4
26094	2
26096	1
26097	2
26098	1
26100	2
26101	1
26102	2
26103	2
26104	4
26105	2
26106	3
26107	1
26108	4
26109	2
26110	3
26113	2
26114	4
26115	1
26116	1
26117	1
26118	2
26119	4
26120	1
26121	3
26122	2
26123	1
26124	4
26125	1
26127	6
26128	3
26129	4
26130	4
26132	4
26133	3
26134	2
26135	1
26136	4
26137	6
26138	1
26139	3
26140	2
26141	3
26142	1
26143	3
26144	3
26145	2
26146	3
26147	3
26149	2
26150	3
26151	2
26153	4
26154	2
26155	1
26156	4
26158	2
26159	3
26160	1
26161	1
26162	1
26163	4
26164	5
26167	3
26168	3
26169	1
26170	4
26171	1
26172	3
26174	2
26175	3
26177	2
26178	4
26179	3
26180	3
26181	2
26182	3
26183	2
26184	1
26185	2
26186	1
26187	2
26188	4
26189	2
26190	2
26191	1
26192	2
26193	2
26194	5
26196	2
26197	1
26198	2
26199	4
26200	2
26201	3
26202	1
26203	3
26204	2
26205	7
26206	1
26207	2
26208	1
26209	5
26210	2
26211	2
26212	5
26213	3
26214	4
26215	5
26216	2
26219	2
26220	3
26221	1
26222	4
26223	3
26224	1
26225	3
26226	2
26227	5
26228	1
26229	3
26231	5
26232	3
26233	2
26235	2
26236	3
26237	4
26238	2
26239	4
26240	2
26242	1
26243	2
26244	5
26245	3
26246	2
26247	4
26248	3
26249	2
26250	4
26252	2
26253	3
26254	1
26255	3
26256	2
26257	2
26259	1
26261	1
26262	1
26263	1
26264	1
26265	8
26267	3
26268	1
26269	1
26271	3
26273	2
26274	2
26276	3
26278	1
26279	5
26280	3
26281	1
26283	3
26285	2
26287	1
26288	4
26289	5
26290	3
26291	1
26292	3
26293	2
26294	5
26296	2
26297	3
26298	1
26299	1
26300	2
26301	1
26302	1
26303	1
26304	1
26305	1
26306	1
26307	4
26308	2
26309	3
26310	2
26312	1
26313	3
26314	2
26315	3
26316	3
26317	4
26319	4
26320	2
26321	3
26322	4
26323	4
26324	3
26325	3
26326	3
26327	2
26328	1
26329	1
26330	2
26331	1
26332	2
26333	2
26334	5
26335	6
26336	2
26337	1
26338	2
26339	3
26342	1
26343	3
26344	4
26345	2
26346	1
26348	4
26349	5
26350	1
26351	3
26352	4
26353	6
26354	3
26355	2
26356	2
26357	2
26358	3
26360	1
26361	4
26363	3
26365	2
26366	3
26367	2
26368	2
26369	3
26370	5
26371	1
26372	3
26373	1
26374	4
26376	4
26377	3
26378	2
26379	2
26381	4
26382	4
26383	2
26384	2
26385	1
26386	1
26387	1
26388	3
26389	2
26390	1
26391	1
26392	2
26395	2
26396	1
26397	3
26398	2
26399	1
26400	4
26401	1
26402	1
26403	1
26405	3
26406	3
26407	1
26408	2
26409	2
26410	1
26411	3
26412	1
26413	2
26414	3
26415	4
26416	8
26417	2
26418	2
26419	3
26420	5
26421	1
26422	1
26423	3
26425	3
26427	1
26428	2
26429	4
26430	1
26431	4
26432	4
26433	2
26434	1
26435	4
26436	2
26437	1
26438	2
26439	1
26440	1
26441	7
26442	6
26443	2
26445	2
26446	2
26447	5
26450	4
26451	2
26453	1
26454	4
26455	3
26456	3
26459	1
26460	2
26461	3
26462	3
26463	1
26465	2
26466	2
26467	3
26468	1
26469	4
26470	5
26471	3
26472	1
26473	2
26474	3
26475	1
26476	3
26477	2
26478	4
26479	2
26480	5
26481	1
26482	4
26483	1
26484	3
26485	2
26486	3
26487	5
26488	5
26489	4
26490	2
26492	2
26493	2
26494	1
26497	6
26498	3
26499	4
26500	1
26501	3
26502	3
26504	1
26505	4
26506	1
26507	6
26508	2
26509	3
26510	3
26511	3
26512	2
26513	3
26514	2
26515	4
26517	2
26518	1
26519	4
26520	1
26521	1
26522	2
26523	3
26524	3
26525	4
26527	5
26529	5
26530	1
26531	2
26532	1
26533	2
26534	5
26535	4
26537	4
26538	3
26539	3
26540	1
26541	1
26543	3
26544	2
26545	6
26546	2
26547	4
26548	4
26549	3
26550	3
26551	1
26553	1
26554	1
26556	1
26557	1
26558	3
26559	6
26561	4
26562	3
26563	1
26564	2
26566	3
26567	4
26569	1
26570	2
26571	4
26572	1
26573	3
26574	2
26575	1
26576	3
26578	3
26579	3
26580	8
26581	2
26582	3
26583	3
26584	3
26585	1
26586	2
26587	3
26588	3
26589	2
26590	2
26591	2
26592	2
26593	2
26594	2
26595	4
26597	5
26598	5
26599	3
26600	1
26601	1
26602	1
26603	6
26604	3
26605	3
26606	2
26607	2
26608	1
26609	5
26610	2
26612	2
26613	4
26614	5
26615	2
26616	2
26617	2
26618	3
26619	4
26620	3
26621	5
26622	4
26623	2
26624	3
26625	2
26626	2
26627	2
26628	2
26629	1
26630	4
26632	5
26633	2
26634	2
26635	3
26636	3
26637	1
26638	2
26639	3
26640	2
26641	5
26642	2
26643	3
26644	4
26645	2
26646	5
26647	1
26648	3
26649	1
26650	4
26651	2
26652	5
26653	4
26654	3
26655	3
26657	3
26658	1
26659	2
26660	2
26661	3
26662	1
26663	1
26664	3
26665	3
26666	2
26667	2
26668	1
26669	2
26670	4
26671	1
26672	3
26673	4
26674	1
26675	2
26676	4
26677	1
26678	2
26679	3
26681	5
26682	2
26683	1
26684	1
26685	2
26686	3
26687	4
26689	3
26690	3
26691	4
26692	2
26693	5
26694	1
26695	2
26696	2
26697	2
26698	2
26699	1
26700	1
26701	3
26702	3
26703	3
26704	3
26706	2
26707	1
26708	4
26709	3
26710	3
26711	3
26712	2
26713	1
26714	2
26715	1
26716	3
26717	4
26718	1
26720	2
26721	2
26722	4
26723	1
26724	2
26725	2
26726	2
26727	1
26728	3
26729	4
26731	5
26732	4
26733	2
26734	4
26735	2
26736	1
26737	2
26739	4
26740	7
26741	1
26742	5
26743	3
26744	3
26745	2
26746	3
26747	1
26748	4
26749	3
26750	4
26751	2
26753	3
26754	2
26756	3
26757	4
26758	4
26759	2
26760	2
26762	4
26763	1
26764	2
26765	4
26766	1
26767	1
26768	5
26769	4
26770	2
26771	5
26772	2
26773	3
26774	2
26775	1
26776	1
26777	1
26778	2
26779	2
26780	4
26782	5
26783	3
26784	3
26785	1
26786	6
26787	4
26789	1
26790	1
26791	1
26792	3
26793	2
26794	2
26795	2
26796	2
26797	1
26798	2
26799	2
26800	2
26801	4
26802	4
26804	1
26805	2
26806	1
26807	1
26808	8
26809	3
26810	1
26811	4
26812	3
26813	1
26814	2
26815	1
26817	4
26819	3
26820	4
26823	5
26824	3
26825	2
26826	1
26827	3
26828	1
26830	1
26831	1
26832	2
26833	3
26834	4
26835	3
26836	1
26837	3
26838	1
26840	2
26843	1
26844	3
26845	2
26846	5
26847	5
26848	4
26849	3
26850	4
26851	1
26852	3
26853	1
26855	2
26857	1
26858	1
26859	2
26860	3
26861	4
26862	3
26863	1
26864	4
26865	2
26866	4
26867	2
26868	2
26869	3
26870	2
26871	1
26872	1
26873	1
26874	4
26875	3
26876	3
26877	2
26878	2
26880	1
26881	3
26882	2
26883	4
26884	2
26885	2
26886	1
26888	2
26890	1
26892	2
26893	3
26894	3
26895	4
26896	3
26897	1
26898	1
26900	5
26901	2
26902	2
26903	1
26904	8
26905	3
26906	1
26907	2
26908	3
26909	2
26910	1
26911	2
26912	3
26913	1
26914	3
26915	2
26916	1
26917	1
26918	4
26919	1
26920	3
26921	1
26922	1
26923	4
26924	1
26925	2
26926	5
26927	2
26928	2
26930	1
26932	1
26933	3
26934	3
26936	2
26937	1
26938	2
26939	1
26940	1
26941	1
26942	3
26943	3
26945	1
26946	4
26947	1
26948	2
26949	1
26950	1
26951	2
26952	3
26953	1
26954	4
26956	2
26957	2
26959	1
26960	3
26961	4
26963	2
26964	3
26965	3
26966	1
26969	1
26970	4
26971	1
26973	2
26975	4
26976	2
26977	1
26978	2
26979	2
26980	4
26981	6
26983	3
26984	2
26985	2
26986	2
26987	2
26988	1
26989	1
26990	2
26991	3
26992	1
26993	3
26994	3
26996	2
26997	5
26998	5
27000	4
27001	1
27002	1
27003	6
27004	3
27005	3
27006	4
27007	3
27008	1
27009	5
27010	4
27011	1
27012	1
27013	2
27014	1
27015	3
27016	3
27017	2
27018	4
27019	2
27020	1
27021	4
27022	4
27023	1
27024	4
27026	3
27027	4
27028	3
27029	3
27030	2
27031	2
27032	5
27033	4
27034	1
27035	2
27036	1
27037	1
27038	1
27039	2
27040	2
27041	2
27042	2
27043	3
27044	1
27045	2
27046	3
27047	1
27048	2
27049	3
27050	1
27051	1
27052	1
27053	3
27054	2
27055	2
27056	5
27057	3
27058	1
27060	1
27061	1
27062	4
27063	5
27064	1
27065	2
27066	1
27067	3
27068	3
27069	2
27070	3
27071	1
27072	1
27073	1
27075	1
27076	1
27077	2
27078	2
27079	1
27080	2
27081	1
27082	1
27083	2
27084	3
27085	1
27086	1
27087	3
27088	1
27089	2
27090	2
27092	5
27093	3
27094	3
27095	2
27096	1
27097	4
27098	2
27099	4
27100	1
27103	2
27106	2
27108	2
27109	3
27110	4
27111	3
27113	6
27114	3
27115	2
27118	1
27119	2
27120	2
27121	3
27122	2
27123	3
27124	3
27125	2
27126	1
27127	4
27128	2
27129	2
27130	2
27131	1
27132	2
27133	5
27134	4
27135	1
27136	1
27137	1
27138	4
27139	1
27140	4
27141	4
27142	2
27143	1
27144	1
27145	1
27146	2
27149	1
27150	3
27152	1
27153	3
27154	2
27155	3
27156	1
27157	1
27158	3
27159	4
27160	1
27161	4
27162	1
27163	1
27164	2
27165	1
27166	1
27167	2
27168	4
27169	2
27170	2
27171	1
27172	4
27173	3
27174	1
27175	2
27176	1
27177	2
27178	3
27179	2
27180	4
27181	3
27182	2
27183	2
27184	3
27185	2
27187	4
27188	4
27189	3
27190	1
27191	2
27192	2
27193	1
27194	2
27195	3
27196	1
27197	5
27198	1
27199	4
27200	3
27201	3
27202	2
27203	2
27204	5
27205	8
27206	1
27207	3
27209	2
27211	4
27212	4
27214	1
27215	5
27216	3
27217	1
27218	5
27220	1
27221	1
27222	2
27223	2
27224	1
27225	2
27226	1
27227	1
27229	1
27230	1
27231	2
27232	2
27233	3
27235	2
27236	5
27237	2
27238	2
27239	1
27240	1
27241	1
27242	2
27243	3
27244	1
27245	1
27246	1
27247	1
27248	4
27249	4
27250	1
27251	1
27252	3
27253	2
27255	3
27256	3
27257	5
27258	1
27259	1
27260	3
27261	2
27262	3
27263	3
27264	1
27265	2
27266	4
27267	4
27268	1
27269	7
27270	1
27271	2
27272	2
27273	1
27274	4
27275	2
27276	4
27277	1
27278	1
27279	2
27280	3
27281	1
27282	4
27283	3
27284	4
27285	4
27286	4
27287	5
27288	1
27289	3
27290	3
27291	3
27292	3
27293	1
27296	2
27297	1
27298	2
27299	2
27300	3
27301	1
27302	3
27303	1
27304	5
27305	4
27306	1
27307	1
27308	1
27309	6
27310	1
27311	2
27312	5
27313	3
27314	2
27315	2
27316	1
27317	2
27318	2
27319	3
27321	2
27322	2
27324	1
27325	1
27326	6
27327	3
27328	4
27329	1
27330	2
27331	1
27332	6
27333	4
27334	2
27335	5
27337	3
27338	2
27339	2
27341	3
27342	2
27343	3
27344	1
27346	2
27347	1
27349	4
27351	1
27352	1
27353	2
27354	1
27355	4
27357	2
27358	3
27359	1
27360	2
27361	1
27362	2
27363	3
27364	2
27366	2
27368	2
27369	1
27370	2
27371	2
27372	3
27373	1
27374	3
27375	2
27376	4
27377	6
27378	4
27379	2
27381	4
27382	2
27383	2
27384	1
27386	2
27387	6
27388	1
27389	2
27390	1
27391	5
27392	1
27393	2
27394	3
27395	4
27396	5
27397	2
27398	3
27400	1
27401	1
27402	2
27403	1
27405	2
27407	4
27408	4
27409	2
27410	3
27412	1
27413	3
27414	1
27415	2
27416	1
27417	3
27419	2
27420	1
27422	3
27423	3
27424	3
27425	2
27426	3
27427	1
27428	2
27429	7
27430	4
27431	1
27432	1
27433	2
27434	3
27435	2
27436	1
27437	3
27438	2
27439	3
27440	2
27441	2
27442	4
27443	3
27444	3
27445	5
27446	3
27447	3
27448	2
27449	2
27450	1
27452	1
27454	1
27455	2
27456	4
27457	2
27458	4
27459	3
27460	1
27461	3
27462	3
27463	5
27464	2
27466	4
27468	1
27469	4
27470	1
27471	4
27472	5
27473	1
27474	4
27475	3
27476	2
27477	5
27478	1
27479	1
27480	2
27481	1
27482	3
27483	3
27484	1
27485	3
27486	2
27487	2
27489	6
27490	1
27491	3
27492	2
27493	1
27494	3
27495	5
27496	4
27497	5
27498	2
27499	5
27500	3
27501	2
27502	2
27503	2
27504	2
27505	1
27506	1
27507	1
27508	2
27509	1
27510	4
27511	2
27512	1
27514	3
27515	4
27516	1
27517	1
27518	2
27519	3
27520	3
27521	2
27522	3
27523	3
27524	1
27525	1
27527	3
27528	2
27529	3
27530	3
27531	1
27532	1
27533	4
27534	2
27536	5
27538	4
27539	2
27540	3
27541	4
27542	1
27543	2
27545	3
27546	1
27547	2
27548	2
27549	2
27550	3
27552	1
27553	2
27554	2
27555	1
27556	2
27557	2
27558	2
27559	3
27560	1
27561	2
27562	2
27564	1
27565	1
27566	1
27567	3
27568	7
27569	2
27570	2
27571	1
27572	2
27573	2
27574	1
27576	3
27577	1
27578	2
27579	3
27580	2
27581	2
27582	2
27583	2
27584	4
27585	4
27586	3
27587	1
27588	1
27589	1
27590	5
27591	3
27592	2
27593	1
27594	2
27595	2
27596	1
27597	3
27598	1
27600	4
27601	2
27603	1
27604	1
27605	1
27608	3
27609	1
27610	4
27611	3
27612	1
27613	2
27617	2
27618	3
27619	2
27620	3
27621	1
27623	3
27624	1
27626	4
27628	2
27631	3
27632	1
27633	2
27634	3
27635	4
27636	3
27637	3
27638	1
27639	4
27640	2
27641	1
27642	3
27643	1
27644	1
27645	2
27646	4
27647	4
27648	7
27649	2
27650	9
27651	2
27652	2
27653	1
27654	1
27655	1
27656	3
27657	2
27658	5
27659	3
27660	2
27661	1
27662	3
27664	2
27666	6
27667	5
27668	4
27669	3
27670	4
27671	1
27673	1
27674	2
27675	2
27677	4
27678	2
27679	1
27680	2
27682	4
27683	1
27684	3
27685	1
27686	1
27687	4
27688	1
27689	3
27690	2
27691	1
27692	1
27693	2
27694	1
27695	3
27696	2
27697	3
27698	2
27699	3
27700	3
27701	2
27703	2
27704	1
27705	8
27706	5
27707	1
27708	1
27709	1
27710	2
27711	3
27712	3
27713	2
27714	1
27715	1
27716	1
27717	1
27719	3
27720	1
27721	6
27722	2
27723	2
27724	3
27726	3
27727	1
27728	6
27729	2
27730	2
27731	3
27732	2
27733	1
27734	2
27735	5
27736	5
27737	2
27738	1
27739	2
27740	1
27741	2
27742	1
27743	3
27744	2
27745	2
27746	1
27747	3
27748	3
27749	4
27750	4
27751	5
27752	2
27753	4
27754	1
27755	1
27756	5
27757	2
27758	3
27759	3
27760	2
27761	2
27762	3
27763	4
27764	3
27765	4
27766	4
27767	2
27768	2
27769	3
27770	2
27771	3
27775	1
27776	2
27777	2
27778	4
27779	3
27780	3
27781	3
27782	3
27783	4
27784	2
27788	4
27789	4
27790	1
27791	1
27792	3
27793	2
27794	1
27795	4
27796	3
27797	4
27798	3
27799	5
27800	2
27801	2
27802	3
27803	5
27804	2
27805	4
27806	3
27808	2
27809	3
27810	3
27811	3
27812	3
27813	2
27814	4
27815	1
27816	1
27817	2
27818	2
27819	1
27820	1
27821	3
27822	1
27823	1
27824	1
27825	3
27826	1
27827	3
27828	3
27829	1
27830	2
27832	1
27833	5
27834	1
27835	1
27836	3
27839	4
27840	1
27841	2
27842	1
27843	6
27844	5
27845	2
27847	4
27848	1
27849	4
27850	2
27851	2
27853	1
27857	1
27858	2
27859	2
27860	2
27861	2
27862	4
27863	1
27864	5
27865	2
27866	3
27867	1
27868	2
27870	5
27871	2
27872	2
27873	1
27874	1
27875	2
27877	3
27878	6
27879	3
27880	3
27881	1
27882	3
27884	1
27885	2
27886	3
27887	2
27888	1
27889	2
27890	1
27891	4
27892	2
27893	1
27894	1
27895	2
27896	6
27897	5
27898	2
27899	1
27900	5
27901	1
27902	2
27903	1
27904	4
27905	2
27906	4
27907	4
27908	4
27909	3
27910	1
27911	4
27912	1
27913	2
27914	4
27915	5
27916	4
27917	4
27918	3
27919	1
27920	3
27921	1
27922	1
27923	4
27924	4
27927	2
27929	3
27930	2
27931	4
27932	3
27933	1
27934	3
27935	2
27936	4
27937	5
27938	2
27940	2
27941	1
27942	5
27944	4
27946	4
27947	1
27948	1
27949	3
27950	2
27951	2
27952	3
27953	4
27954	2
27955	1
27956	1
27957	2
27958	4
27959	2
27960	4
27961	2
27962	1
27963	3
27964	1
27965	3
27966	2
27967	1
27968	2
27969	5
27970	3
27971	1
27972	2
27973	2
27974	1
27975	2
27976	2
27977	2
27978	2
27979	1
27980	2
27981	1
27982	2
27983	2
27985	4
27986	4
27987	5
27989	4
27990	1
27991	1
27992	3
27994	2
27995	2
27996	3
27997	5
27999	1
28000	3
28001	2
28002	3
28004	2
28005	3
28006	4
28007	1
28008	2
28009	3
28010	3
28011	3
28012	1
28013	1
28014	2
28016	2
28017	5
28019	1
28020	1
28021	2
28022	1
28023	3
28025	5
28026	3
28027	4
28028	2
28030	3
28031	4
28032	3
28033	3
28034	4
28035	1
28036	4
28037	1
28038	1
28039	1
28040	3
28041	3
28042	4
28043	1
28044	2
28045	1
28046	4
28048	1
28049	2
28050	3
28051	4
28052	2
28053	2
28054	3
28055	1
28056	5
28057	1
28058	2
28059	2
28060	5
28061	1
28062	2
28063	7
28064	1
28066	3
28067	1
28068	8
28069	2
28070	3
28071	1
28072	1
28073	2
28074	5
28076	2
28077	2
28078	4
28079	2
28080	1
28081	2
28082	2
28083	3
28084	5
28085	3
28086	1
28087	1
28091	2
28092	1
28093	4
28094	4
28095	2
28096	3
28097	4
28098	4
28099	3
28100	3
28101	2
28102	3
28103	4
28104	1
28105	2
28107	4
28108	1
28109	3
28111	1
28112	1
28114	2
28115	2
28116	2
28117	2
28118	3
28119	1
28120	2
28121	3
28123	1
28124	1
28125	2
28126	4
28128	1
28129	3
28131	1
28132	2
28133	6
28134	2
28135	3
28136	3
28138	1
28139	1
28140	4
28141	1
28142	1
28143	7
28144	3
28145	2
28146	1
28147	1
28148	2
28149	3
28150	4
28151	4
28152	2
28153	6
28154	2
28155	1
28156	4
28157	2
28158	2
28159	1
28160	2
28161	1
28162	2
28163	4
28164	1
28165	2
28166	3
28167	3
28168	1
28169	2
28170	2
28171	2
28172	3
28174	2
28175	3
28176	2
28177	2
28178	3
28179	1
28180	2
28181	2
28182	3
28183	4
28184	3
28185	2
28187	1
28189	2
28191	2
28192	5
28193	1
28194	2
28195	4
28197	2
28198	1
28199	1
28200	2
28201	1
28202	1
28203	2
28204	2
28205	3
28206	2
28207	3
28208	1
28209	3
28210	2
28211	4
28212	3
28213	1
28214	6
28215	1
28216	5
28217	5
28218	1
28219	3
28220	5
28221	5
28222	1
28223	2
28224	3
28226	1
28227	1
28228	3
28229	1
28230	3
28231	4
28232	2
28234	1
28235	4
28236	3
28237	4
28238	2
28239	2
28241	1
28242	3
28243	1
28244	3
28245	2
28246	5
28247	1
28248	1
28249	2
28250	3
28251	5
28252	2
28253	2
28255	2
28256	3
28257	2
28258	3
28259	1
28260	4
28261	3
28262	5
28263	1
28264	3
28265	2
28266	2
28267	2
28268	2
28269	2
28270	3
28271	1
28273	3
28274	2
28275	4
28276	6
28277	3
28278	2
28279	2
28280	1
28281	2
28282	1
28283	2
28284	2
28285	1
28286	1
28287	5
28288	4
28289	1
28290	1
28291	5
28292	1
28294	2
28295	1
28296	1
28297	2
28298	6
28299	3
28300	2
28301	3
28302	2
28303	1
28304	4
28305	3
28306	4
28307	4
28308	2
28309	3
28310	4
28311	4
28313	1
28314	3
28315	1
28316	2
28317	2
28318	1
28319	3
28320	4
28321	1
28322	4
28323	2
28325	1
28326	1
28327	2
28328	5
28329	3
28330	2
28332	2
28333	1
28334	1
28336	2
28337	2
28338	2
28339	2
28340	3
28341	5
28342	3
28343	5
28344	1
28345	2
28346	5
28347	3
28348	1
28349	4
28350	1
28351	1
28352	4
28353	2
28354	2
28355	5
28356	2
28358	1
28359	3
28360	5
28361	4
28362	2
28363	1
28364	3
28365	1
28366	1
28367	2
28368	3
28369	1
28370	3
28371	3
28372	1
28373	4
28374	2
28375	2
28376	3
28377	6
28378	1
28379	1
28380	2
28381	1
28382	1
28383	2
28384	2
28385	2
28386	2
28387	1
28388	2
28389	1
28390	2
28391	1
28392	3
28393	4
28394	5
28395	3
28396	1
28397	1
28398	2
28399	2
28400	3
28401	1
28402	2
28403	1
28405	4
28406	3
28407	3
28408	2
28409	3
28410	1
28412	3
28413	1
28414	1
28415	3
28418	3
28419	4
28420	1
28421	2
28422	1
28423	4
28424	1
28425	2
28426	4
28427	1
28428	1
28430	2
28431	3
28432	2
28433	5
28434	3
28435	5
28436	2
28437	4
28438	3
28439	3
28440	3
28441	2
28442	4
28443	3
28444	5
28445	1
28446	2
28447	5
28448	5
28449	2
28450	2
28451	2
28452	3
28453	1
28454	2
28455	1
28456	2
28457	2
28459	2
28461	1
28462	5
28464	2
28465	1
28466	1
28467	2
28468	3
28469	4
28470	2
28471	5
28472	3
28473	4
28475	2
28477	1
28478	3
28479	4
28480	3
28481	10
28482	2
28483	3
28484	1
28485	1
28487	1
28488	1
28489	2
28490	1
28491	2
28492	1
28493	5
28494	2
28495	2
28496	5
28497	3
28499	1
28501	1
28502	4
28503	2
28504	3
28506	1
28507	1
28510	1
28511	1
28512	1
28514	2
28515	1
28516	1
28517	3
28518	3
28519	1
28520	3
28521	2
28522	4
28523	2
28524	2
28525	1
28526	6
28528	1
28529	5
28530	2
28531	2
28532	1
28533	1
28535	2
28536	1
28537	2
28539	1
28540	2
28542	2
28543	3
28544	2
28545	4
28546	1
28547	2
28549	1
28550	1
28551	2
28552	3
28553	2
28554	1
28555	3
28557	2
28558	1
28559	1
28560	1
28561	2
28562	2
28563	3
28564	2
28565	6
28566	2
28567	1
28568	1
28569	4
28570	5
28571	4
28572	1
28573	1
28574	1
28577	4
28578	2
28579	5
28580	2
28581	3
28583	2
28584	2
28585	1
28586	1
28587	3
28588	1
28589	1
28590	2
28591	3
28592	2
28593	3
28594	1
28595	2
28596	3
28597	1
28598	1
28599	7
28600	2
28601	4
28602	4
28603	3
28604	1
28605	2
28606	3
28608	1
28609	3
28610	1
28611	7
28612	2
28613	1
28614	3
28615	3
28616	1
28617	2
28618	2
28619	3
28620	2
28622	4
28623	3
28624	4
28625	1
28626	2
28627	6
28628	1
28629	1
28630	4
28632	4
28633	3
28634	2
28635	3
28636	1
28637	2
28638	3
28639	3
28641	1
28643	3
28644	2
28645	1
28646	2
28647	2
28648	1
28649	2
28650	1
28651	2
28652	3
28653	1
28654	1
28655	4
28656	1
28657	3
28658	3
28659	2
28660	2
28662	2
28664	4
28665	2
28666	3
28667	3
28668	1
28670	3
28671	1
28672	2
28673	5
28674	2
28676	1
28677	1
28678	3
28679	2
28680	1
28681	1
28683	2
28685	2
28686	2
28687	2
28688	3
28689	5
28690	1
28691	3
28692	3
28693	4
28694	2
28695	1
28697	3
28698	2
28699	3
28700	3
28702	2
28703	3
28704	1
28705	6
28706	3
28707	1
28708	3
28709	2
28710	2
28711	4
28712	2
28713	3
28714	3
28715	3
28716	2
28717	4
28718	3
28719	6
28720	2
28721	3
28722	1
28723	1
28724	1
28726	1
28727	3
28728	2
28729	5
28731	1
28733	1
28734	3
28735	2
28736	2
28737	2
28738	4
28739	3
28740	1
28741	2
28742	4
28744	1
28746	1
28747	1
28748	3
28749	2
28750	1
28751	3
28752	2
28753	2
28754	5
28755	1
28756	5
28757	1
28758	1
28759	2
28760	2
28761	2
28763	1
28764	1
28766	3
28767	1
28768	1
28769	4
28770	1
28771	3
28772	4
28773	1
28774	3
28776	2
28777	2
28778	4
28779	2
28780	1
28781	5
28782	2
28783	1
28784	1
28785	1
28786	3
28787	2
28788	3
28790	1
28793	4
28794	2
28795	6
28796	3
28797	2
28798	2
28799	2
28800	2
28801	1
28802	3
28803	5
28804	1
28805	3
28806	3
28807	2
28808	1
28809	5
28810	2
28811	2
28813	2
28814	1
28815	3
28816	1
28817	3
28818	1
28819	4
28820	3
28821	1
28822	1
28823	2
28824	2
28825	2
28826	1
28828	1
28829	1
28830	4
28831	1
28832	4
28833	4
28834	2
28835	1
28837	3
28838	1
28839	2
28840	3
28842	2
28843	6
28844	4
28845	1
28846	1
28847	1
28848	1
28850	2
28851	2
28852	2
28853	1
28855	3
28856	4
28857	3
28858	3
28859	3
28860	2
28861	4
28863	5
28864	3
28865	1
28866	2
28867	2
28868	1
28869	1
28870	2
28871	3
28872	3
28873	2
28874	4
28876	1
28877	3
28878	1
28879	2
28880	2
28881	2
28882	1
28883	3
28884	4
28885	3
28886	4
28887	2
28888	6
28889	4
28890	3
28891	2
28892	3
28893	2
28894	3
28895	2
28896	1
28897	3
28899	5
28900	4
28901	3
28902	3
28903	1
28904	1
28905	2
28906	4
28907	3
28908	2
28909	3
28910	2
28911	2
28912	1
28913	2
28914	2
28915	4
28917	1
28918	1
28919	1
28920	1
28921	3
28922	4
28923	4
28924	5
28925	1
28926	4
28928	1
28929	4
28930	1
28931	1
28932	1
28933	2
28934	1
28935	2
28936	2
28937	2
28938	1
28939	3
28940	4
28941	1
28942	4
28944	3
28945	1
28946	2
28947	3
28948	4
28949	2
28950	3
28951	4
28952	3
28953	3
28954	1
28955	2
28956	1
28957	4
28958	2
28959	3
28960	3
28961	2
28962	1
28963	2
28964	1
28966	4
28967	2
28968	4
28969	3
28970	2
28972	2
28973	2
28974	4
28975	2
28976	6
28977	2
28978	3
28979	2
28980	3
28981	1
28982	1
28983	4
28984	3
28985	3
28987	1
28988	1
28990	2
28991	6
28992	2
28993	6
28994	3
28995	4
28996	5
28997	3
28998	2
28999	2
29000	4
29001	2
29002	2
29003	2
29004	4
29007	5
29008	1
29011	2
29012	1
29013	1
29014	1
29015	2
29016	4
29017	2
29018	6
29019	2
29020	4
29021	3
29022	4
29023	3
29024	6
29025	1
29026	3
29027	3
29028	1
29029	2
29030	5
29031	4
29032	2
29033	2
29034	2
29035	1
29036	3
29037	3
29038	1
29039	2
29040	3
29041	1
29043	2
29044	2
29045	1
29046	1
29047	4
29048	2
29049	4
29050	1
29052	2
29053	2
29054	1
29056	2
29057	1
29058	4
29059	2
29060	3
29061	1
29062	1
29063	7
29064	2
29065	3
29066	3
29067	3
29068	2
29070	1
29072	2
29073	2
29074	2
29075	1
29076	1
29077	2
29078	1
29079	1
29080	2
29081	1
29082	1
29083	2
29084	1
29085	5
29086	5
29087	2
29088	2
29089	5
29090	1
29092	1
29093	2
29094	2
29095	3
29096	1
29097	1
29100	1
29101	1
29105	2
29106	2
29107	2
29109	1
29110	2
29111	2
29112	2
29113	1
29114	3
29115	3
29116	3
29117	1
29118	3
29119	3
29121	2
29122	3
29123	5
29125	6
29126	2
29127	1
29128	3
29129	1
29130	2
29131	4
29132	1
29133	5
29134	2
29135	3
29136	2
29137	2
29139	2
29140	1
29142	2
29143	5
29144	1
29145	1
29146	1
29147	2
29148	2
29149	2
29150	2
29151	1
29152	2
29153	1
29154	1
29155	2
29157	1
29158	3
29159	3
29160	3
29161	2
29162	3
29163	4
29164	4
29165	1
29166	3
29167	2
29168	2
29169	4
29170	1
29171	3
29172	1
29174	1
29175	3
29176	1
29177	7
29178	1
29179	2
29180	3
29183	1
29184	2
29185	2
29186	4
29187	3
29188	3
29189	4
29190	1
29191	5
29192	2
29193	4
29195	1
29196	2
29197	1
29198	2
29199	2
29200	1
29201	1
29202	1
29203	1
29204	1
29205	4
29206	1
29207	2
29208	3
29209	2
29210	4
29211	2
29212	3
29213	2
29214	1
29216	3
29217	1
29218	1
29219	3
29220	1
29221	1
29222	2
29223	4
29225	2
29226	3
29227	2
29228	1
29229	5
29230	1
29231	2
29232	2
29233	2
29234	4
29235	2
29236	1
29237	2
29238	5
29240	1
29241	3
29242	3
29243	1
29244	4
29245	2
29246	1
29247	2
29248	5
29249	3
29250	4
29251	3
29253	3
29254	2
29255	2
29256	4
29258	1
29259	2
29261	2
29262	2
29264	1
29265	2
29266	2
29267	2
29268	3
29270	8
29271	3
29272	1
29273	2
29274	2
29275	3
29277	3
29278	5
29279	2
29280	2
29281	2
29282	2
29283	1
29284	1
29286	2
29287	1
29288	2
29289	3
29290	3
29291	1
29292	1
29293	5
29294	2
29295	1
29296	1
29297	2
29298	2
29299	3
29300	2
29301	1
29302	2
29303	2
29304	3
29305	3
29306	3
29307	2
29308	4
29309	2
29310	2
29311	2
29312	3
29313	3
29314	1
29317	1
29319	2
29320	6
29321	3
29322	2
29323	2
29325	2
29326	2
29327	2
29328	2
29329	1
29330	2
29332	1
29333	2
29334	2
29335	2
29336	2
29337	3
29338	3
29339	1
29340	1
29341	2
29342	4
29343	2
29345	5
29346	3
29347	3
29348	3
29349	2
29350	1
29351	1
29352	1
29353	4
29354	1
29355	5
29356	1
29357	3
29358	3
29359	3
29360	3
29361	1
29362	3
29363	3
29364	4
29365	3
29366	3
29367	1
29369	2
29370	1
29371	3
29373	3
29374	5
29375	4
29376	1
29377	5
29378	4
29379	1
29380	2
29381	2
29382	1
29384	1
29385	3
29386	3
29387	2
29388	4
29389	3
29391	1
29392	1
29393	1
29394	2
29395	2
29397	2
29398	2
29400	1
29401	4
29402	3
29403	3
29404	1
29406	2
29407	7
29408	2
29410	1
29411	6
29412	6
29413	1
29414	4
29415	2
29416	2
29417	1
29418	3
29419	2
29420	1
29421	2
29422	1
29423	3
29424	2
29425	1
29426	2
29427	2
29428	3
29429	5
29430	5
29431	2
29432	3
29434	3
29435	4
29436	1
29438	1
29439	3
29440	3
29441	3
29443	1
29444	1
29445	6
29446	1
29448	3
29449	3
29450	4
29451	4
29452	4
29453	1
29454	1
29455	2
29456	3
29457	1
29459	1
29460	6
29461	1
29462	3
29463	1
29464	3
29465	2
29466	1
29467	4
29468	2
29469	1
29470	1
29471	3
29472	3
29473	2
29474	2
29475	2
29476	3
29477	3
29478	5
29479	2
29480	2
29481	3
29482	1
29483	3
29484	3
29485	2
29486	1
29487	2
29488	2
29489	1
29490	2
29493	2
29494	4
29495	2
29496	2
29497	3
29499	5
29502	3
29503	3
29504	6
29505	4
29506	5
29507	2
29508	2
29509	2
29510	2
29511	4
29512	2
29513	2
29515	2
29516	3
29517	1
29518	5
29519	1
29520	5
29521	1
29522	3
29523	4
29524	2
29525	1
29528	5
29529	2
29530	2
29531	1
29532	2
29533	1
29537	5
29540	3
29542	3
29543	6
29544	1
29545	1
29547	3
29549	3
29550	2
29551	2
29552	1
29553	3
29554	4
29555	5
29556	1
29557	3
29559	2
29560	3
29561	2
29562	3
29563	1
29564	4
29565	2
29566	4
29567	1
29568	3
29569	2
29570	2
29571	1
29572	1
29573	1
29574	1
29575	2
29577	3
29578	3
29579	1
29580	4
29581	4
29582	1
29583	2
29584	3
29585	2
29586	1
29587	2
29588	2
29589	4
29590	2
29591	1
29592	3
29593	1
29594	2
29596	2
29597	1
29598	2
29599	1
29600	1
29601	1
29602	5
29603	4
29604	3
29605	3
29606	1
29608	1
29609	1
29610	1
29612	3
29614	1
29615	3
29616	2
29617	5
29618	1
29619	2
29620	6
29621	2
29623	5
29624	1
29625	4
29626	3
29627	4
29628	4
29629	3
29630	1
29631	4
29632	1
29633	2
29634	1
29635	2
29636	2
29637	4
29638	2
29639	4
29640	2
29641	4
29642	3
29643	2
29644	3
29645	8
29646	1
29647	3
29648	1
29649	2
29650	2
29651	3
29652	3
29653	1
29654	2
29655	3
29656	2
29657	3
29658	4
29659	2
29660	2
29661	4
29663	2
29664	2
29666	2
29667	1
29668	2
29669	3
29671	1
29672	1
29673	3
29674	2
29675	2
29677	3
29678	3
29679	2
29680	2
29681	2
29682	2
29683	1
29684	4
29685	2
29686	5
29687	3
29688	1
29689	5
29690	1
29691	1
29692	2
29693	2
29694	2
29695	4
29696	1
29698	3
29699	1
29700	3
29701	2
29702	1
29704	3
29705	1
29706	1
29707	3
29708	4
29709	5
29710	1
29712	4
29713	5
29714	1
29716	2
29717	2
29718	4
29719	4
29720	3
29721	1
29722	1
29723	1
29724	1
29725	7
29726	4
29727	2
29728	2
29729	2
29731	2
29732	1
29733	2
29734	1
29736	4
29737	1
29739	3
29740	2
29741	1
29742	1
29743	4
29744	1
29745	1
29746	1
29747	6
29748	7
29749	6
29750	3
29751	4
29752	2
29753	3
29754	2
29755	1
29756	2
29757	3
29758	4
29759	2
29761	2
29762	4
29763	2
29764	1
29765	2
29766	1
29767	1
29768	1
29769	1
29770	2
29771	3
29772	2
29773	2
29774	3
29775	1
29776	2
29777	1
29778	2
29779	2
29780	1
29781	2
29782	3
29783	3
29784	1
29785	2
29786	3
29787	3
29788	3
29789	1
29790	1
29791	1
29793	2
29794	3
29795	2
29796	2
29797	2
29798	2
29799	3
29801	1
29802	2
29803	1
29804	2
29805	2
29806	1
29807	3
29809	3
29810	3
29812	4
29813	2
29814	2
29815	2
29816	1
29817	1
29818	3
29819	1
29820	3
29821	3
29822	2
29823	2
29824	3
29825	1
29826	3
29827	2
29828	3
29829	3
29831	1
29832	2
29833	4
29834	2
29835	3
29836	4
29837	2
29839	1
29840	2
29841	3
29843	4
29844	3
29845	3
29846	2
29847	4
29848	5
29849	4
29850	1
29851	2
29852	3
29855	1
29856	1
29857	2
29858	3
29859	1
29860	2
29861	1
29862	3
29863	3
29864	3
29865	2
29866	2
29868	2
29869	1
29870	1
29871	3
29872	5
29873	1
29875	3
29876	3
29877	2
29878	3
29879	9
29880	2
29881	1
29882	3
29883	1
29884	3
29885	4
29886	2
29887	2
29889	5
29890	3
29891	2
29892	2
29893	1
29894	1
29895	1
29896	2
29897	3
29898	2
29899	2
29900	1
29901	2
29902	2
29904	3
29905	1
29906	2
29908	3
29909	2
29910	3
29911	2
29912	4
29913	3
29915	1
29916	1
29917	5
29918	1
29919	1
29920	3
29921	1
29922	5
29923	3
29924	2
29925	2
29927	2
29928	3
29929	4
29930	2
29931	4
29932	3
29933	3
29934	1
29935	3
29936	3
29937	1
29938	1
29939	3
29940	2
29941	3
29942	1
29943	1
29944	3
29945	2
29946	3
29947	1
29949	2
29950	2
29951	3
29952	1
29953	2
29954	2
29955	1
29956	2
29957	1
29958	1
29959	2
29960	1
29961	5
29963	1
29964	1
29965	3
29966	1
29967	2
29968	2
29969	3
29971	1
29972	3
29973	2
29974	4
29976	1
29977	2
29978	1
29979	3
29980	2
29982	1
29983	3
29984	2
29985	3
29986	1
29988	3
29989	1
29990	3
29991	1
29992	1
29995	1
29996	4
29998	1
29999	2
30000	3
30001	1
30002	1
30003	1
30004	3
30005	3
30006	2
30007	2
30008	3
30009	1
30012	5
30013	1
30014	1
30015	2
30016	3
30017	7
30018	1
30019	4
30020	1
30021	1
30022	3
30024	1
30025	2
30026	3
30027	2
30028	3
30029	1
30030	1
30031	6
30032	3
30033	1
30034	4
30035	3
30038	2
30039	6
30040	2
30041	6
30042	3
30043	2
30045	1
30046	2
30047	1
30048	1
30049	1
30050	1
30051	1
30052	1
30053	3
30055	3
30056	1
30057	4
30058	5
30061	2
30062	1
30063	2
30064	2
30065	1
30067	2
30068	1
30070	2
30071	1
30072	2
30073	1
30074	5
30075	4
30076	1
30077	3
30078	2
30079	3
30081	1
30082	1
30083	2
30084	1
30085	6
30087	2
30088	3
30089	4
30090	2
30091	1
30092	4
30093	3
30094	2
30095	3
30096	2
30097	3
30098	1
30099	2
30100	1
30101	3
30102	1
30103	3
30104	4
30105	2
30107	1
30108	1
30109	2
30110	3
30111	3
30112	4
30113	3
30114	1
30115	4
30116	1
30117	2
30118	2
30121	1
30122	5
30124	2
30125	5
30126	3
30128	2
30129	3
30130	1
30131	2
30134	3
30135	1
30137	3
30138	2
30139	2
30140	3
30141	1
30142	2
30143	1
30144	1
30145	3
30146	1
30147	4
30148	3
30149	2
30150	2
30151	2
30152	1
30153	4
30154	1
30155	2
30156	4
30157	1
30158	2
30159	3
30160	3
30161	3
30163	1
30165	2
30166	1
30167	4
30168	1
30169	4
30170	6
30171	1
30172	2
30173	4
30174	2
30175	6
30176	1
30177	2
30178	1
30179	2
30180	1
30181	7
30182	2
30183	1
30184	4
30186	2
30187	1
30188	4
30189	1
30190	3
30191	2
30192	2
30193	1
30194	1
30195	3
30196	2
30199	2
30200	2
30201	1
30202	2
30203	1
30204	4
30206	1
30207	2
30209	1
30210	5
30211	4
30212	3
30213	5
30214	1
30215	3
30216	5
30217	1
30219	3
30220	1
30221	1
30222	4
30223	2
30225	3
30226	1
30227	2
30228	3
30229	2
30230	1
30231	2
30232	1
30233	4
30234	1
30235	2
30236	2
30237	5
30238	5
30239	1
30240	2
30241	1
30242	3
30243	1
30244	4
30245	1
30246	1
30247	1
30248	2
30249	2
30250	3
30251	2
30252	1
30253	1
30254	4
30255	3
30256	4
30257	1
30258	1
30259	2
30260	1
30261	2
30262	1
30265	4
30266	1
30267	2
30268	3
30269	3
30270	3
30271	2
30273	4
30274	4
30275	2
30276	1
30277	3
30278	2
30279	4
30280	3
30281	4
30282	2
30283	1
30284	4
30285	2
30286	2
30287	2
30288	4
30289	2
30290	2
30291	4
30293	3
30294	1
30295	5
30296	2
30297	1
30298	1
30299	2
30301	3
30302	3
30303	2
30304	2
30305	4
30306	1
30307	3
30308	1
30309	5
30310	4
30311	2
30312	1
30313	1
30314	2
30315	1
30316	2
30317	5
30318	3
30319	6
30320	3
30321	1
30322	1
30323	1
30324	2
30325	2
30326	1
30327	5
30328	2
30329	3
30330	3
30331	1
30332	3
30333	1
30334	4
30335	2
30336	3
30337	2
30338	1
30339	1
30341	1
30342	5
30343	2
30344	1
30345	2
30346	2
30347	3
30348	1
30349	1
30350	3
30351	3
30352	2
30353	4
30354	3
30355	2
30356	1
30357	3
30358	5
30359	1
30360	2
30361	3
30362	2
30363	2
30364	1
30365	2
30366	3
30367	3
30369	1
30370	3
30371	4
30372	8
30373	1
30374	2
30376	1
30377	1
30378	2
30379	3
30380	4
30381	1
30382	1
30383	1
30384	2
30385	4
30386	1
30388	2
30389	3
30390	2
30391	2
30392	2
30394	3
30395	1
30396	3
30397	5
30398	1
30399	2
30400	1
30401	1
30402	5
30403	1
30404	1
30405	3
30406	2
30407	1
30408	3
30409	2
30410	1
30411	1
30412	2
30413	2
30415	1
30416	5
30417	4
30418	3
30419	1
30420	4
30421	4
30422	4
30423	3
30424	2
30425	4
30426	3
30427	1
30428	2
30429	2
30430	1
30431	4
30433	2
30434	3
30435	2
30437	1
30438	5
30439	3
30440	2
30441	5
30442	2
30443	3
30444	6
30446	4
30447	2
30448	2
30449	3
30450	2
30451	3
30452	1
30453	3
30454	2
30455	2
30457	2
30458	2
30459	4
30460	3
30461	4
30462	3
30463	1
30464	3
30465	1
30466	3
30468	4
30469	2
30470	5
30471	5
30472	2
30473	3
30476	1
30477	6
30478	1
30479	3
30480	1
30481	3
30482	1
30483	3
30484	1
30485	1
30486	3
30487	1
30488	2
30489	4
30490	3
30491	3
30492	4
30493	2
30495	2
30496	3
30497	3
30498	4
30500	3
30501	4
30502	1
30503	3
30504	1
30505	1
30506	2
30507	1
30508	2
30509	2
30510	5
30511	2
30512	1
30513	3
30514	1
30515	5
30516	1
30518	3
30519	3
30520	3
30521	4
30522	3
30523	4
30524	2
30525	5
30527	1
30529	3
30531	4
30532	4
30533	2
30534	4
30535	2
30536	1
30537	2
30538	2
30539	2
30540	4
30541	1
30542	1
30543	4
30544	1
30545	1
30546	1
30547	1
30548	2
30549	2
30550	2
30551	1
30552	2
30553	1
30554	2
30555	3
30557	2
30559	4
30560	6
30562	1
30563	1
30564	2
30565	1
30566	2
30567	3
30568	6
30569	1
30570	4
30571	3
30572	2
30573	1
30574	3
30575	4
30576	1
30577	3
30578	4
30579	2
30580	3
30581	1
30582	3
30586	2
30587	4
30588	1
30589	4
30590	3
30591	2
30592	1
30594	2
30595	1
30596	1
30597	1
30598	3
30599	1
30600	2
30601	2
30602	2
30603	3
30604	3
30606	3
30607	1
30608	2
30609	4
30610	1
30611	6
30612	3
30613	4
30614	2
30616	1
30617	3
30618	2
30619	2
30621	3
30622	1
30624	3
30625	2
30626	1
30628	2
30629	2
30630	4
30631	4
30632	1
30633	1
30634	3
30635	6
30636	3
30637	1
30638	1
30639	2
30640	1
30641	3
30642	2
30643	2
30644	2
30645	1
30646	2
30647	4
30649	2
30651	2
30652	3
30653	2
30654	1
30655	2
30657	2
30658	3
30660	1
30662	3
30663	2
30664	4
30665	4
30666	3
30667	3
30668	3
30669	2
30670	2
30671	3
30672	3
30673	1
30674	3
30675	2
30676	4
30677	1
30678	1
30679	1
30680	3
30681	2
30682	1
30684	4
30685	6
30686	4
30687	1
30688	2
30689	5
30690	3
30691	2
30692	3
30693	2
30694	2
30695	1
30696	2
30697	2
30698	2
30699	2
30700	4
30701	2
30702	1
30703	3
30705	1
30706	2
30708	4
30709	3
30710	2
30711	3
30712	2
30713	2
30714	4
30716	1
30717	1
30718	6
30719	5
30720	2
30721	5
30722	3
30723	2
30724	2
30725	3
30726	1
30727	3
30728	2
30729	1
30731	2
30732	2
30733	2
30734	3
30735	1
30736	1
30737	1
30738	3
30739	3
30740	1
30741	3
30742	4
30743	1
30744	2
30745	2
30746	2
30747	1
30748	2
30749	5
30750	5
30751	3
30752	5
30753	3
30754	4
30755	4
30756	2
30757	3
30758	3
30759	4
30761	5
30762	2
30763	2
30764	3
30765	2
30767	1
30768	4
30769	4
30770	1
30771	5
30772	2
30773	1
30774	3
30775	2
30777	1
30778	1
30779	1
30780	2
30781	1
30782	4
30783	1
30784	1
30785	1
30786	6
30787	1
30788	1
30789	3
30790	4
30791	4
30793	1
30794	1
30795	1
30796	2
30797	4
30798	3
30799	1
30800	3
30801	1
30802	3
30803	1
30804	3
30805	2
30806	1
30807	2
30808	2
30809	1
30810	3
30811	2
30812	4
30813	4
30814	3
30815	2
30816	4
30818	3
30819	4
30820	1
30821	4
30822	2
30823	3
30824	4
30825	2
30826	2
30827	1
30828	2
30829	4
30830	3
30831	3
30832	1
30833	1
30834	1
30835	4
30836	1
30837	3
30838	1
30840	4
30841	4
30842	2
30844	3
30846	4
30847	4
30848	1
30849	1
30850	2
30852	1
30853	4
30855	2
30856	2
30857	2
30858	3
30859	1
30860	3
30862	3
30863	6
30864	2
30865	1
30866	1
30867	2
30868	6
30869	1
30870	3
30871	3
30872	1
30873	3
30875	2
30876	3
30877	3
30878	1
30879	1
30880	3
30881	3
30882	3
30883	2
30884	3
30885	1
30886	3
30887	5
30888	1
30889	1
30890	1
30891	3
30892	3
30893	1
30894	1
30896	3
30897	2
30898	2
30899	4
30900	2
30901	3
30903	1
30904	3
30905	1
30906	2
30907	3
30908	2
30909	4
30910	1
30911	2
30912	3
30913	1
30914	2
30915	4
30917	2
30918	2
30919	2
30920	1
30921	3
30922	2
30923	2
30924	2
30925	2
30926	1
30927	2
30928	1
30929	1
30930	2
30931	6
30932	3
30933	3
30934	4
30935	3
30936	1
30937	1
30938	3
30939	1
30941	3
30942	1
30943	3
30944	2
30945	1
30946	3
30947	3
30948	2
30949	1
30950	2
30951	3
30952	2
30953	2
30954	3
30955	1
30956	7
30957	2
30958	2
30959	3
30960	1
30961	1
30963	1
30964	9
30966	3
30967	3
30968	3
30969	1
30970	3
30971	3
30972	1
30973	4
30974	3
30975	2
30976	4
30977	3
30978	1
30979	2
30980	4
30981	2
30982	2
30983	3
30984	1
30985	2
30986	3
30987	6
30988	2
30989	1
30991	4
30992	2
30993	1
30994	1
30995	1
30996	4
30997	2
30998	4
30999	3
31000	1
31001	2
31002	2
31003	3
31004	2
31005	3
31006	1
31007	1
31008	2
31009	1
31010	4
31011	2
31013	4
31015	1
31016	4
31017	1
31018	4
31019	3
31020	2
31021	2
31022	4
31023	2
31024	5
31025	1
31026	1
31027	4
31028	2
31029	3
31030	1
31031	3
31032	3
31033	3
31036	4
31037	4
31038	3
31039	1
31040	1
31041	1
31043	6
31044	1
31046	4
31047	1
31048	3
31049	1
31050	2
31051	3
31052	1
31053	6
31054	1
31055	2
31056	4
31057	2
31059	1
31060	4
31061	2
31062	4
31063	4
31064	3
31066	1
31067	6
31068	5
31069	3
31070	9
31071	5
31072	1
31073	1
31074	3
31075	3
31077	2
31078	5
31079	1
31080	3
31081	2
31082	1
31083	1
31084	3
31085	1
31086	4
31087	3
31088	1
31089	3
31090	1
31091	3
31092	1
31093	3
31094	5
31095	2
31096	6
31097	2
31098	1
31099	3
31100	1
31101	3
31102	1
31103	2
31104	2
31105	3
31106	1
31107	3
31108	1
31109	5
31111	5
31112	1
31113	3
31114	2
31115	5
31116	1
31117	3
31119	3
31120	5
31121	2
31122	1
31123	1
31124	1
31125	1
31126	3
31127	4
31129	1
31130	1
31131	2
31132	1
31133	2
31134	3
31135	2
31136	3
31137	3
31138	4
31139	1
31140	2
31141	3
31142	1
31143	2
31144	1
31145	2
31146	3
31147	2
31148	2
31149	2
31150	1
31151	1
31153	5
31154	2
31155	4
31156	2
31157	5
31158	1
31159	2
31160	2
31161	3
31162	3
31163	2
31165	1
31166	4
31167	2
31168	3
31169	1
31170	5
31172	3
31173	2
31175	3
31176	1
31178	1
31179	4
31180	4
31182	3
31183	5
31184	5
31185	3
31186	5
31187	2
31188	1
31190	6
31191	2
31192	4
31193	2
31195	2
31196	1
31197	3
31198	1
31199	2
31200	2
31201	4
31202	3
31205	5
31206	1
31207	4
31208	3
31209	1
31210	1
31211	3
31212	2
31213	5
31214	3
31215	2
31217	2
31218	1
31219	5
31220	2
31221	1
31222	1
31223	2
31224	2
31225	2
31226	3
31227	3
31228	2
31229	2
31230	3
31232	3
31235	4
31236	3
31238	3
31240	1
31242	2
31243	2
31244	1
31245	2
31246	1
31247	3
31248	1
31249	4
31250	2
31251	4
31253	2
31255	4
31256	3
31257	2
31258	1
31259	2
31260	4
31261	2
31262	5
31263	4
31264	2
31265	1
31266	3
31267	2
31268	2
31269	1
31270	3
31271	2
31272	2
31274	4
31275	2
31276	1
31279	4
31281	1
31282	1
31284	2
31285	2
31286	6
31287	4
31288	1
31289	3
31291	3
31292	1
31293	2
31294	2
31295	1
31296	1
31297	3
31298	2
31299	2
31300	1
31301	1
31302	1
31303	3
31305	4
31306	2
31307	3
31308	2
31310	3
31312	3
31313	2
31314	2
31315	4
31316	5
31317	3
31318	3
31319	2
31320	2
31321	1
31322	2
31323	2
31325	1
31326	4
31327	4
31328	1
31329	3
31330	1
31331	5
31332	1
31333	2
31334	3
31335	4
31336	2
31337	1
31338	2
31339	1
31340	1
31341	2
31342	3
31343	2
31344	6
31345	3
31346	3
31347	3
31348	2
31349	2
31350	2
31351	3
31352	2
31354	4
31355	2
31356	1
31357	2
31358	2
31359	3
31360	2
31361	3
31362	2
31363	2
31364	1
31365	2
31366	3
31367	1
31369	4
31370	3
31371	3
31372	3
31373	1
31374	1
31375	2
31376	2
31377	1
31378	2
31379	4
31380	2
31381	1
31382	3
31383	2
31384	2
31386	2
31388	2
31390	2
31391	1
31392	4
31393	4
31394	2
31395	1
31396	3
31397	3
31398	1
31400	1
31401	3
31402	1
31403	2
31404	2
31405	2
31406	2
31407	4
31408	2
31409	2
31410	2
31411	7
31412	2
31413	2
31414	3
31415	4
31416	3
31417	3
31418	1
31419	3
31420	3
31421	4
31422	1
31423	3
31425	3
31426	2
31427	5
31428	4
31429	2
31430	2
31431	2
31433	2
31434	4
31435	1
31436	4
31437	2
31438	3
31439	3
31441	2
31442	2
31443	2
31445	3
31446	1
31447	1
31450	5
31451	1
31452	1
31453	1
31454	1
31457	1
31458	2
31459	1
31460	3
31461	1
31462	1
31463	3
31464	2
31465	3
31466	2
31467	4
31468	6
31469	1
31470	2
31471	5
31472	3
31473	2
31474	4
31475	2
31476	2
31477	2
31478	1
31479	2
31480	2
31481	1
31482	2
31483	2
31484	3
31485	3
31486	3
31488	1
31489	1
31490	4
31491	2
31492	1
31493	1
31494	1
31495	3
31496	2
31497	1
31498	3
31500	2
31501	3
31502	3
31505	3
31506	3
31507	2
31508	4
31509	6
31510	3
31511	3
31512	2
31513	4
31514	2
31515	2
31516	3
31517	2
31518	2
31519	3
31520	4
31521	4
31522	2
31523	3
31525	3
31526	1
31527	2
31528	5
31529	1
31530	1
31531	2
31532	1
31533	2
31534	3
31535	4
31536	5
31538	3
31539	2
31540	2
31541	2
31543	3
31544	1
31546	3
31547	3
31548	4
31549	3
31550	1
31552	1
31553	2
31554	1
31555	3
31556	3
31557	2
31558	1
31559	7
31561	2
31563	2
31564	2
31565	4
31566	1
31567	5
31568	1
31569	3
31571	1
31572	4
31573	5
31574	1
31575	3
31576	1
31578	1
31579	6
31580	2
31581	1
31582	1
31583	2
31584	4
31585	2
31586	2
31588	4
31589	3
31590	1
31591	2
31592	3
31593	2
31595	3
31596	2
31597	3
31598	5
31599	1
31600	2
31602	1
31603	3
31604	2
31605	2
31606	5
31607	3
31608	2
31609	1
31611	2
31612	2
31613	3
31614	3
31615	3
31616	3
31617	3
31619	2
31624	1
31626	1
31627	3
31628	2
31629	3
31630	1
31631	4
31632	1
31633	2
31634	2
31636	2
31637	1
31638	5
31639	3
31640	1
31641	1
31642	6
31643	1
31644	2
31645	1
31646	1
31650	1
31651	1
31652	1
31653	1
31654	3
31655	2
31656	2
31657	3
31658	2
31659	2
31660	2
31661	1
31662	1
31663	3
31664	2
31665	3
31666	3
31667	1
31668	5
31669	2
31670	4
31671	1
31672	2
31673	4
31674	5
31675	2
31676	2
31677	1
31678	5
31679	2
31680	1
31681	2
31682	3
31683	3
31684	4
31685	2
31687	2
31688	2
31689	2
31690	5
31692	5
31693	1
31694	2
31695	3
31696	2
31697	3
31699	4
31700	2
31701	1
31702	4
31703	3
31704	1
31705	3
31706	5
31707	3
31708	2
31709	3
31710	3
31711	3
31712	4
31713	2
31714	2
31715	1
31716	4
31717	2
31718	3
31719	4
31720	1
31721	2
31722	1
31723	5
31725	1
31726	1
31727	3
31728	2
31729	2
31730	2
31731	1
31732	1
31733	1
31734	1
31735	5
31736	3
31737	1
31738	3
31739	2
31740	2
31741	1
31742	3
31744	1
31745	1
31746	5
31747	1
31749	2
31752	3
31753	1
31754	2
31756	1
31757	3
31758	2
31760	3
31761	1
31762	4
31763	1
31764	2
31765	5
31766	2
31767	3
31768	3
31769	3
31770	3
31771	1
31772	2
31774	1
31775	3
31776	3
31777	4
31778	3
31779	4
31780	1
31781	1
31782	1
31783	2
31784	1
31785	2
31786	2
31787	3
31790	1
31791	4
31793	3
31795	3
31796	3
31797	4
31800	3
31801	2
31802	4
31803	1
31804	2
31805	5
31806	2
31807	2
31808	4
31810	2
31811	2
31813	3
31814	2
31815	2
31816	1
31817	4
31818	1
31819	1
31820	1
31821	1
31823	3
31825	3
31826	1
31827	2
31828	6
31829	2
31830	1
31831	4
31833	2
31834	1
31835	4
31837	1
31838	1
31839	2
31840	2
31841	4
31842	2
31843	7
31844	2
31845	5
31846	2
31847	1
31848	1
31849	2
31850	3
31851	5
31853	2
31854	1
31855	5
31856	1
31857	2
31858	3
31859	1
31860	1
31861	2
31862	4
31864	6
31865	1
31866	2
31867	1
31868	1
31869	2
31870	4
31871	1
31872	3
31873	3
31874	1
31875	2
31876	1
31877	5
31878	4
31879	1
31880	3
31881	3
31882	2
31883	4
31885	1
31886	1
31887	4
31888	1
31889	3
31890	3
31892	2
31893	4
31894	1
31895	4
31896	2
31897	1
31898	1
31899	3
31901	1
31902	3
31903	4
31904	2
31906	2
31907	3
31908	4
31910	2
31911	2
31912	2
31913	3
31914	2
31915	2
31917	2
31918	2
31919	2
31920	5
31921	5
31922	1
31923	1
31924	4
31925	1
31926	5
31927	6
31928	1
31929	3
31930	2
31931	2
31932	4
31933	1
31934	4
31935	2
31936	4
31937	3
31938	1
31939	3
31940	4
31941	2
31942	5
31943	1
31944	3
31945	3
31947	4
31948	2
31949	1
31950	1
31951	3
31953	2
31954	4
31955	1
31956	1
31957	2
31958	1
31959	2
31960	3
31961	4
31962	1
31964	2
31965	3
31966	1
31967	2
31968	5
31969	3
31970	3
31971	3
31973	1
31974	4
31975	1
31976	1
31977	2
31978	2
31980	1
31981	1
31982	5
31983	4
31984	6
31985	3
31986	1
31987	2
31988	3
31990	1
31991	2
31992	3
31994	4
31995	4
31996	2
31997	3
31998	4
31999	1
32000	1
32001	1
32002	1
32003	3
32004	3
32005	3
32006	1
32007	1
32008	2
32009	4
32010	2
32011	3
32012	3
32013	4
32014	2
32015	2
32016	2
32017	2
32018	1
32021	1
32022	1
32023	2
32025	4
32026	4
32027	3
32028	2
32029	2
32030	3
32031	1
32032	4
32033	1
32034	1
32035	2
32036	3
32037	3
32038	1
32039	2
32040	4
32041	3
32042	2
32044	1
32045	1
32046	1
32047	2
32048	5
32049	3
32051	1
32052	2
32053	2
32054	3
32056	3
32057	2
32058	4
32059	2
32060	2
32062	2
32063	4
32065	4
32066	3
32067	1
32068	1
32069	2
32071	1
32072	3
32073	3
32075	2
32076	6
32077	2
32078	7
32079	4
32080	3
32081	2
32083	3
32084	4
32085	3
32086	3
32087	2
32088	3
32089	2
32090	2
32091	4
32092	1
32093	2
32094	1
32095	1
32096	3
32097	2
32098	1
32099	1
32100	2
32101	2
32102	1
32103	1
32104	1
32105	1
32106	2
32107	4
32108	3
32109	3
32110	2
32111	4
32112	1
32113	1
32114	3
32115	4
32116	4
32118	3
32119	1
32120	1
32121	2
32122	2
32124	3
32125	1
32126	1
32127	2
32128	2
32130	3
32131	3
32132	2
32133	4
32134	2
32135	1
32136	3
32137	1
32138	6
32139	1
32140	1
32141	2
32142	3
32143	2
32144	4
32145	1
32146	1
32147	1
32148	1
32149	4
32151	2
32152	4
32154	2
32155	1
32156	2
32157	2
32158	4
32159	1
32160	3
32161	2
32162	1
32164	1
32165	2
32166	7
32167	2
32168	3
32169	2
32170	2
32171	4
32172	1
32174	2
32175	1
32177	5
32178	4
32179	1
32180	2
32181	4
32182	1
32184	2
32185	2
32186	1
32187	2
32190	6
32192	3
32193	2
32195	5
32196	1
32197	3
32198	1
32199	3
32200	5
32201	4
32202	1
32203	1
32204	3
32205	1
32207	1
32208	2
32209	2
32210	3
32211	3
32212	4
32213	3
32214	4
32215	2
32216	4
32217	3
32218	2
32219	4
32220	3
32221	5
32222	2
32223	3
32224	2
32225	2
32226	1
32228	2
32229	4
32230	3
32231	1
32232	2
32233	2
32234	1
32236	6
32237	1
32238	2
32239	4
32241	1
32242	1
32243	2
32244	1
32245	1
32246	5
32247	2
32249	5
32250	5
32251	1
32252	1
32253	2
32254	1
32256	1
32257	1
32258	3
32259	1
32260	1
32261	5
32262	1
32263	2
32264	2
32265	1
32266	3
32267	1
32268	3
32269	3
32271	1
32272	2
32273	3
32274	1
32275	1
32276	4
32277	3
32278	1
32280	8
32281	2
32283	2
32284	3
32285	1
32286	1
32287	3
32288	3
32289	1
32290	3
32291	3
32292	1
32295	2
32296	1
32297	6
32298	1
32300	1
32301	1
32302	3
32303	2
32304	5
32305	2
32306	2
32307	1
32308	3
32309	2
32310	1
32311	3
32312	2
32313	1
32314	3
32315	3
32316	3
32317	4
32318	1
32319	2
32320	3
32321	4
32322	3
32323	3
32325	2
32326	2
32327	5
32328	2
32329	2
32330	5
32331	4
32332	3
32333	2
32335	2
32336	2
32337	4
32338	2
32339	4
32341	1
32342	5
32343	4
32344	2
32345	2
32346	3
32347	3
32348	1
32349	2
32350	4
32351	2
32352	2
32353	1
32354	1
32355	2
32356	4
32357	2
32358	5
32359	2
32360	5
32362	2
32364	3
32365	1
32366	2
32367	3
32368	2
32369	2
32370	2
32371	4
32372	4
32373	3
32374	1
32375	1
32376	3
32378	1
32380	2
32381	5
32382	1
32383	4
32384	4
32385	2
32386	4
32387	4
32388	2
32389	3
32390	2
32391	4
32392	2
32393	2
32394	3
32396	2
32397	1
32398	2
32399	2
32400	1
32401	2
32402	6
32404	5
32406	5
32407	3
32409	1
32410	4
32411	4
32412	3
32413	2
32414	1
32415	1
32416	2
32417	3
32418	1
32420	4
32421	1
32422	5
32423	4
32424	1
32425	1
32426	1
32427	2
32428	1
32429	3
32430	3
32431	1
32432	3
32433	1
32434	1
32435	1
32436	6
32437	1
32438	6
32439	1
32441	1
32442	2
32443	2
32444	1
32445	1
32446	3
32447	2
32448	1
32449	1
32451	2
32452	2
32454	5
32455	2
32456	1
32458	3
32459	3
32460	2
32461	2
32462	3
32463	3
32464	2
32465	2
32466	1
32467	3
32468	4
32469	3
32470	1
32471	7
32472	1
32473	2
32474	2
32475	3
32476	1
32477	2
32478	2
32479	5
32480	3
32481	1
32482	1
32483	1
32484	2
32486	1
32488	2
32489	3
32490	3
32491	2
32492	3
32493	2
32494	3
32495	2
32496	4
32497	1
32498	1
32499	3
32500	2
32501	1
32502	4
32503	2
32505	2
32506	2
32507	2
32508	2
32509	1
32510	1
32511	3
32512	2
32513	1
32514	1
32515	1
32517	5
32518	2
32519	4
32520	2
32521	4
32522	3
32524	2
32525	5
32527	2
32528	2
32529	1
32530	7
32531	4
32532	2
32533	2
32534	2
32535	4
32536	2
32537	3
32538	1
32539	2
32540	4
32542	2
32543	3
32544	3
32545	2
32546	4
32547	3
32549	1
32550	4
32551	1
32552	4
32554	4
32555	3
32556	3
32557	3
32558	1
32559	3
32561	5
32562	6
32563	1
32564	3
32567	2
32568	2
32569	2
32570	4
32572	1
32573	1
32574	3
32575	1
32576	1
32577	3
32578	4
32579	1
32580	1
32581	2
32582	2
32583	3
32585	4
32586	1
32588	4
32589	2
32590	2
32591	3
32592	1
32593	2
32594	3
32596	3
32597	2
32598	2
32599	5
32600	2
32601	2
32602	2
32603	1
32604	2
32605	4
32606	2
32607	2
32608	1
32609	2
32610	1
32611	1
32612	3
32613	1
32614	2
32615	3
32616	3
32617	1
32618	3
32619	2
32620	4
32622	3
32623	2
32624	3
32625	1
32627	5
32628	3
32630	2
32631	6
32632	2
32633	1
32636	1
32637	5
32638	2
32639	3
32640	3
32641	2
32642	4
32643	2
32645	3
32646	4
32647	2
32648	2
32649	4
32651	1
32652	2
32654	5
32655	3
32656	1
32657	1
32658	2
32659	5
32660	1
32661	2
32662	2
32663	4
32664	1
32665	3
32666	2
32667	3
32668	2
32669	4
32670	3
32671	1
32672	3
32673	6
32674	1
32675	2
32676	3
32677	1
32678	1
32679	3
32680	1
32681	2
32682	3
32683	1
32684	4
32685	1
32686	4
32687	1
32688	2
32689	1
32690	3
32691	4
32692	2
32693	2
32694	2
32696	2
32697	3
32698	3
32699	3
32701	2
32702	2
32703	4
32704	5
32705	1
32706	4
32707	2
32708	1
32709	2
32710	2
32711	1
32712	2
32713	2
32714	1
32715	3
32716	2
32717	1
32718	2
32719	5
32720	1
32721	1
32722	1
32724	1
32725	3
32726	3
32727	2
32728	1
32729	1
32730	3
32731	4
32732	2
32733	4
32734	4
32735	2
32736	3
32738	1
32739	3
32740	3
32741	4
32742	4
32743	1
32744	4
32745	5
32747	1
32748	2
32749	2
32750	1
32751	3
32752	1
32753	6
32754	3
32755	1
32756	3
32758	4
32759	2
32760	3
32761	3
32762	5
32763	1
32764	3
32765	1
32766	3
32767	1
32768	1
32769	2
32770	1
32771	6
32772	1
32773	3
32774	1
32775	3
32777	2
32778	1
32779	1
32780	4
32781	4
32782	1
32783	4
32784	1
32785	1
32786	1
32787	2
32788	2
32789	3
32790	2
32791	3
32792	3
32793	4
32794	3
32795	2
32796	3
32797	3
32798	3
32799	1
32800	1
32801	3
32802	2
32803	4
32804	5
32807	2
32808	2
32809	2
32810	6
32811	4
32812	3
32813	5
32814	3
32815	1
32816	2
32817	4
32818	2
32819	3
32820	5
32821	3
32822	3
32823	1
32824	3
32825	3
32826	3
32827	1
32828	2
32829	2
32830	5
32831	1
32832	4
32833	4
32834	1
32835	2
32836	2
32837	4
32838	1
32839	2
32840	2
32841	3
32842	1
32843	2
32845	2
32846	1
32847	2
32849	1
32850	3
32851	5
32854	2
32855	2
32856	3
32857	5
32858	2
32859	8
32860	2
32861	2
32862	4
32863	3
32864	5
32865	3
32866	3
32867	1
32869	1
32870	3
32871	1
32872	1
32873	3
32874	3
32875	1
32876	3
32877	3
32879	1
32880	5
32881	3
32882	2
32883	3
32884	3
32885	1
32886	2
32887	4
32888	3
32889	3
32890	1
32891	2
32892	2
32893	2
32894	2
32895	2
32896	5
32897	4
32898	2
32899	2
32900	2
32901	1
32902	5
32903	2
32904	2
32905	2
32906	6
32907	2
32908	3
32909	1
32910	3
32911	4
32912	2
32913	3
32914	5
32916	4
32917	1
32918	5
32919	3
32920	4
32921	2
32922	1
32923	1
32924	2
32925	2
32927	3
32928	1
32929	2
32930	2
32931	4
32932	1
32933	3
32934	7
32935	2
32936	1
32937	3
32938	2
32939	2
32941	1
32942	3
32944	2
32945	3
32946	2
32947	2
32948	5
32949	1
32950	3
32951	1
32952	3
32953	2
32954	1
32955	4
32956	2
32957	2
32958	3
32959	3
32960	2
32961	3
32962	2
32963	1
32964	1
32965	2
32966	1
32967	3
32968	4
32969	3
32970	3
32972	2
32973	1
32974	2
32975	1
32976	1
32978	4
32979	4
32980	3
32981	2
32982	3
32983	2
32984	2
32985	1
32986	2
32987	2
32988	3
32990	2
32991	2
32992	2
32993	1
32994	2
32995	3
32996	1
32997	1
32998	3
32999	4
33000	4
33001	1
33002	4
33004	2
33005	1
33006	1
33007	1
33008	1
33009	2
33010	3
33012	1
33013	3
33014	3
33015	1
33016	1
33018	1
33019	2
33021	1
33022	3
33023	5
33024	4
33025	4
33026	4
33027	3
33028	2
33029	4
33030	2
33031	2
33032	3
33033	5
33034	1
33036	4
33037	1
33038	3
33039	1
33041	4
33043	3
33044	3
33045	2
33046	1
33047	5
33048	2
33049	4
33050	2
33051	2
33052	2
33055	2
33056	2
33057	3
33058	1
33059	1
33060	4
33061	4
33062	1
33063	1
33064	2
33065	2
33066	2
33067	3
33068	2
33069	1
33070	2
33071	2
33072	3
33073	4
33074	2
33075	1
33076	1
33078	5
33079	2
33080	2
33081	3
33082	4
33083	3
33084	1
33085	1
33086	2
33088	5
33089	2
33090	2
33091	4
33092	1
33093	1
33094	4
33095	2
33096	1
33097	1
33099	2
33100	2
33101	4
33102	2
33103	4
33104	3
33106	3
33107	3
33108	3
33109	4
33110	1
33112	2
33113	2
33114	4
33115	4
33116	2
33117	1
33118	3
33119	6
33120	2
33121	4
33122	3
33123	2
33124	2
33125	3
33126	3
33127	4
33128	2
33129	1
33130	4
33132	3
33134	3
33135	3
33136	2
33138	2
33139	2
33141	2
33142	2
33143	1
33144	3
33145	2
33146	2
33147	3
33150	3
33151	1
33152	7
33153	1
33154	3
33155	1
33156	1
33158	1
33159	2
33160	1
33162	3
33163	3
33164	1
33165	2
33166	4
33167	1
33169	1
33170	3
33171	1
33172	1
33174	2
33175	3
33176	1
33177	1
33178	1
33179	1
33180	2
33181	2
33182	2
33183	3
33184	4
33185	1
33186	2
33188	2
33190	2
33191	1
33192	4
33193	2
33194	4
33195	3
33196	2
33197	2
33199	1
33200	2
33202	4
33203	2
33204	1
33205	2
33206	1
33207	3
33209	2
33210	1
33211	2
33212	2
33213	2
33214	1
33215	2
33216	2
33217	1
33219	3
33220	2
33221	1
33222	2
33223	2
33225	2
33226	4
33227	1
33228	2
33229	1
33230	5
33231	2
33232	1
33233	1
33235	2
33236	3
33237	2
33238	3
33239	2
33240	1
33241	3
33242	2
33243	2
33245	1
33246	2
33249	2
33250	5
33251	1
33252	3
33253	2
33254	2
33255	3
33256	3
33257	1
33258	3
33259	2
33260	2
33261	8
33262	4
33263	4
33264	1
33265	1
33266	3
33267	5
33270	2
33271	3
33273	2
33274	4
33275	2
33276	3
33278	4
33279	5
33280	2
33281	4
33282	2
33283	1
33284	1
33285	3
33286	1
33287	1
33288	3
33289	3
33290	2
33291	4
33292	1
33294	4
33295	1
33296	1
33297	3
33298	3
33299	2
33300	1
33301	3
33302	2
33303	3
33304	1
33305	4
33307	2
33308	3
33309	7
33310	1
33311	2
33313	2
33314	2
33315	3
33316	1
33317	1
33318	2
33320	4
33323	1
33325	3
33327	3
33328	1
33329	1
33330	1
33332	2
33333	2
33334	2
33335	1
33336	2
33338	2
33339	3
33340	3
33341	2
33342	5
33343	3
33344	2
33345	1
33346	2
33347	2
33348	3
33349	2
33350	1
33352	2
33353	1
33354	3
33355	2
33356	2
33357	2
33358	1
33359	3
33360	2
33362	2
33363	4
33364	3
33365	2
33366	3
33367	2
33368	2
33369	2
33371	3
33372	2
33373	2
33374	1
33375	1
33376	2
33377	1
33378	3
33379	2
33380	1
33382	4
33384	2
33386	3
33387	4
33388	4
33389	5
33392	2
33393	1
33394	4
33395	4
33396	1
33397	2
33398	2
33401	4
33402	4
33403	1
33404	3
33405	4
33406	3
33407	4
33408	2
33409	3
33410	1
33411	2
33412	2
33413	2
33414	3
33415	1
33416	1
33417	5
33418	1
33419	4
33420	2
33421	2
33422	2
33423	2
33424	3
33425	1
33426	4
33427	2
33428	2
33429	1
33431	3
33432	1
33433	4
33434	3
33435	4
33436	1
33437	3
33438	2
33439	1
33440	2
33442	4
33443	7
33444	4
33445	2
33446	1
33447	2
33448	2
33449	1
33450	2
33451	2
33453	1
33454	2
33457	4
33458	1
33459	2
33460	1
33462	5
33463	2
33464	1
33467	1
33468	4
33469	3
33470	1
33471	2
33472	1
33473	3
33474	3
33475	2
33476	2
33477	1
33479	1
33480	5
33481	1
33482	1
33484	2
33485	1
33486	3
33487	3
33488	4
33489	2
33490	1
33491	2
33492	3
33493	4
33494	3
33495	1
33496	2
33497	4
33498	1
33499	2
33500	3
33501	2
33502	1
33503	2
33504	1
33505	2
33506	1
33507	1
33508	1
33509	2
33510	1
33511	3
33512	1
33513	3
33514	1
33515	1
33516	5
33517	4
33518	1
33519	8
33520	4
33522	2
33523	2
33524	3
33525	1
33526	3
33527	3
33528	1
33529	1
33531	1
33532	2
33533	2
33534	1
33535	1
33536	3
33537	1
33538	2
33539	4
33540	3
33541	3
33542	4
33543	7
33544	2
33545	1
33546	2
33547	2
33548	1
33549	7
33550	2
33551	1
33552	5
33553	1
33554	2
33555	5
33556	4
33558	5
33560	1
33561	3
33562	2
33563	1
33564	1
33565	2
33567	2
33568	1
33570	2
33571	2
33573	3
33574	2
33575	3
33576	3
33577	3
33578	2
33580	3
33581	5
33582	1
33583	3
33584	4
33585	4
33587	2
33588	2
33589	3
33590	5
33591	2
33592	4
33593	2
33594	1
33596	2
33597	4
33598	1
33599	1
33600	2
33601	1
33603	2
33604	2
33605	3
33606	1
33607	3
33608	1
33609	1
33611	5
33612	1
33613	3
33614	1
33615	3
33616	6
33617	1
33619	3
33620	1
33621	1
33623	4
33624	2
33625	2
33626	1
33627	1
33628	3
33629	2
33630	2
33633	3
33634	2
33635	4
33636	4
33637	2
33639	2
33640	1
33641	1
33643	3
33644	1
33646	4
33647	2
33648	3
33649	1
33650	2
33651	1
33652	2
33653	6
33654	3
33655	4
33656	2
33657	4
33658	1
33659	2
33660	4
33661	2
33664	2
33665	2
33666	2
33667	1
33668	2
33669	2
33670	1
33671	4
33673	2
33675	3
33676	1
33677	1
33678	4
33679	2
33680	1
33681	1
33682	3
33683	1
33684	1
33685	2
33687	2
33689	5
33690	3
33691	3
33692	2
33693	5
33694	3
33695	2
33696	2
33697	3
33698	3
33699	1
33700	1
33702	2
33703	2
33704	2
33706	2
33707	2
33708	3
33710	4
33711	3
33712	1
33713	2
33714	2
33715	2
33716	2
33717	2
33718	4
33719	4
33720	3
33721	3
33722	1
33723	1
33724	1
33726	2
33727	2
33728	3
33729	1
33730	2
33731	1
33733	1
33734	4
33735	2
33736	2
33737	4
33738	2
33739	4
33740	4
33741	2
33742	1
33743	3
33744	2
33745	1
33746	4
33747	2
33748	1
33749	1
33750	1
33751	1
33752	6
33754	2
33755	1
33756	4
33757	2
33759	4
33760	2
33761	1
33762	2
33763	2
33764	2
33765	4
33766	4
33767	1
33768	4
33769	2
33770	4
33771	4
33772	1
33773	3
33774	2
33775	4
33776	3
33777	1
33778	3
33779	2
33780	1
33781	4
33782	3
33783	2
33784	3
33785	4
33786	1
33788	1
33789	4
33790	2
33791	2
33792	1
33793	1
33794	3
33795	2
33796	2
33797	3
33798	1
33799	2
33800	2
33801	1
33802	1
33804	1
33805	2
33806	4
33808	1
33809	2
33810	2
33811	2
33812	2
33813	5
33814	1
33815	1
33816	2
33817	1
33818	3
33819	1
33820	1
33822	1
33823	4
33824	2
33825	4
33826	8
33827	3
33828	1
33829	1
33830	2
33832	1
33833	4
33834	2
33835	2
33836	3
33837	4
33839	2
33840	1
33842	1
33843	2
33844	3
33845	4
33846	2
33847	2
33849	4
33850	3
33851	2
33852	5
33853	6
33854	2
33856	1
33857	2
33858	1
33859	2
33862	1
33863	2
33864	2
33865	3
33866	3
33867	3
33868	3
33869	2
33870	3
33871	1
33872	3
33873	5
33874	2
33875	2
33876	5
33877	2
33878	4
33879	3
33880	4
33881	3
33882	7
33883	6
33884	4
33885	2
33886	4
33887	3
33888	3
33889	1
33891	4
33892	2
33893	1
33894	2
33895	5
33896	3
33897	3
33898	1
33899	3
33900	1
33901	3
33902	2
33903	1
33904	4
33905	5
33906	1
33907	1
33908	2
33909	2
33910	3
33911	2
33912	3
33913	4
33914	4
33915	1
33916	4
33918	3
33919	2
33920	1
33923	5
33924	2
33925	2
33926	2
33927	3
33928	1
33929	2
33930	2
33931	2
33932	5
33933	3
33934	3
33935	2
33936	1
33937	1
33938	1
33939	2
33941	2
33942	1
33944	3
33945	4
33946	3
33947	3
33948	1
33949	2
33950	6
33951	5
33952	4
33953	3
33954	1
33955	3
33956	3
33957	2
33958	2
33959	1
33960	1
33961	2
33962	3
33963	1
33964	7
33965	1
33966	3
33967	2
33968	2
33969	2
33970	5
33971	1
33972	4
33973	4
33974	1
33975	3
33976	4
33977	2
33978	1
33979	1
33981	3
33982	1
33983	3
33984	2
33985	1
33986	2
33987	2
33988	1
33989	1
33990	2
33991	2
33992	2
33993	2
33994	1
33995	3
33996	1
33997	1
33998	2
33999	1
34001	4
34002	2
34003	1
34004	2
34005	3
34006	2
34007	3
34008	2
34009	1
34010	3
34011	1
34012	1
34013	1
34014	1
34015	1
34017	2
34018	3
34019	2
34020	3
34021	1
34022	4
34024	1
34025	3
34026	2
34027	3
34028	2
34029	2
34030	3
34031	1
34032	4
34033	2
34034	2
34035	3
34037	2
34038	5
34039	3
34040	5
34041	5
34042	2
34043	3
34044	3
34045	1
34046	2
34047	3
34048	4
34049	2
34050	2
34051	3
34053	1
34054	3
34055	1
34056	2
34057	5
34059	5
34060	3
34061	3
34062	3
34063	1
34064	5
34065	2
34066	3
34067	1
34068	4
34069	1
34070	4
34072	3
34073	5
34075	1
34076	2
34077	4
34078	2
34079	1
34080	1
34081	2
34082	2
34084	3
34085	1
34086	2
34087	1
34088	2
34089	3
34090	1
34091	1
34092	1
34093	2
34094	2
34095	3
34096	3
34097	6
34099	3
34100	1
34101	3
34102	2
34103	1
34104	4
34105	1
34106	2
34107	2
34109	4
34110	1
34111	4
34112	4
34114	3
34115	4
34116	2
34117	2
34118	1
34119	9
34120	3
34121	2
34122	1
34123	1
34124	6
34125	2
34126	4
34127	5
34128	3
34129	1
34130	3
34131	4
34132	1
34133	1
34135	4
34136	2
34137	2
34138	3
34139	3
34140	1
34141	1
34142	1
34143	1
34144	1
34145	1
34146	1
34147	1
34149	3
34150	4
34151	1
34154	2
34155	1
34156	4
34157	1
34158	4
34159	4
34161	2
34162	2
34163	3
34164	2
34165	2
34166	3
34167	2
34168	1
34169	3
34170	2
34171	3
34172	1
34174	3
34175	4
34176	1
34177	3
34178	2
34179	1
34180	4
34181	3
34182	1
34184	2
34185	1
34186	2
34187	2
34188	1
34189	3
34190	3
34191	3
34192	1
34193	4
34194	1
34195	4
34196	1
34197	4
34198	2
34199	2
34200	5
34201	1
34202	3
34203	1
34204	1
34205	3
34206	2
34207	1
34208	2
34209	3
34210	5
34211	3
34212	3
34213	6
34214	4
34215	2
34216	1
34217	1
34218	1
34219	2
34220	1
34221	3
34222	4
34223	3
34224	2
34225	2
34227	4
34228	4
34230	2
34231	4
34232	2
34234	1
34235	2
34236	4
34237	1
34238	3
34239	7
34240	3
34241	2
34242	2
34243	2
34244	1
34245	3
34246	1
34247	1
34248	1
34249	4
34250	1
34251	4
34252	4
34253	1
34254	5
34255	3
34256	1
34257	3
34258	4
34259	1
34260	5
34261	1
34262	3
34263	2
34264	5
34265	1
34266	3
34267	3
34268	4
34269	1
34270	3
34271	2
34272	4
34273	1
34275	2
34276	2
34277	3
34279	1
34280	4
34281	6
34283	1
34284	3
34285	2
34286	4
34287	2
34289	1
34290	2
34291	1
34292	2
34293	3
34294	2
34295	3
34296	4
34297	4
34298	4
34299	3
34300	3
34302	6
34303	3
34304	5
34305	6
34306	1
34307	2
34312	2
34313	1
34314	4
34315	3
34316	1
34317	2
34318	3
34319	4
34320	2
34321	3
34322	2
34323	2
34325	3
34326	1
34327	1
34328	2
34329	1
34330	2
34331	2
34332	1
34333	1
34335	1
34336	3
34337	2
34338	2
34339	6
34340	2
34341	2
34342	1
34343	2
34344	4
34345	1
34346	2
34347	1
34348	6
34349	2
34350	2
34351	2
34352	1
34353	1
34354	5
34355	2
34356	1
34358	5
34359	2
34360	1
34361	3
34362	3
34363	3
34364	3
34365	2
34366	2
34367	2
34368	1
34369	1
34370	3
34372	4
34373	1
34374	1
34375	1
34376	2
34377	1
34378	5
34379	2
34380	2
34381	3
34382	3
34383	3
34384	2
34385	1
34386	3
34387	1
34388	2
34389	3
34390	2
34391	2
34392	2
34393	5
34394	2
34395	1
34396	2
34397	4
34398	1
34399	1
34400	1
34401	1
34402	3
34403	3
34404	1
34405	3
34406	2
34407	1
34408	4
34409	1
34410	1
34411	1
34412	1
34413	2
34414	1
34416	2
34419	2
34420	1
34422	1
34423	3
34424	3
34425	3
34426	2
34427	1
34428	2
34429	2
34431	4
34432	3
34433	2
34434	1
34435	1
34436	1
34437	4
34438	1
34439	1
34440	2
34441	2
34442	1
34443	1
34444	3
34445	3
34446	2
34447	1
34448	2
34449	2
34450	2
34451	3
34453	1
34454	3
34455	6
34456	1
34457	4
34460	3
34461	1
34462	3
34463	1
34464	2
34465	1
34466	4
34467	4
34468	1
34470	4
34472	2
34473	2
34474	3
34475	3
34476	7
34477	2
34478	3
34479	2
34480	3
34481	2
34482	1
34483	6
34484	1
34485	2
34486	1
34487	3
34488	1
34490	2
34491	3
34492	1
34494	1
34495	5
34496	5
34497	2
34498	1
34499	5
34500	4
34501	3
34502	4
34503	4
34504	3
34505	4
34506	1
34507	3
34508	1
34509	2
34510	1
34511	2
34512	2
34513	3
34514	4
34515	2
34516	1
34517	4
34518	2
34519	2
34520	4
34521	2
34522	3
34526	1
34528	1
34529	2
34530	4
34531	8
34532	2
34533	2
34534	2
34535	2
34537	2
34538	3
34539	2
34540	3
34541	2
34542	3
34543	1
34544	4
34545	3
34546	3
34547	3
34548	2
34549	2
34550	2
34552	2
34553	2
34554	2
34555	1
34556	2
34557	2
34558	2
34559	2
34560	3
34562	5
34564	1
34565	2
34566	2
34568	5
34569	1
34570	2
34571	3
34572	2
34573	5
34574	2
34575	4
34576	4
34577	3
34578	3
34579	1
34580	3
34581	1
34583	3
34584	1
34586	2
34587	1
34588	4
34589	3
34590	2
34591	2
34592	1
34593	1
34594	5
34595	2
34596	1
34597	1
34599	1
34600	3
34602	7
34603	5
34604	2
34605	2
34606	1
34607	1
34608	4
34609	3
34611	1
34612	1
34613	4
34614	1
34615	4
34616	3
34617	1
34618	4
34619	3
34620	4
34621	2
34622	3
34624	2
34625	4
34626	1
34627	3
34628	2
34629	3
34630	3
34631	2
34632	3
34633	1
34634	5
34635	5
34636	1
34637	4
34638	1
34639	3
34640	1
34641	2
34643	2
34644	1
34645	4
34647	1
34648	3
34649	5
34650	4
34651	1
34652	4
34653	4
34654	3
34655	1
34656	2
34657	2
34658	1
34660	6
34661	2
34662	2
34663	5
34664	1
34665	3
34666	3
34667	1
34668	1
34669	3
34670	3
34672	1
34673	1
34674	6
34675	4
34676	2
34677	1
34678	3
34679	1
34681	2
34682	2
34683	4
34684	1
34686	1
34687	1
34688	2
34690	2
34691	3
34692	2
34693	3
34694	4
34695	1
34696	2
34697	4
34698	2
34700	2
34702	4
34703	4
34704	2
34705	3
34706	1
34707	4
34710	3
34711	2
34712	1
34713	4
34715	3
34716	1
34718	5
34720	3
34721	2
34722	2
34723	3
34724	1
34725	4
34726	1
34727	1
34728	2
34729	3
34730	2
34731	2
34732	3
34733	1
34734	3
34735	3
34736	3
34737	2
34738	2
34739	1
34740	4
34741	1
34742	3
34743	3
34744	1
34745	3
34746	2
34747	5
34748	3
34749	4
34750	2
34751	1
34752	1
34754	3
34755	2
34756	2
34757	1
34758	4
34759	1
34760	5
34761	2
34763	1
34764	4
34765	3
34766	3
34767	4
34768	3
34770	3
34771	4
34772	2
34773	1
34774	4
34775	1
34776	4
34777	1
34778	2
34780	1
34781	5
34782	4
34783	3
34784	1
34785	4
34787	1
34788	2
34789	2
34790	1
34791	4
34792	2
34794	5
34795	2
34796	2
34797	2
34798	4
34799	5
34800	3
34801	1
34802	3
34803	5
34804	3
34805	1
34806	1
34807	3
34808	1
34810	4
34811	4
34812	4
34813	1
34814	3
34815	3
34816	2
34817	5
34818	1
34819	1
34820	1
34821	3
34822	2
34823	4
34824	2
34825	4
34826	1
34827	2
34829	1
34830	1
34832	2
34833	4
34834	3
34835	3
34836	2
34837	3
34838	3
34839	2
34840	1
34841	2
34843	3
34844	1
34845	2
34846	3
34847	3
34848	2
34849	2
34851	1
34852	2
34855	2
34856	3
34857	2
34858	2
34859	2
34860	5
34861	1
34862	1
34863	3
34864	1
34865	3
34866	3
34867	1
34868	1
34869	1
34870	2
34871	4
34872	1
34873	2
34874	3
34875	2
34877	5
34878	2
34879	4
34880	2
34882	3
34883	1
34884	3
34885	1
34886	2
34887	5
34888	3
34889	3
34890	1
34891	4
34892	1
34893	1
34894	5
34895	5
34896	3
34897	3
34898	1
34900	2
34901	1
34902	2
34903	1
34904	4
34905	4
34906	3
34907	1
34908	2
34909	2
34910	3
34911	6
34914	2
34915	4
34917	2
34918	1
34919	2
34920	3
34921	2
34922	4
34923	2
34924	6
34925	3
34926	1
34927	4
34928	1
34929	1
34930	1
34931	2
34932	4
34933	2
34935	1
34936	1
34938	1
34939	4
34941	5
34942	3
34943	2
34944	3
34945	2
34946	3
34947	1
34948	3
34949	2
34950	3
34951	2
34952	2
34953	2
34954	6
34956	1
34958	2
34959	2
34960	2
34961	2
34962	3
34963	2
34964	2
34965	1
34966	1
34967	1
34968	6
34970	1
34971	4
34972	1
34973	1
34974	2
34975	3
34976	4
34977	1
34978	8
34979	1
34980	1
34981	3
34982	7
34983	4
34984	5
34985	5
34986	3
34987	1
34988	1
34989	1
34990	6
34991	1
34992	1
34993	3
34994	1
34996	1
34997	1
34998	3
34999	3
35001	4
35002	3
35003	2
35004	2
35005	1
35006	4
35007	4
35008	2
35009	2
35010	1
35011	1
35013	1
35014	2
35015	6
35016	2
35017	4
35018	4
35019	2
35020	4
35021	1
35022	3
35023	4
35025	4
35026	3
35027	1
35028	2
35029	3
35030	1
35031	5
35032	3
35033	2
35034	2
35035	1
35036	1
35037	2
35039	2
35041	4
35042	1
35043	1
35044	3
35045	3
35046	7
35047	2
35048	3
35049	2
35050	3
35051	2
35053	4
35054	5
35055	1
35056	7
35057	3
35058	4
35059	2
35060	4
35061	1
35062	3
35065	4
35066	2
35067	4
35068	3
35069	3
35070	1
35071	3
35072	2
35073	1
35074	3
35076	1
35077	3
35078	4
35079	3
35080	3
35081	2
35082	3
35083	6
35084	4
35085	4
35086	3
35087	3
35088	2
35091	2
35093	1
35094	1
35095	1
35096	2
35097	1
35098	5
35101	4
35102	2
35105	2
35107	2
35108	1
35109	4
35111	3
35112	5
35113	3
35114	1
35115	1
35116	3
35117	1
35118	3
35119	1
35120	1
35121	1
35122	4
35123	3
35124	2
35125	2
35126	3
35127	3
35128	4
35129	3
35130	3
35131	3
35132	1
35133	2
35134	4
35135	4
35136	1
35137	1
35138	1
35139	2
35140	3
35141	1
35142	2
35144	2
35145	2
35146	2
35147	4
35148	1
35149	2
35150	4
35151	2
35152	4
35153	1
35155	3
35156	3
35157	3
35158	5
35159	1
35161	2
35162	1
35163	2
35164	3
35165	4
35166	2
35167	2
35168	3
35169	4
35170	3
35171	2
35172	4
35173	2
35174	1
35175	5
35176	2
35177	2
35179	3
35181	3
35182	6
35183	1
35185	1
35186	1
35188	3
35190	2
35192	2
35193	4
35194	1
35195	4
35196	1
35197	1
35198	2
35200	2
35201	3
35202	2
35203	1
35204	3
35206	2
35207	4
35208	3
35209	2
35210	1
35211	1
35212	1
35213	2
35214	3
35215	3
35216	2
35218	5
35219	4
35220	3
35221	1
35222	3
35223	2
35224	4
35225	3
35226	1
35227	1
35228	3
35229	4
35230	2
35232	1
35233	3
35235	2
35236	1
35238	5
35239	2
35241	3
35242	1
35243	3
35244	1
35245	3
35246	2
35248	5
35249	1
35250	2
35252	2
35255	3
35256	2
35257	3
35258	5
35259	1
35261	2
35262	1
35263	3
35265	2
35266	2
35267	6
35269	4
35270	1
35271	3
35273	3
35274	4
35276	2
35277	3
35278	4
35279	2
35280	3
35281	4
35282	2
35283	4
35284	2
35285	1
35287	1
35288	1
35289	1
35290	4
35291	4
35293	1
35294	3
35295	2
35296	3
35297	5
35298	3
35299	8
35300	2
35301	4
35302	2
35303	3
35304	1
35305	1
35306	4
35307	2
35308	2
35310	4
35311	1
35312	1
35313	1
35314	3
35315	1
35316	1
35318	1
35319	1
35320	2
35321	1
35322	4
35323	5
35324	4
35325	2
35326	1
35327	2
35328	1
35329	4
35330	1
35331	1
35332	4
35333	4
35334	1
35335	2
35336	2
35337	2
35339	2
35340	5
35341	2
35342	2
35343	3
35344	1
35345	3
35347	3
35348	5
35349	1
35350	3
35351	2
35352	2
35353	1
35354	3
35355	3
35356	1
35357	2
35358	2
35359	1
35360	1
35361	4
35362	3
35363	3
35364	4
35365	4
35366	7
35367	2
35368	1
35369	2
35370	2
35371	5
35372	3
35373	3
35374	2
35375	4
35376	2
35377	1
35378	2
35379	1
35380	1
35382	1
35383	2
35384	3
35385	3
35386	3
35387	4
35388	3
35389	3
35390	6
35391	2
35392	2
35393	2
35394	1
35395	6
35396	2
35397	5
35398	2
35399	1
35401	1
35402	2
35403	1
35404	1
35405	3
35406	3
35407	2
35408	3
35409	1
35410	1
35412	1
35413	2
35414	2
35415	1
35416	1
35417	2
35418	1
35419	4
35420	7
35421	3
35422	3
35424	2
35425	1
35426	1
35427	3
35429	2
35430	1
35431	1
35432	2
35433	4
35434	3
35435	5
35436	7
35437	2
35438	3
35439	1
35440	3
35441	1
35442	1
35443	5
35444	6
35445	2
35446	1
35447	2
35448	3
35449	1
35450	1
35451	3
35452	1
35453	2
35454	1
35455	3
35456	5
35457	3
35458	2
35460	2
35461	2
35462	1
35463	1
35464	4
35465	4
35466	3
35467	2
35468	1
35469	3
35470	1
35472	4
35473	1
35474	2
35475	1
35476	3
35477	5
35479	1
35480	1
35481	1
35482	2
35483	3
35484	3
35485	1
35486	2
35487	1
35488	3
35489	3
35490	5
35491	2
35492	3
35493	3
35494	1
35495	2
35496	1
35497	2
35498	4
35499	1
35500	1
35501	1
35502	2
35504	2
35505	5
35507	2
35508	2
35509	1
35510	4
35511	2
35512	1
35513	3
35515	3
35516	2
35517	4
35518	2
35519	5
35520	3
35521	6
35522	1
35523	1
35524	5
35525	5
35526	2
35527	2
35528	3
35530	2
35531	2
35532	3
35533	1
35534	2
35536	2
35537	2
35538	2
35539	1
35540	3
35541	1
35542	1
35543	1
35544	3
35545	2
35547	5
35548	1
35549	4
35550	2
35551	2
35552	2
35553	1
35554	1
35555	2
35556	4
35557	1
35558	3
35559	2
35560	3
35561	1
35564	2
35565	1
35566	4
35567	3
35569	2
35570	1
35571	2
35573	2
35574	1
35577	2
35578	2
35579	4
35581	1
35582	2
35583	3
35584	3
35585	4
35586	4
35587	2
35588	2
35589	3
35590	2
35591	3
35592	2
35593	2
35594	3
35596	3
35597	2
35598	2
35599	1
35600	2
35601	3
35602	5
35603	3
35604	3
35605	2
35606	2
35607	2
35608	3
35609	3
35611	7
35612	2
35614	3
35615	2
35616	1
35617	1
35618	3
35619	2
35620	4
35621	5
35622	3
35623	2
35624	2
35625	1
35626	3
35627	3
35628	1
35629	3
35630	2
35631	3
35633	3
35634	2
35636	1
35637	3
35638	1
35639	3
35640	5
35641	3
35642	4
35643	1
35644	3
35645	3
35646	2
35647	3
35648	3
35649	3
35650	2
35651	1
35653	2
35654	1
35655	2
35657	4
35658	2
35659	2
35660	1
35662	1
35663	3
35665	1
35666	3
35667	1
35669	3
35670	5
35671	3
35672	1
35673	5
35674	1
35675	2
35676	1
35678	2
35679	1
35680	4
35681	4
35682	2
35683	3
35684	2
35687	1
35688	5
35689	2
35691	3
35692	4
35693	3
35694	4
35695	5
35696	2
35699	3
35700	2
35701	2
35703	3
35704	6
35705	3
35706	2
35707	2
35708	2
35709	3
35710	3
35711	2
35712	4
35714	1
35715	1
35716	3
35717	4
35718	5
35719	3
35720	1
35721	4
35722	5
35723	3
35724	4
35725	1
35726	3
35727	3
35728	2
35729	1
35730	1
35731	2
35732	1
35733	2
35734	2
35735	4
35736	1
35737	1
35738	2
35739	4
35740	1
35741	2
35742	1
35743	4
35744	1
35747	3
35749	5
35750	2
35751	3
35752	2
35753	1
35754	4
35755	2
35756	1
35757	1
35758	3
35759	2
35760	1
35761	4
35762	3
35763	3
35765	3
35766	2
35767	5
35768	3
35769	3
35770	3
35771	4
35772	1
35773	4
35774	7
35775	2
35776	4
35777	1
35778	4
35779	1
35780	4
35781	4
35782	3
35783	2
35784	2
35785	2
35786	1
35787	2
35789	2
35790	7
35791	1
35792	6
35793	3
35794	3
35795	2
35796	5
35797	3
35798	2
35799	3
35801	1
35802	1
35803	1
35804	1
35805	6
35806	1
35807	2
35808	3
35809	2
35810	3
35812	2
35813	2
35814	3
35815	1
35816	2
35817	3
35818	2
35819	4
35820	4
35821	1
35822	2
35823	2
35825	4
35826	1
35827	1
35828	5
35829	2
35830	1
35831	3
35832	2
35833	2
35834	3
35835	2
35836	4
35837	1
35838	3
35839	2
35840	4
35842	2
35843	7
35844	2
35845	4
35847	1
35848	3
35849	1
35850	2
35851	5
35852	3
35853	5
35856	3
35857	4
35858	3
35859	1
35860	4
35861	2
35863	2
35864	3
35865	2
35866	3
35867	2
35868	3
35869	1
35870	5
35871	2
35872	1
35874	2
35875	1
35876	1
35877	2
35879	1
35880	2
35881	3
35882	2
35884	4
35885	1
35886	5
35887	4
35888	1
35889	2
35890	3
35891	1
35892	2
35893	4
35894	3
35895	4
35896	1
35897	1
35898	1
35899	3
35901	1
35902	2
35903	2
35904	1
35905	1
35906	1
35908	2
35909	3
35910	4
35912	3
35913	1
35914	2
35916	4
35917	1
35918	3
35920	4
35921	4
35923	4
35924	1
35925	2
35926	1
35927	1
35929	2
35930	1
35931	3
35932	1
35934	4
35935	2
35936	1
35937	2
35938	3
35940	1
35941	2
35942	2
35943	5
35944	2
35945	3
35948	2
35949	2
35950	3
35951	2
35952	1
35953	4
35954	2
35955	3
35956	1
35958	1
35959	6
35960	3
35961	1
35962	3
35964	4
35965	6
35966	5
35967	2
35968	5
35969	4
35970	1
35971	3
35972	5
35973	1
35974	1
35975	2
35976	2
35977	1
35978	2
35979	2
35980	3
35981	1
35982	1
35983	2
35984	5
35985	2
35986	4
35987	3
35988	5
35989	2
35990	3
35991	6
35992	3
35993	1
35994	1
35995	2
35996	1
35997	3
35999	4
36000	1
36001	3
36002	3
36003	3
36004	3
36005	4
36006	2
36007	3
36008	1
36009	2
36010	3
36011	3
36012	2
36013	2
36014	2
36015	5
36016	3
36017	1
36018	3
36019	1
36020	2
36021	5
36022	1
36023	5
36024	3
36026	3
36027	2
36028	4
36029	2
36030	3
36032	3
36033	1
36034	1
36035	2
36036	1
36037	1
36039	3
36040	4
36041	4
36042	4
36043	2
36044	2
36045	3
36046	1
36047	2
36048	1
36049	3
36050	3
36051	5
36052	2
36053	1
36054	2
36055	3
36056	2
36057	2
36059	4
36061	2
36062	2
36063	4
36065	2
36066	3
36067	1
36068	1
36069	3
36070	2
36071	1
36072	3
36073	2
36074	1
36075	2
36076	1
36077	1
36078	1
36079	1
36080	2
36081	3
36082	2
36083	4
36084	2
36085	3
36086	3
36087	3
36088	2
36089	2
36090	1
36091	2
36092	4
36093	2
36095	2
36096	2
36097	5
36098	2
36099	4
36100	1
36101	3
36102	3
36103	1
36104	1
36105	4
36106	3
36107	1
36108	2
36109	2
36110	1
36111	3
36112	4
36113	2
36114	3
36115	4
36117	4
36118	4
36119	1
36120	2
36121	2
36122	3
36123	3
36124	5
36125	3
36126	1
36128	1
36129	4
36130	3
36131	1
36132	3
36133	1
36134	4
36135	1
36136	3
36137	3
36138	1
36139	3
36140	3
36141	3
36142	4
36143	3
36144	3
36146	5
36147	2
36148	1
36149	3
36150	2
36151	1
36152	3
36153	1
36154	3
36155	3
36156	1
36157	1
36158	3
36160	2
36161	3
36162	3
36163	2
36165	3
36166	5
36167	1
36168	3
36169	3
36170	3
36171	5
36172	1
36173	2
36174	3
36176	2
36177	8
36178	3
36179	4
36180	3
36181	2
36182	2
36184	3
36185	5
36186	3
36187	3
36188	2
36190	3
36191	1
36195	1
36197	1
36198	2
36199	1
36200	2
36201	2
36202	1
36204	4
36205	1
36206	2
36207	3
36208	3
36209	1
36210	1
36211	3
36212	1
36213	4
36214	3
36215	2
36216	3
36217	3
36218	2
36219	1
36220	4
36222	2
36223	1
36224	2
36225	2
36226	1
36227	1
36228	2
36229	2
36231	1
36232	1
36233	3
36235	5
36236	1
36237	2
36238	2
36239	3
36240	1
36241	6
36242	3
36245	3
36246	2
36247	1
36248	4
36249	2
36250	2
36251	2
36252	1
36253	4
36254	2
36255	2
36256	1
36257	5
36258	2
36259	3
36260	3
36261	1
36262	1
36264	5
36265	3
36266	2
36267	4
36268	1
36269	5
36270	1
36271	4
36272	4
36273	1
36275	1
36276	3
36277	1
36278	1
36279	3
36281	4
36282	3
36283	2
36285	3
36286	3
36287	4
36288	2
36289	1
36290	2
36291	1
36292	7
36293	2
36294	2
36295	2
36296	4
36297	1
36299	1
36300	1
36301	1
36302	2
36304	2
36307	1
36308	1
36309	5
36310	1
36312	1
36313	2
36314	2
36315	2
36316	2
36317	5
36318	1
36319	2
36321	2
36323	1
36324	3
36325	1
36326	1
36327	3
36328	1
36329	4
36330	2
36332	5
36333	2
36334	3
36335	2
36336	6
36337	2
36338	2
36340	1
36342	3
36343	3
36344	2
36345	5
36346	1
36347	1
36348	3
36349	1
36350	2
36351	3
36353	5
36354	3
36355	2
36356	1
36357	1
36358	1
36359	2
36361	3
36362	5
36363	3
36364	4
36366	2
36367	5
36368	4
36369	2
36370	5
36371	3
36373	3
36374	2
36375	2
36376	1
36377	1
36378	3
36379	4
36380	3
36381	3
36382	3
36383	2
36384	2
36385	1
36387	2
36388	1
36389	4
36390	3
36391	3
36392	3
36393	6
36394	1
36395	2
36396	2
36397	1
36398	1
36399	2
36400	3
36401	1
36402	7
36403	6
36404	3
36405	1
36406	2
36407	1
36408	1
36409	2
36410	3
36411	2
36412	5
36413	2
36414	1
36415	4
36416	1
36417	2
36418	1
36419	2
36420	2
36421	3
36422	3
36423	2
36424	2
36426	1
36427	2
36428	1
36429	3
36430	6
36431	4
36432	4
36433	2
36435	3
36436	1
36437	1
36438	1
36439	3
36442	4
36443	1
36444	2
36445	3
36446	2
36447	3
36448	5
36449	4
36450	3
36451	3
36453	1
36454	1
36455	2
36456	2
36457	2
36458	1
36459	3
36460	1
36461	2
36462	1
36464	3
36465	2
36466	5
36467	1
36468	1
36469	2
36470	5
36471	2
36472	3
36473	1
36474	2
36475	3
36476	1
36477	3
36478	2
36479	3
36480	2
36481	1
36482	2
36483	2
36484	4
36485	3
36486	2
36487	1
36488	1
36489	3
36490	1
36491	2
36492	2
36493	3
36494	1
36495	1
36496	3
36497	1
36498	1
36499	2
36500	1
36501	1
36502	1
36503	1
36504	3
36505	4
36506	3
36507	2
36508	3
36509	1
36510	2
36511	2
36512	1
36513	1
36514	3
36515	4
36516	1
36517	2
36518	1
36519	3
36520	1
36521	3
36522	4
36523	2
36525	1
36526	1
36527	1
36528	2
36529	2
36530	1
36531	2
36533	2
36534	7
36535	4
36536	3
36537	1
36538	2
36539	1
36540	3
36542	5
36543	1
36544	5
36545	3
36546	1
36547	1
36549	1
36550	1
36551	2
36552	7
36553	3
36554	4
36555	2
36556	4
36557	3
36558	6
36559	1
36560	3
36561	1
36562	2
36563	3
36564	3
36565	4
36566	2
36567	2
36568	1
36569	2
36570	3
36572	5
36573	1
36574	3
36575	4
36576	4
36577	4
36579	2
36580	1
36581	2
36582	2
36583	4
36584	1
36585	1
36586	2
36587	2
36588	5
36589	3
36590	4
36591	4
36592	1
36593	2
36594	5
36595	2
36596	4
36598	2
36599	5
36601	1
36602	5
36603	2
36604	2
36606	2
36607	1
36608	1
36609	1
36610	3
36611	1
36612	3
36613	1
36614	6
36615	5
36616	3
36617	3
36618	3
36619	3
36620	2
36621	2
36622	2
36623	3
36624	2
36625	3
36626	3
36627	2
36628	4
36629	2
36630	3
36631	5
36632	3
36633	5
36634	4
36635	1
36636	2
36637	2
36638	1
36639	2
36640	3
36641	3
36642	1
36643	2
36644	4
36645	1
36646	3
36647	4
36648	3
36650	2
36651	2
36652	2
36653	1
36654	1
36655	3
36656	4
36657	2
36658	2
36659	2
36660	3
36661	1
36662	1
36663	5
36664	2
36666	2
36667	3
36668	3
36669	2
36670	3
36671	5
36673	2
36674	2
36675	1
36676	5
36677	2
36678	3
36679	2
36680	3
36681	3
36682	5
36683	2
36684	5
36685	6
36686	1
36687	2
36688	4
36689	1
36690	1
36691	2
36692	4
36693	2
36694	3
36695	1
36696	3
36697	1
36698	3
36699	1
36700	5
36701	4
36705	3
36706	1
36707	2
36708	2
36709	1
36710	2
36711	4
36712	8
36713	2
36714	1
36715	2
36716	6
36717	7
36718	4
36719	2
36721	2
36722	2
36724	2
36725	3
36726	3
36727	3
36728	1
36730	2
36731	1
36732	1
36733	4
36734	2
36735	1
36736	3
36737	2
36738	3
36739	3
36740	4
36741	1
36742	4
36743	1
36744	3
36745	2
36746	2
36748	4
36749	3
36750	1
36751	4
36752	3
36753	3
36754	2
36755	4
36756	3
36757	2
36758	1
36759	5
36760	3
36761	2
36763	1
36764	1
36765	4
36768	2
36769	1
36770	3
36771	4
36772	8
36773	2
36774	4
36775	4
36776	1
36777	2
36779	1
36780	3
36781	1
36782	2
36785	2
36786	3
36787	2
36788	2
36789	1
36790	3
36793	5
36794	1
36795	2
36796	3
36797	5
36798	2
36799	4
36800	2
36801	2
36802	1
36803	4
36804	4
36805	2
36806	2
36807	3
36808	4
36809	2
36810	2
36811	2
36812	4
36813	1
36814	4
36815	1
36816	1
36817	3
36819	1
36820	1
36821	5
36822	2
36823	2
36824	6
36825	1
36826	2
36827	1
36828	2
36829	1
36830	1
36831	3
36832	1
36833	7
36834	3
36836	2
36838	1
36839	1
36840	2
36841	1
36842	5
36843	1
36844	3
36845	2
36846	4
36847	4
36848	1
36849	1
36850	2
36851	4
36853	2
36854	6
36855	1
36856	2
36857	2
36858	2
36859	2
36860	6
36861	1
36862	1
36864	3
36866	1
36867	5
36868	3
36870	3
36872	2
36873	1
36874	3
36875	4
36876	3
36877	3
36878	2
36879	1
36880	1
36881	5
36882	4
36883	1
36884	2
36885	4
36886	2
36887	1
36888	5
36889	2
36890	1
36891	2
36892	2
36894	4
36895	2
36896	2
36897	2
36898	3
36900	2
36901	2
36902	2
36903	4
36904	2
36906	2
36907	4
36908	3
36910	2
36911	2
36912	3
36913	2
36914	3
36915	2
36916	2
36917	4
36918	3
36919	1
36920	1
36921	3
36922	3
36923	5
36925	1
36927	1
36928	3
36929	1
36930	1
36931	2
36932	3
36933	1
36934	4
36935	1
36936	5
36937	2
36938	1
36940	2
36941	1
36942	2
36943	3
36944	1
36945	1
36946	2
36947	3
36948	5
36949	1
36950	2
36951	6
36952	2
36953	1
36954	4
36956	4
36957	1
36958	1
36959	3
36960	1
36961	5
36963	3
36964	1
36965	1
36966	3
36967	2
36968	4
36969	2
36970	2
36971	2
36972	5
36973	1
36974	3
36975	6
36976	3
36977	2
36978	3
36979	6
36980	2
36981	1
36982	2
36983	3
36984	3
36985	3
36986	3
36987	2
36988	2
36989	2
36990	1
36991	2
36992	2
36993	1
36994	6
36995	1
36996	3
36998	2
36999	5
37000	3
37001	3
37002	2
37003	3
37005	3
37006	3
37007	2
37008	3
37011	1
37012	4
37013	3
37014	2
37017	4
37018	5
37020	2
37021	2
37022	2
37023	1
37024	2
37025	1
37026	2
37028	2
37029	3
37030	2
37031	2
37032	1
37033	5
37034	2
37035	2
37036	4
37037	3
37038	3
37039	3
37040	3
37041	2
37042	4
37043	2
37044	2
37045	2
37046	1
37047	1
37048	2
37049	6
37050	2
37051	1
37053	2
37054	2
37055	3
37056	1
37057	2
37058	2
37059	1
37060	4
37061	2
37062	1
37063	2
37064	4
37065	2
37066	3
37067	1
37068	2
37069	1
37070	7
37071	2
37072	1
37073	2
37074	3
37075	1
37076	2
37077	4
37078	1
37079	1
37081	3
37082	2
37083	3
37084	3
37085	6
37086	2
37087	5
37088	1
37089	3
37091	1
37093	2
37094	3
37095	2
37096	3
37097	5
37098	2
37099	2
37100	4
37101	4
37102	2
37103	3
37104	4
37105	4
37106	3
37107	2
37108	1
37109	1
37110	3
37113	2
37115	2
37116	2
37117	2
37118	4
37119	1
37120	2
37121	2
37122	7
37125	2
37126	2
37127	2
37129	4
37130	3
37131	1
37132	2
37133	5
37134	2
37135	4
37136	3
37137	4
37138	1
37139	1
37140	1
37141	3
37142	3
37143	3
37144	3
37146	2
37147	2
37148	2
37149	2
37150	1
37151	1
37152	2
37153	3
37154	2
37155	1
37157	2
37159	1
37160	2
37162	3
37163	3
37164	2
37165	1
37168	2
37169	1
37171	4
37172	3
37173	2
37176	4
37177	5
37178	2
37180	2
37181	2
37182	4
37183	3
37184	2
37185	4
37186	1
37187	2
37188	3
37190	1
37191	3
37192	5
37193	4
37194	3
37195	1
37196	3
37197	3
37198	2
37199	4
37200	3
37201	4
37202	2
37204	4
37205	1
37206	5
37207	1
37208	2
37209	2
37210	4
37213	4
37214	3
37215	1
37216	2
37217	3
37218	2
37219	4
37221	2
37222	6
37223	4
37224	2
37225	5
37226	1
37227	1
37228	1
37229	5
37230	1
37231	4
37232	2
37233	2
37234	1
37235	1
37236	1
37237	1
37238	3
37239	3
37241	2
37242	1
37243	2
37244	4
37245	3
37246	1
37247	2
37248	1
37249	1
37250	2
37251	4
37252	3
37253	2
37254	1
37255	3
37256	3
37257	3
37259	2
37261	7
37263	2
37264	1
37265	2
37266	5
37267	4
37269	1
37270	2
37271	1
37272	1
37273	3
37274	3
37276	1
37277	3
37279	1
37281	2
37282	5
37284	1
37285	2
37286	1
37287	1
37288	3
37289	3
37290	1
37291	2
37292	3
37293	3
37295	2
37296	4
37298	3
37299	4
37300	3
37301	2
37302	2
37303	1
37305	2
37306	3
37307	1
37308	5
37309	3
37310	3
37311	1
37312	3
37313	1
37314	5
37315	1
37316	1
37317	1
37318	1
37319	5
37320	1
37321	2
37322	2
37323	4
37325	2
37326	1
37327	2
37328	2
37329	1
37331	4
37332	1
37333	1
37334	1
37335	6
37337	4
37338	1
37339	2
37340	5
37341	3
37342	4
37344	2
37345	2
37346	2
37347	4
37348	2
37349	3
37350	2
37351	4
37352	1
37353	1
37354	1
37355	2
37356	1
37357	1
37358	3
37359	3
37360	1
37361	1
37362	2
37363	5
37364	1
37365	2
37366	2
37368	2
37369	2
37370	2
37371	2
37372	1
37373	2
37374	1
37375	4
37376	2
37377	3
37378	2
37381	2
37382	1
37383	2
37385	1
37386	2
37387	5
37389	3
37391	2
37392	5
37393	2
37394	1
37395	4
37396	2
37398	4
37399	4
37400	4
37401	2
37402	2
37403	2
37404	3
37405	1
37406	3
37407	2
37408	1
37409	4
37411	4
37412	3
37413	1
37414	1
37415	4
37416	4
37417	1
37418	2
37419	1
37422	4
37423	4
37425	3
37426	1
37427	3
37428	1
37429	2
37430	2
37431	1
37432	4
37433	2
37434	3
37435	1
37436	4
37437	3
37438	4
37439	4
37440	1
37441	2
37442	3
37443	1
37444	1
37447	4
37448	3
37449	3
37450	3
37451	4
37452	2
37453	1
37455	4
37456	4
37457	1
37458	1
37459	1
37460	2
37461	1
37462	2
37463	5
37464	4
37465	3
37466	1
37467	4
37468	2
37469	1
37470	5
37471	1
37472	2
37475	1
37476	2
37477	1
37478	5
37479	2
37480	3
37482	4
37483	3
37484	3
37485	2
37486	1
37487	2
37488	1
37490	2
37491	2
37492	2
37493	4
37495	3
37496	2
37497	3
37499	1
37500	1
37501	1
37502	3
37503	3
37504	3
37505	4
37506	3
37507	3
37508	2
37509	5
37510	1
37511	2
37512	2
37514	3
37516	2
37517	1
37518	3
37519	1
37520	3
37521	1
37522	2
37523	5
37524	1
37526	1
37527	2
37528	2
37530	2
37531	4
37532	2
37533	2
37534	3
37536	1
37537	4
37538	2
37540	2
37541	2
37542	4
37543	1
37545	3
37546	2
37547	3
37548	3
37549	1
37552	3
37553	3
37554	3
37556	2
37557	4
37558	2
37559	2
37560	2
37561	3
37562	1
37563	2
37564	1
37565	1
37566	1
37567	2
37568	3
37569	1
37570	2
37571	4
37572	2
37573	2
37574	2
37576	5
37578	4
37579	3
37580	3
37581	4
37582	6
37583	5
37584	1
37585	4
37586	3
37587	4
37588	3
37589	2
37590	2
37591	4
37592	2
37593	3
37594	3
37595	2
37596	1
37597	2
37598	3
37599	2
37600	1
37601	4
37602	3
37603	4
37604	6
37605	1
37606	5
37607	2
37608	3
37609	1
37610	2
37611	5
37612	1
37613	5
37614	2
37615	5
37616	1
37617	1
37618	3
37619	3
37620	1
37622	2
37623	2
37624	4
37625	2
37626	1
37627	3
37628	3
37629	1
37631	6
37632	1
37633	2
37634	2
37635	4
37636	5
37637	2
37638	2
37639	1
37640	4
37641	3
37642	3
37643	2
37644	1
37645	4
37646	1
37647	2
37648	5
37649	4
37651	3
37652	1
37653	4
37654	3
37655	2
37656	2
37657	1
37658	1
37659	3
37660	2
37661	4
37662	3
37664	1
37667	2
37668	3
37669	4
37670	4
37671	8
37672	1
37673	2
37674	1
37675	2
37676	1
37677	1
37678	2
37679	2
37680	5
37681	2
37682	1
37683	1
37684	3
37685	1
37686	2
37687	3
37688	2
37689	4
37690	5
37691	3
37692	1
37693	1
37694	2
37695	1
37696	1
37697	1
37698	1
37699	3
37700	2
37701	1
37702	2
37703	3
37704	6
37706	4
37707	1
37708	1
37709	2
37710	2
37711	3
37713	4
37714	3
37715	5
37716	1
37717	2
37718	2
37719	3
37721	1
37722	2
37723	2
37724	2
37725	3
37726	3
37728	3
37729	4
37730	3
37731	1
37732	2
37733	2
37734	1
37735	2
37736	1
37737	3
37738	3
37740	2
37741	2
37742	1
37743	3
37744	3
37745	1
37746	1
37747	2
37748	3
37749	3
37750	2
37751	2
37752	2
37753	3
37754	1
37755	3
37756	2
37757	3
37759	3
37760	1
37761	3
37762	2
37763	3
37764	1
37765	3
37766	1
37767	1
37768	3
37769	2
37770	3
37771	4
37772	1
37773	3
37774	3
37775	2
37776	3
37778	4
37779	5
37780	1
37781	3
37782	2
37783	1
37784	2
37785	3
37786	2
37787	1
37788	3
37789	3
37790	4
37791	1
37792	4
37793	3
37794	4
37796	1
37797	2
37798	2
37799	4
37800	1
37801	1
37802	3
37803	1
37804	3
37805	1
37806	1
37807	4
37808	1
37809	4
37810	3
37811	3
37812	5
37813	2
37814	1
37815	4
37816	6
37817	2
37818	1
37819	1
37821	1
37822	1
37823	2
37824	1
37825	2
37826	4
37827	2
37828	1
37829	1
37830	2
37832	3
37833	3
37834	2
37835	3
37836	3
37837	5
37838	5
37839	2
37840	3
37841	5
37842	1
37843	2
37844	3
37846	3
37847	4
37848	1
37849	2
37850	3
37851	2
37852	2
37853	1
37854	2
37855	2
37856	4
37857	2
37858	1
37859	5
37860	2
37861	4
37863	2
37864	2
37865	3
37866	2
37867	2
37868	3
37870	4
37871	3
37872	4
37873	4
37874	1
37875	2
37876	2
37877	1
37878	1
37879	4
37880	3
37882	1
37884	3
37885	5
37886	2
37888	3
37890	1
37891	1
37892	4
37893	2
37894	3
37895	2
37896	2
37897	2
37899	1
37900	1
37901	3
37902	4
37904	2
37905	2
37906	2
37907	2
37908	3
37910	3
37912	3
37913	3
37914	2
37915	2
37916	5
37917	4
37918	3
37919	4
37920	2
37924	2
37925	2
37926	1
37927	3
37929	1
37930	2
37931	5
37932	3
37933	2
37934	2
37936	2
37937	3
37938	1
37939	2
37940	2
37942	3
37943	3
37944	5
37945	2
37947	2
37949	3
37950	3
37951	4
37953	3
37956	3
37958	2
37959	2
37960	3
37961	4
37962	1
37963	1
37964	2
37965	3
37966	1
37967	1
37968	2
37970	2
37971	2
37972	1
37974	2
37975	1
37976	3
37977	2
37978	3
37979	4
37980	2
37981	1
37984	3
37985	2
37987	2
37988	2
37989	2
37990	4
37992	1
37993	3
37994	1
37995	5
37996	3
37997	1
37998	1
37999	1
38000	4
38001	3
38004	3
38005	1
38006	2
38007	2
38008	1
38009	1
38010	3
38011	1
38012	3
38013	1
38014	2
38015	1
38016	1
38017	3
38018	1
38019	3
38020	4
38021	3
38022	1
38023	2
38024	4
38025	3
38026	3
38027	3
38028	2
38029	1
38032	2
38033	2
38034	3
38035	2
38036	5
38038	1
38039	1
38040	4
38041	5
38042	2
38043	3
38044	1
38045	3
38048	2
38049	5
38050	3
38051	2
38052	1
38053	3
38054	4
38055	1
38056	2
38057	2
38058	3
38059	1
38060	2
38061	1
38062	5
38063	2
38064	2
38065	1
38066	3
38068	3
38069	1
38070	1
38072	1
38073	1
38074	2
38075	1
38076	2
38077	4
38078	4
38079	3
38081	1
38082	1
38084	1
38085	1
38086	1
38087	1
38088	1
38090	1
38091	2
38092	4
38093	2
38094	2
38095	3
38096	1
38098	4
38099	3
38100	3
38101	7
38102	3
38103	4
38104	1
38106	2
38107	6
38108	2
38109	1
38110	1
38111	1
38112	3
38113	2
38114	4
38115	1
38116	3
38117	1
38118	3
38119	4
38120	2
38121	2
38122	2
38123	1
38124	2
38125	4
38126	2
38127	2
38128	3
38129	1
38130	2
38131	3
38134	2
38135	4
38136	3
38137	2
38138	2
38139	6
38140	3
38141	2
38142	2
38143	2
38144	4
38145	2
38146	2
38147	6
38148	1
38149	4
38150	2
38151	2
38152	2
38153	1
38154	4
38155	2
38157	4
38158	2
38159	1
38160	4
38161	1
38162	3
38163	1
38165	3
38166	3
38167	1
38169	3
38170	2
38171	4
38172	3
38173	2
38174	4
38175	2
38177	5
38178	2
38179	1
38180	4
38182	4
38183	1
38184	2
38185	1
38187	1
38188	2
38191	6
38192	1
38193	4
38194	2
38195	1
38196	2
38197	2
38198	1
38199	3
38200	3
38202	2
38203	1
38204	4
38205	2
38206	4
38208	4
38209	3
38210	3
38211	1
38213	2
38214	2
38215	4
38216	4
38217	2
38218	2
38219	2
38220	3
38222	5
38223	4
38224	3
38225	4
38226	3
38227	1
38228	4
38229	4
38230	2
38231	3
38232	4
38234	2
38235	4
38237	5
38238	3
38240	4
38241	1
38242	3
38243	3
38244	1
38245	2
38246	3
38247	2
38249	1
38250	1
38251	2
38252	1
38253	1
38254	1
38255	3
38256	2
38258	1
38259	3
38261	2
38262	2
38263	4
38264	3
38265	2
38266	1
38267	1
38268	1
38269	1
38270	1
38271	1
38272	1
38273	3
38274	2
38275	2
38277	1
38278	1
38279	2
38280	2
38281	4
38283	5
38284	3
38285	2
38286	2
38287	2
38288	1
38289	1
38290	2
38291	3
38292	3
38293	2
38295	1
38296	1
38297	5
38298	2
38299	3
38300	1
38301	2
38302	3
38303	4
38304	2
38305	4
38306	5
38307	2
38308	3
38309	3
38310	4
38311	1
38312	2
38313	2
38314	3
38315	5
38316	5
38317	1
38318	2
38319	1
38320	5
38321	4
38322	2
38323	1
38324	4
38325	4
38326	4
38327	3
38328	1
38329	3
38330	1
38331	2
38332	4
38333	3
38334	2
38335	3
38336	3
38337	3
38338	6
38339	2
38340	4
38341	2
38342	2
38343	3
38344	3
38345	1
38346	2
38347	2
38348	3
38349	6
38350	4
38351	6
38353	1
38354	1
38355	2
38356	2
38357	3
38359	1
38360	2
38361	1
38362	4
38363	1
38364	3
38365	4
38366	4
38367	1
38368	4
38369	4
38370	1
38371	3
38372	4
38373	3
38374	1
38375	1
38376	2
38377	3
38378	2
38379	5
38380	1
38381	1
38382	1
38383	2
38384	5
38385	2
38386	4
38387	3
38388	4
38390	8
38391	2
38392	4
38393	5
38394	3
38395	2
38396	1
38397	3
38398	4
38399	2
38400	1
38401	1
38402	2
38403	3
38404	2
38405	1
38406	2
38407	1
38408	2
38409	2
38410	3
38411	1
38412	5
38413	3
38415	1
38416	3
38417	4
38418	4
38419	1
38420	1
38421	1
38422	2
38423	1
38425	2
38426	3
38427	3
38428	2
38429	4
38430	1
38431	1
38433	2
38434	2
38435	2
38436	3
38437	4
38438	3
38439	2
38440	3
38442	3
38443	4
38444	3
38445	2
38446	1
38447	1
38448	3
38449	5
38450	3
38451	1
38452	2
38453	2
38454	2
38455	2
38456	1
38457	5
38458	3
38460	1
38461	1
38462	1
38463	2
38464	3
38465	1
38466	1
38467	2
38469	1
38470	3
38471	2
38473	1
38474	1
38475	6
38476	2
38477	1
38478	4
38479	4
38480	2
38481	3
38483	3
38484	3
38485	4
38486	2
38487	5
38490	8
38491	3
38492	1
38493	3
38494	4
38495	1
38496	2
38497	1
38498	2
38499	3
38500	2
38501	3
38502	4
38503	1
38504	2
38505	2
38506	2
38507	4
38508	1
38509	4
38510	4
38511	4
38512	3
38513	1
38514	2
38516	3
38517	2
38518	3
38519	3
38520	3
38521	3
38523	1
38524	3
38525	2
38526	3
38527	2
38528	4
38529	1
38530	3
38531	1
38532	1
38533	6
38534	1
38535	4
38536	2
38537	3
38538	2
38539	2
38540	3
38541	1
38542	1
38543	2
38544	2
38545	3
38546	2
38548	1
38549	1
38550	1
38551	2
38552	4
38553	1
38555	1
38556	1
38557	3
38559	2
38560	1
38561	2
38562	1
38564	3
38565	2
38566	1
38567	3
38569	3
38570	3
38571	3
38573	1
38574	2
38575	2
38576	5
38577	1
38578	1
38579	2
38580	2
38581	6
38582	2
38584	4
38585	1
38587	3
38588	2
38589	1
38590	2
38592	4
38593	5
38594	1
38595	4
38596	1
38598	4
38599	1
38601	5
38602	3
38603	5
38604	1
38606	5
38607	7
38608	1
38609	2
38610	4
38611	2
38612	1
38613	1
38614	1
38615	1
38616	3
38617	4
38618	1
38619	1
38620	2
38621	1
38622	2
38623	2
38624	3
38626	2
38627	7
38628	3
38629	1
38630	3
38631	4
38633	3
38634	1
38635	2
38636	6
38637	3
38638	3
38639	1
38640	1
38641	3
38642	1
38643	2
38645	4
38646	1
38647	2
38648	1
38651	1
38652	3
38653	2
38654	1
38655	1
38656	2
38657	1
38658	3
38659	3
38660	2
38661	2
38662	4
38666	1
38667	3
38668	3
38669	1
38670	1
38672	2
38673	3
38674	4
38676	5
38677	1
38678	4
38679	2
38681	1
38682	1
38683	1
38684	1
38686	2
38687	3
38689	2
38690	4
38692	3
38693	1
38694	3
38696	1
38697	4
38698	2
38699	3
38700	1
38701	2
38702	4
38703	3
38704	1
38705	3
38706	1
38707	3
38708	2
38709	3
38710	2
38711	3
38712	3
38713	1
38714	2
38715	2
38716	2
38718	1
38719	1
38720	3
38722	4
38723	2
38724	2
38725	1
38726	2
38727	2
38728	3
38729	2
38730	3
38731	1
38732	2
38733	3
38734	2
38735	2
38736	3
38737	2
38738	3
38740	4
38741	3
38742	1
38744	2
38745	3
38746	4
38747	2
38748	2
38749	1
38750	1
38751	2
38752	3
38753	2
38754	1
38755	1
38756	2
38757	5
38758	3
38759	3
38760	2
38761	5
38762	4
38763	2
38764	1
38765	5
38766	2
38767	1
38768	5
38769	2
38770	2
38771	1
38772	2
38774	2
38775	4
38776	1
38777	2
38778	2
38779	2
38780	1
38781	2
38782	2
38783	3
38784	2
38785	2
38786	3
38787	2
38788	2
38789	5
38790	1
38791	2
38792	2
38793	1
38794	3
38795	2
38796	3
38797	3
38798	3
38799	1
38800	5
38801	2
38802	1
38804	2
38805	7
38808	1
38809	1
38810	3
38811	2
38813	2
38814	2
38815	1
38816	2
38817	3
38818	3
38819	2
38820	2
38822	1
38823	2
38824	4
38826	2
38827	1
38828	5
38830	5
38831	2
38832	2
38833	4
38834	3
38835	2
38836	3
38837	4
38838	4
38839	3
38840	2
38841	3
38842	3
38843	3
38844	1
38845	1
38846	4
38847	2
38848	2
38849	2
38850	2
38851	5
38853	4
38854	3
38855	1
38856	2
38857	2
38858	4
38859	6
38860	1
38861	2
38863	3
38864	4
38866	1
38867	1
38869	1
38870	4
38871	3
38872	3
38873	2
38874	4
38875	1
38876	2
38877	4
38878	2
38879	4
38881	4
38882	3
38883	3
38884	2
38885	3
38886	1
38887	1
38888	3
38889	2
38890	2
38891	2
38892	3
38893	3
38894	2
38896	3
38897	2
38898	3
38899	3
38901	3
38902	1
38903	3
38904	4
38905	1
38906	2
38907	2
38908	1
38909	1
38910	2
38911	3
38912	4
38913	1
38914	1
38915	1
38916	3
38917	3
38919	2
38920	3
38921	5
38922	2
38923	3
38924	2
38926	2
38928	2
38929	2
38930	1
38931	4
38932	2
38933	6
38934	4
38935	2
38936	2
38938	2
38939	2
38940	1
38941	2
38942	5
38943	2
38944	3
38945	1
38947	3
38948	2
38949	1
38950	2
38951	7
38952	3
38953	4
38954	4
38955	2
38957	2
38958	2
38959	1
38960	1
38961	5
38962	3
38963	3
38964	1
38965	2
38966	1
38969	1
38971	1
38972	4
38974	5
38975	3
38976	1
38977	3
38978	3
38979	3
38980	3
38981	7
38982	3
38983	3
38984	1
38985	1
38986	3
38988	1
38989	2
38990	1
38991	2
38992	3
38993	3
38994	1
38995	4
38996	6
38997	3
38999	4
39000	1
39001	4
39002	2
39003	2
39004	2
39005	3
39006	1
39007	5
39009	3
39010	2
39012	5
39013	3
39014	1
39015	2
39016	1
39017	1
39018	2
39019	1
39020	2
39021	3
39022	2
39023	1
39024	4
39025	1
39026	3
39027	1
39028	3
39029	1
39030	4
39031	1
39032	4
39033	2
39034	4
39035	6
39036	2
39037	3
39039	3
39040	3
39041	2
39042	1
39043	4
39044	7
39045	1
39046	1
39047	1
39048	2
39049	2
39050	3
39051	4
39052	4
39053	2
39054	2
39056	2
39059	2
39060	1
39061	2
39062	3
39063	2
39064	1
39065	4
39067	6
39069	1
39070	1
39071	1
39072	1
39073	1
39074	5
39075	1
39076	2
39077	2
39078	2
39079	2
39080	3
39081	1
39082	5
39083	2
39084	3
39085	2
39086	1
39087	2
39088	2
39089	1
39090	5
39091	2
39092	2
39093	1
39094	1
39096	3
39097	3
39098	1
39099	3
39100	3
39101	3
39103	3
39104	2
39105	4
39106	1
39107	1
39108	2
39109	2
39110	1
39111	1
39112	4
39113	5
39114	2
39115	1
39116	2
39117	2
39119	1
39121	5
39123	3
39125	1
39127	3
39129	3
39130	3
39131	2
39133	2
39134	2
39135	1
39137	6
39138	2
39139	3
39141	4
39142	3
39143	3
39144	4
39145	4
39146	2
39147	2
39148	4
39149	3
39150	2
39151	2
39152	6
39153	3
39154	2
39155	1
39156	3
39157	1
39159	3
39160	1
39161	2
39162	4
39164	2
39165	2
39166	2
39167	1
39168	3
39169	2
39170	1
39171	1
39172	1
39173	2
39174	2
39175	4
39176	4
39177	3
39178	4
39179	3
39180	2
39181	3
39182	2
39183	2
39184	1
39185	2
39186	2
39187	3
39188	2
39189	2
39190	1
39191	2
39192	3
39193	1
39194	2
39195	5
39196	1
39197	4
39198	1
39199	1
39200	1
39201	1
39202	4
39203	3
39204	2
39205	3
39206	2
39207	1
39209	2
39210	1
39211	4
39212	4
39213	3
39214	3
39215	2
39216	2
39217	5
39218	4
39219	3
39221	1
39222	1
39223	3
39224	2
39225	4
39227	2
39228	2
39229	4
39230	1
39231	1
39232	2
39233	1
39235	1
39236	1
39237	2
39238	1
39239	3
39240	3
39241	4
39242	1
39243	2
39245	1
39246	1
39247	6
39248	1
39249	2
39250	3
39252	1
39253	2
39254	2
39255	1
39256	4
39257	2
39258	2
39259	4
39260	4
39261	2
39262	4
39263	7
39264	2
39265	4
39266	1
39267	3
39268	1
39269	1
39270	4
39271	4
39272	4
39273	1
39274	2
39275	4
39276	2
39277	2
39278	2
39279	2
39280	2
39281	1
39282	3
39283	2
39284	2
39285	3
39286	5
39287	4
39288	2
39289	2
39290	5
39291	5
39293	2
39294	3
39295	2
39296	4
39298	1
39299	3
39300	3
39301	2
39302	6
39303	3
39304	5
39305	3
39306	1
39308	1
39309	1
39310	5
39312	5
39313	2
39314	2
39315	4
39316	1
39317	3
39318	1
39319	3
39320	3
39321	6
39322	1
39323	2
39324	2
39325	2
39326	1
39327	5
39328	4
39329	3
39330	2
39331	2
39332	1
39333	1
39334	3
39337	4
39340	6
39341	2
39342	2
39343	3
39344	2
39345	5
39346	4
39347	6
39348	4
39349	2
39350	1
39351	3
39352	1
39355	4
39357	2
39358	3
39359	1
39360	1
39361	4
39362	1
39363	3
39364	2
39365	2
39366	2
39367	2
39368	3
39369	3
39371	2
39372	7
39373	4
39374	1
39375	4
39376	3
39377	2
39378	2
39379	3
39380	1
39381	2
39382	2
39383	1
39385	5
39387	3
39388	2
39389	4
39390	3
39392	2
39393	2
39394	2
39395	4
39396	2
39397	1
39398	2
39399	3
39400	2
39401	2
39402	1
39403	2
39404	3
39405	3
39406	1
39407	2
39408	2
39409	4
39410	2
39411	1
39412	2
39413	3
39414	3
39415	1
39416	2
39417	3
39418	2
39419	2
39420	4
39421	3
39422	4
39424	3
39426	4
39429	4
39430	3
39431	4
39432	2
39433	2
39434	4
39435	2
39436	2
39437	5
39438	2
39439	3
39440	1
39441	5
39442	1
39443	3
39444	2
39445	4
39446	1
39447	2
39448	4
39449	2
39450	3
39451	3
39452	4
39453	3
39454	5
39455	5
39456	1
39457	3
39458	3
39459	2
39460	1
39461	4
39462	1
39463	1
39464	5
39466	3
39467	2
39468	2
39470	4
39471	1
39473	4
39474	3
39476	4
39477	2
39478	1
39479	4
39480	4
39482	2
39483	4
39484	6
39485	1
39486	4
39487	1
39488	3
39489	1
39491	3
39493	1
39494	1
39495	1
39496	1
39498	2
39500	1
39501	2
39502	1
39503	1
39504	1
39506	4
39507	2
39508	3
39509	1
39510	2
39511	1
39512	1
39513	2
39514	3
39516	3
39517	1
39518	4
39520	2
39521	1
39522	6
39523	3
39524	4
39525	5
39526	3
39527	2
39529	2
39530	3
39531	2
39532	3
39533	3
39535	2
39536	1
39538	3
39539	2
39540	1
39541	3
39542	5
39543	1
39545	1
39546	1
39547	2
39548	3
39549	4
39550	2
39551	3
39552	1
39553	5
39554	1
39555	1
39556	2
39557	1
39558	1
39559	1
39560	2
39561	5
39562	1
39564	3
39565	3
39566	1
39567	2
39568	2
39569	5
39571	4
39572	3
39573	1
39574	2
39575	2
39576	3
39577	2
39579	1
39580	3
39581	4
39582	3
39583	4
39584	2
39585	4
39586	6
39587	3
39588	1
39589	3
39590	1
39591	1
39592	1
39593	2
39594	3
39595	3
39596	1
39599	3
39600	1
39601	4
39602	1
39605	3
39606	4
39607	1
39608	3
39611	4
39612	6
39613	1
39614	1
39615	2
39616	3
39617	4
39618	3
39619	1
39620	4
39621	2
39622	2
39623	1
39624	4
39625	6
39626	2
39627	3
39628	1
39629	1
39630	1
39632	2
39633	4
39634	3
39635	4
39636	2
39637	1
39638	3
39639	4
39640	2
39641	4
39642	4
39643	1
39644	1
39646	1
39647	1
39648	3
39649	1
39650	1
39651	2
39652	2
39653	2
39654	2
39655	2
39656	1
39657	2
39658	1
39659	1
39660	1
39661	2
39663	1
39664	5
39665	5
39666	1
39667	1
39668	1
39670	3
39671	1
39672	1
39673	2
39674	1
39675	2
39676	3
39677	2
39678	3
39679	1
39680	4
39682	2
39683	3
39684	3
39685	3
39686	2
39687	3
39688	1
39689	2
39690	2
39691	2
39692	4
39693	1
39694	6
39695	3
39697	2
39698	3
39700	4
39701	3
39702	2
39703	2
39704	1
39705	5
39706	2
39707	4
39708	1
39709	3
39710	2
39712	4
39713	2
39716	2
39717	1
39718	2
39719	2
39720	6
39721	1
39722	1
39723	2
39724	2
39726	2
39727	2
39728	2
39730	2
39732	2
39733	3
39734	3
39735	3
39736	2
39739	5
39741	4
39742	3
39743	2
39744	1
39745	2
39746	5
39747	2
39748	2
39750	2
39751	2
39752	1
39753	1
39754	3
39755	1
39756	3
39757	1
39758	4
39759	2
39760	5
39761	1
39762	2
39764	3
39765	1
39766	2
39767	1
39768	2
39770	2
39771	2
39772	3
39773	2
39774	2
39775	3
39776	3
39777	1
39778	2
39779	4
39780	1
39781	2
39782	3
39783	4
39784	1
39785	4
39786	2
39787	2
39789	2
39791	3
39792	4
39793	3
39794	2
39795	3
39796	1
39797	2
39798	2
39799	3
39800	1
39801	5
39802	2
39803	9
39805	6
39806	3
39807	5
39808	2
39809	2
39810	2
39811	3
39812	5
39813	3
39814	2
39815	1
39816	3
39818	2
39819	3
39820	1
39821	1
39822	4
39823	1
39824	1
39825	2
39827	3
39829	1
39830	2
39831	1
39832	4
39833	2
39836	3
39837	5
39838	3
39839	3
39840	3
39842	2
39843	3
39844	2
39845	3
39846	1
39848	3
39849	1
39850	2
39851	1
39852	2
39853	4
39854	1
39855	1
39856	4
39857	1
39858	2
39859	2
39860	5
39861	2
39862	3
39863	2
39864	3
39866	2
39867	3
39868	1
39869	2
39870	1
39871	4
39872	1
39873	4
39875	3
39876	4
39877	5
39878	6
39879	1
39880	4
39881	2
39882	2
39883	2
39884	2
39885	4
39886	1
39887	1
39888	4
39890	2
39891	3
39892	1
39893	3
39897	2
39898	6
39899	3
39901	1
39902	2
39904	1
39905	1
39906	2
39907	2
39908	2
39909	2
39910	4
39911	3
39912	1
39913	2
39914	1
39915	2
39917	2
39918	3
39919	4
39920	3
39921	1
39922	1
39923	2
39924	1
39926	3
39927	3
39929	3
39930	3
39931	3
39932	3
39934	1
39935	2
39936	3
39937	1
39939	1
39940	4
39941	4
39942	1
39943	2
39944	2
39945	2
39946	2
39947	6
39948	3
39949	1
39950	1
39951	4
39952	1
39955	3
39957	2
39958	1
39959	3
39960	3
39961	3
39962	1
39963	1
39964	1
39965	2
39966	3
39967	2
39968	3
39969	2
39970	5
39971	1
39972	3
39973	3
39974	1
39975	2
39976	2
39977	2
39978	3
39979	5
39981	1
39982	4
39983	3
39984	2
39986	3
39987	2
39988	3
39989	3
39990	3
39991	5
39992	6
39993	3
39994	2
39995	2
39996	1
39997	2
39998	7
40002	1
40003	3
40004	2
40005	4
40008	2
40009	1
40010	2
40011	1
40012	1
40013	2
40014	2
40015	2
40016	4
40017	2
40018	3
40019	3
40022	3
40023	5
40024	4
40025	5
40026	2
40027	2
40030	2
40031	1
40032	1
40033	5
40034	3
40035	2
40036	1
40038	1
40039	4
40040	2
40041	1
40042	1
40045	1
40046	2
40047	3
40048	2
40050	1
40051	1
40052	2
40053	1
40054	2
40055	2
40056	2
40057	2
40058	3
40059	3
40060	3
40061	2
40062	3
40064	3
40065	5
40066	2
40067	2
40068	3
40069	2
40070	1
40071	1
40072	1
40073	2
40074	1
40075	1
40076	1
40077	2
40078	3
40079	4
40080	1
40081	3
40083	2
40084	3
40085	4
40086	4
40087	3
40088	2
40091	3
40092	3
40094	3
40095	3
40096	3
40097	1
40098	4
40099	3
40100	1
40101	1
40103	2
40104	3
40105	1
40106	2
40107	1
40108	1
40109	4
40110	1
40111	4
40112	5
40113	1
40114	3
40115	3
40116	3
40117	2
40118	3
40119	2
40121	2
40122	2
40123	3
40124	3
40125	6
40128	4
40129	2
40130	5
40131	2
40132	2
40133	1
40134	1
40135	1
40136	4
40137	3
40139	2
40140	2
40141	1
40142	4
40143	3
40144	3
40145	3
40146	3
40147	3
40148	4
40149	1
40150	2
40152	1
40153	4
40154	1
40155	2
40156	2
40157	1
40158	4
40160	4
40161	1
40162	3
40164	2
40165	2
40166	4
40167	1
40168	3
40169	1
40170	1
40171	2
40172	2
40173	2
40174	1
40175	4
40176	2
40177	4
40178	2
40179	5
40180	1
40181	3
40182	2
40183	2
40184	2
40185	4
40186	1
40187	2
40188	3
40189	5
40190	1
40191	4
40192	1
40193	1
40194	6
40195	4
40196	6
40197	4
40198	2
40199	6
40200	2
40202	1
40203	3
40204	2
40205	3
40206	2
40207	4
40208	4
40209	2
40210	2
40211	1
40212	2
40213	2
40214	2
40215	2
40216	2
40217	2
40218	2
40219	3
40220	2
40221	3
40222	1
40223	2
40224	5
40225	2
40226	6
40227	2
40228	5
40229	4
40230	3
40232	1
40233	3
40234	1
40235	2
40236	3
40237	7
40238	3
40239	1
40240	3
40242	2
40245	2
40246	4
40247	2
40248	3
40249	4
40250	3
40251	5
40252	2
40253	2
40254	1
40255	2
40256	1
40257	2
40258	1
40260	3
40261	2
40262	2
40264	1
40265	4
40266	1
40267	2
40268	1
40269	3
40270	1
40271	1
40272	3
40274	3
40275	3
40276	4
40277	2
40278	4
40280	1
40281	2
40282	3
40283	2
40284	1
40285	2
40286	4
40287	1
40288	2
40289	1
40290	4
40294	1
40295	2
40296	2
40297	2
40298	1
40299	3
40300	1
40301	2
40302	2
40303	2
40304	2
40305	4
40306	2
40307	1
40308	1
40309	1
40310	3
40311	5
40312	1
40313	2
40315	4
40316	4
40319	1
40320	1
40321	5
40322	1
40323	1
40324	2
40325	2
40326	3
40327	3
40328	3
40329	2
40331	4
40332	4
40333	1
40334	2
40335	2
40336	2
40337	5
40338	1
40339	2
40340	5
40341	2
40342	1
40344	3
40345	5
40346	2
40347	1
40348	2
40349	4
40350	1
40351	4
40352	2
40354	2
40356	2
40357	2
40358	2
40360	2
40361	3
40362	2
40363	2
40364	2
40365	2
40366	3
40367	2
40368	2
40370	1
40371	3
40372	2
40373	3
40374	5
40377	3
40378	3
40379	7
40380	3
40381	3
40382	3
40383	2
40384	4
40385	6
40388	1
40389	1
40390	3
40391	1
40392	2
40393	2
40395	3
40398	3
40399	2
40400	1
40401	1
40402	3
40403	2
40404	3
40405	2
40406	1
40408	3
40409	3
40410	4
40412	3
40413	1
40414	2
40415	4
40416	3
40417	2
40418	3
40419	1
40420	3
40421	3
40422	3
40424	1
40425	2
40426	2
40427	1
40429	1
40430	1
40431	3
40432	3
40433	1
40434	3
40435	3
40436	1
40437	3
40439	3
40440	2
40441	2
40442	1
40443	3
40444	1
40445	4
40446	3
40447	2
40448	2
40449	2
40450	1
40451	1
40452	1
40453	6
40454	1
40455	6
40456	2
40457	2
40458	3
40459	2
40460	4
40461	2
40462	2
40463	3
40464	2
40465	3
40466	2
40467	1
40468	1
40469	3
40470	3
40471	3
40472	3
40473	3
40474	4
40475	5
40476	2
40477	2
40478	2
40481	2
40482	2
40483	2
40484	1
40485	6
40486	1
40487	2
40488	4
40489	2
40490	1
40492	8
40493	1
40494	4
40495	2
40496	1
40497	2
40498	3
40499	1
40500	2
40501	6
40502	1
40503	2
40504	4
40505	1
40506	1
40507	2
40508	1
40509	2
40510	3
40511	3
40512	2
40513	4
40514	1
40516	3
40517	2
40518	2
40519	1
40520	2
40521	2
40522	3
40523	4
40524	2
40525	1
40526	1
40527	4
40528	1
40529	1
40531	3
40532	1
40533	3
40534	4
40535	4
40536	1
40537	4
40538	2
40539	5
40540	3
40541	1
40542	4
40543	4
40544	3
40545	2
40546	2
40547	1
40548	2
40549	1
40550	1
40551	1
40552	5
40553	4
40554	1
40555	3
40556	3
40557	2
40558	3
40559	3
40560	4
40561	3
40563	6
40564	3
40565	7
40567	2
40568	1
40569	4
40570	2
40571	1
40572	4
40573	1
40574	2
40575	4
40576	1
40577	1
40578	1
40580	3
40581	2
40582	2
40583	4
40584	2
40585	1
40586	3
40589	3
40590	2
40591	2
40592	1
40593	1
40594	3
40595	4
40596	4
40597	2
40598	5
40599	2
40600	5
40601	5
40602	1
40603	3
40604	4
40605	2
40606	3
40607	1
40608	2
40609	3
40610	1
40612	5
40613	1
40615	2
40616	3
40617	1
40618	3
40619	2
40620	2
40621	5
40622	2
40623	6
40625	1
40626	1
40627	3
40628	2
40629	1
40630	2
40632	1
40633	2
40634	3
40635	2
40636	2
40637	4
40638	2
40639	4
40640	1
40641	1
40642	1
40643	2
40644	5
40645	5
40646	1
40647	1
40648	3
40650	2
40651	3
40652	2
40653	2
40654	2
40655	2
40656	2
40657	2
40658	1
40659	5
40661	2
40662	3
40663	2
40664	1
40665	2
40666	1
40667	2
40668	1
40669	3
40671	2
40672	3
40674	1
40675	4
40676	1
40677	1
40678	1
40681	1
40682	2
40683	3
40685	1
40686	1
40687	2
40688	2
40689	1
40691	3
40692	4
40693	3
40694	4
40695	5
40696	1
40697	1
40699	2
40701	2
40702	6
40706	2
40707	1
40708	3
40709	3
40710	3
40711	1
40712	1
40713	2
40714	3
40715	1
40716	1
40717	1
40718	2
40719	2
40720	2
40721	1
40722	1
40723	1
40724	1
40725	2
40726	2
40728	5
40729	2
40730	2
40731	1
40732	2
40733	2
40734	4
40735	1
40736	2
40737	2
40738	2
40741	3
40742	1
40743	3
40744	2
40745	3
40746	2
40747	1
40748	3
40749	5
40750	3
40751	4
40752	3
40753	2
40754	5
40755	1
40756	1
40757	1
40758	2
40759	3
40760	8
40762	1
40763	4
40764	1
40765	2
40766	2
40768	1
40769	2
40770	1
40771	4
40772	1
40774	3
40775	2
40776	3
40777	3
40778	2
40779	3
40780	1
40781	1
40782	3
40783	1
40784	3
40785	1
40786	3
40787	7
40788	3
40789	3
40790	4
40791	1
40792	1
40793	2
40794	1
40795	4
40796	2
40797	3
40798	1
40800	2
40801	3
40802	1
40804	1
40806	1
40807	1
40808	1
40809	2
40810	2
40811	2
40812	2
40813	2
40814	1
40815	3
40816	4
40817	2
40818	1
40819	1
40820	3
40821	2
40822	3
40823	1
40824	3
40825	2
40826	1
40827	2
40828	1
40829	3
40830	3
40831	1
40832	2
40833	5
40834	2
40835	2
40836	1
40837	2
40838	3
40840	3
40843	2
40844	3
40845	1
40846	2
40847	1
40848	1
40849	1
40850	4
40851	2
40852	4
40853	2
40855	3
40856	2
40857	4
40858	2
40859	3
40860	4
40861	1
40862	1
40863	1
40864	5
40865	2
40866	2
40868	3
40869	5
40870	1
40871	1
40872	1
40873	3
40874	1
40875	1
40876	3
40877	4
40878	1
40879	3
40880	2
40881	5
40882	1
40883	3
40884	1
40885	6
40886	2
40887	3
40888	2
40889	2
40890	2
40891	3
40892	1
40893	4
40894	2
40895	2
40897	6
40898	4
40899	1
40900	7
40902	1
40903	3
40904	2
40905	3
40906	3
40907	1
40908	2
40909	1
40910	1
40912	4
40913	4
40914	1
40915	2
40916	1
40917	7
40918	3
40919	1
40920	1
40921	4
40922	3
40923	2
40924	3
40925	2
40926	1
40927	5
40928	4
40929	1
40930	2
40931	3
40932	3
40933	3
40934	4
40935	4
40936	6
40937	1
40938	1
40939	3
40940	3
40942	3
40943	3
40944	2
40945	1
40946	2
40948	1
40949	3
40950	3
40951	2
40953	3
40954	2
40955	3
40956	3
40957	1
40958	2
40959	1
40960	2
40961	1
40962	1
40963	4
40964	3
40965	2
40967	4
40970	5
40972	4
40973	2
40974	2
40975	2
40976	3
40977	5
40979	2
40980	4
40981	1
40982	4
40983	2
40984	4
40986	3
40987	1
40988	4
40989	3
40990	1
40991	2
40992	4
40993	4
40994	4
40996	4
40997	2
40998	2
40999	1
41000	4
41001	2
41002	2
41003	1
41004	3
41005	2
41006	3
41007	3
41008	3
41009	1
41010	1
41011	2
41012	3
41013	4
41014	1
41015	2
41016	3
41017	2
41018	4
41019	1
41020	2
41021	5
41023	4
41024	7
41025	3
41026	3
41028	2
41029	3
41030	6
41031	1
41033	4
41034	3
41035	2
41036	3
41037	3
41038	3
41040	5
41041	2
41042	3
41043	3
41044	2
41045	2
41046	4
41047	4
41048	3
41049	3
41050	1
41051	4
41054	1
41055	2
41056	3
41057	3
41058	3
41059	5
41060	1
41061	1
41062	2
41063	1
41065	2
41066	3
41067	3
41068	2
41069	4
41070	1
41071	3
41072	1
41073	3
41074	2
41075	4
41076	1
41077	2
41078	5
41080	3
41081	3
41082	5
41083	4
41084	2
41085	1
41086	1
41087	2
41088	2
41089	2
41090	2
41092	1
41093	2
41094	2
41095	4
41096	3
41098	1
41099	1
41101	2
41102	2
41103	4
41104	1
41105	1
41106	1
41107	3
41108	5
41109	3
41110	1
41111	2
41112	1
41114	1
41115	5
41116	1
41117	1
41118	1
41119	3
41120	1
41121	4
41122	3
41123	1
41124	1
41125	1
41126	3
41127	1
41128	2
41130	2
41132	1
41133	2
41135	2
41136	1
41138	2
41139	1
41140	2
41141	3
41142	2
41143	2
41144	2
41145	3
41146	3
41147	5
41148	1
41149	1
41151	3
41152	3
41153	3
41154	1
41155	4
41156	3
41157	3
41158	1
41159	1
41160	1
41161	1
41162	2
41163	3
41164	2
41165	2
41166	2
41167	3
41169	2
41170	4
41172	3
41173	3
41174	1
41175	2
41176	3
41177	3
41179	2
41180	1
41181	3
41182	3
41183	1
41184	2
41185	3
41186	1
41187	2
41188	3
41190	2
41191	4
41192	1
41193	1
41194	1
41195	3
41196	1
41197	6
41198	2
41199	1
41200	2
41201	4
41202	1
41204	4
41205	1
41206	1
41207	1
41208	1
41209	3
41210	2
41211	3
41212	4
41213	4
41214	2
41215	2
41216	1
41218	1
41219	1
41220	4
41221	1
41222	2
41223	2
41224	4
41225	1
41226	1
41227	2
41228	1
41229	3
41230	2
41231	3
41232	3
41234	3
41235	3
41236	3
41237	6
41238	4
41239	3
41240	1
41241	3
41242	1
41243	2
41244	3
41245	3
41246	2
41247	3
41248	1
41249	3
41251	1
41252	2
41253	1
41254	5
41255	3
41256	1
41257	2
41258	3
41259	4
41260	1
41261	2
41263	2
41264	3
41265	3
41267	3
41269	4
41270	2
41271	1
41272	2
41273	1
41274	3
41275	3
41276	2
41277	4
41278	4
41279	1
41280	1
41281	3
41282	3
41283	2
41285	1
41286	3
41287	3
41288	2
41289	3
41290	1
41291	2
41292	4
41293	1
41294	2
41295	2
41296	3
41297	5
41298	1
41299	7
41300	5
41302	1
41303	3
41305	1
41306	2
41307	7
41308	2
41309	1
41310	2
41311	4
41312	2
41313	2
41314	3
41315	3
41316	3
41317	3
41318	3
41319	3
41320	5
41321	2
41322	1
41323	2
41324	2
41325	2
41326	1
41327	4
41328	3
41329	1
41330	3
41331	5
41332	5
41333	2
41334	3
41335	3
41336	3
41337	1
41338	2
41339	4
41340	1
41341	2
41342	2
41343	5
41344	4
41346	4
41347	2
41348	2
41349	2
41350	1
41351	2
41352	5
41353	2
41354	3
41355	5
41356	3
41357	3
41358	1
41359	2
41360	1
41361	4
41362	2
41363	3
41364	2
41365	2
41366	2
41367	3
41368	2
41369	2
41371	2
41374	2
41377	4
41378	2
41379	2
41380	5
41381	2
41382	1
41383	1
41384	1
41385	3
41386	3
41387	1
41388	5
41389	2
41391	2
41392	5
41393	3
41394	3
41395	3
41396	4
41397	3
41398	2
41400	1
41401	3
41402	2
41403	5
41404	4
41406	1
41407	2
41408	1
41410	4
41411	3
41412	4
41413	2
41414	1
41415	3
41416	1
41417	1
41418	1
41419	1
41421	4
41422	4
41423	3
41424	1
41425	3
41426	5
41427	3
41428	1
41430	2
41431	2
41432	2
41433	1
41434	2
41435	3
41436	4
41437	5
41438	4
41440	1
41441	3
41442	5
41443	5
41444	2
41445	2
41446	2
41447	2
41448	2
41450	1
41451	3
41452	2
41453	2
41454	1
41455	1
41456	2
41457	4
41458	4
41459	2
41460	2
41461	2
41462	2
41463	4
41464	2
41465	4
41466	4
41467	4
41468	2
41469	2
41470	4
41471	2
41472	3
41473	1
41476	2
41477	3
41478	2
41479	1
41480	2
41482	3
41483	4
41484	1
41485	3
41486	4
41487	4
41488	2
41489	2
41490	1
41491	3
41492	1
41493	1
41494	4
41495	5
41496	2
41497	2
41498	5
41499	7
41500	1
41501	2
41502	3
41503	4
41504	3
41505	2
41506	2
41507	1
41508	3
41509	1
41510	1
41511	2
41512	4
41513	2
41514	2
41515	2
41516	1
41517	1
41518	4
41519	5
41520	2
41521	3
41522	2
41523	2
41524	3
41525	5
41526	2
41527	1
41528	1
41529	5
41530	2
41531	4
41532	4
41533	3
41534	1
41535	3
41536	3
41537	5
41538	6
41539	4
41540	1
41541	1
41542	5
41543	1
41545	2
41546	3
41547	1
41548	3
41549	5
41550	5
41551	2
41554	3
41555	4
41556	2
41557	3
41558	3
41560	5
41561	6
41562	3
41563	2
41564	1
41565	1
41566	1
41567	1
41568	2
41569	2
41570	1
41571	1
41572	2
41573	3
41574	2
41575	2
41576	1
41577	2
41579	2
41580	4
41581	1
41582	1
41584	3
41585	1
41586	3
41587	2
41588	5
41589	1
41590	3
41591	1
41592	4
41593	3
41594	2
41595	3
41596	2
41598	3
41599	3
41600	2
41601	5
41602	2
41603	5
41604	2
41605	1
41606	2
41607	1
41608	4
41609	4
41610	3
41611	1
41612	2
41614	3
41615	5
41616	2
41617	3
41618	1
41619	2
41620	3
41621	2
41622	1
41623	3
41624	2
41626	1
41627	2
41628	1
41630	1
41631	1
41632	3
41633	1
41634	3
41635	1
41636	4
41637	3
41638	2
41639	1
41640	4
41641	1
41642	2
41643	3
41644	4
41645	3
41646	3
41647	3
41648	1
41649	4
41650	3
41651	1
41652	2
41653	3
41654	5
41655	3
41657	3
41658	1
41659	2
41660	3
41662	2
41663	3
41664	4
41665	3
41666	2
41667	3
41668	3
41669	1
41670	4
41671	3
41672	3
41673	4
41674	1
41675	1
41677	2
41678	3
41679	2
41680	1
41681	4
41682	2
41683	1
41684	2
41685	2
41687	1
41688	1
41690	1
41691	4
41692	2
41693	2
41694	4
41695	2
41696	2
41697	5
41698	4
41699	2
41700	2
41701	3
41702	3
41703	4
41704	1
41706	3
41707	1
41708	3
41710	3
41711	5
41712	5
41713	1
41714	2
41715	4
41716	2
41717	3
41718	2
41719	1
41720	4
41721	3
41722	3
41723	2
41724	2
41725	4
41726	3
41728	3
41730	3
41731	3
41732	3
41733	3
41734	4
41736	1
41738	2
41739	2
41741	2
41742	1
41743	1
41745	2
41746	2
41747	2
41748	2
41749	1
41750	1
41751	1
41752	3
41753	1
41754	2
41755	5
41756	1
41757	1
41758	2
41759	4
41760	4
41761	2
41762	1
41763	1
41764	1
41765	3
41766	2
41767	1
41768	4
41769	3
41770	2
41771	3
41772	3
41773	4
41774	3
41775	2
41776	1
41777	2
41778	1
41779	2
41780	3
41781	1
41782	1
41783	2
41784	1
41785	4
41787	1
41788	4
41789	2
41791	4
41792	3
41794	5
41796	4
41797	4
41798	3
41800	1
41801	4
41802	3
41803	5
41804	2
41805	1
41806	2
41808	2
41809	2
41810	3
41811	1
41812	4
41813	2
41814	6
41815	1
41817	2
41819	2
41820	1
41821	3
41822	2
41823	2
41824	1
41826	3
41827	2
41828	1
41830	4
41831	1
41832	3
41834	1
41835	1
41836	1
41837	2
41838	3
41839	2
41840	1
41841	3
41842	2
41845	1
41846	1
41847	2
41848	2
41849	3
41850	2
41851	5
41852	3
41853	3
41854	2
41855	3
41856	1
41857	1
41858	4
41859	6
41860	3
41861	1
41862	2
41863	4
41864	2
41865	1
41866	7
41868	3
41869	2
41870	2
41871	5
41872	3
41873	2
41875	3
41876	1
41877	1
41879	3
41880	2
41882	1
41884	2
41885	2
41886	2
41887	2
41888	2
41889	2
41890	1
41891	1
41892	1
41894	4
41895	1
41896	2
41897	1
41898	3
41899	1
41901	4
41902	3
41903	4
41904	3
41906	5
41908	2
41910	1
41911	5
41912	3
41913	2
41914	1
41915	3
41916	3
41917	5
41918	4
41919	1
41921	3
41922	4
41923	1
41924	2
41925	3
41927	3
41928	1
41929	4
41930	1
41932	2
41933	3
41935	3
41937	2
41938	4
41939	3
41940	4
41941	3
41942	2
41943	3
41944	2
41945	2
41946	4
41947	4
41949	3
41951	2
41952	4
41953	2
41954	2
41955	4
41956	3
41957	2
41958	1
41959	2
41960	2
41961	6
41962	1
41963	1
41964	1
41965	4
41966	4
41967	2
41968	5
41969	1
41970	2
41971	2
41972	2
41973	4
41975	3
41976	2
41978	1
41979	2
41980	2
41981	2
41982	1
41983	1
41984	2
41985	1
41987	1
41988	2
41989	3
41990	2
41991	1
41993	3
41994	1
41995	2
41996	2
41997	4
41998	7
41999	2
42001	2
42002	3
42003	3
42004	2
42005	5
42007	1
42008	3
42009	3
42010	1
42011	6
42012	4
42013	3
42014	3
42015	1
42016	1
42018	5
42019	1
42021	1
42022	2
42023	2
42025	2
42026	1
42027	2
42028	4
42029	1
42030	1
42032	2
42033	2
42034	5
42035	2
42036	2
42037	4
42038	3
42039	3
42040	2
42041	1
42042	4
42043	6
42044	3
42046	1
42047	3
42048	4
42049	2
42050	3
42051	6
42052	2
42053	1
42054	6
42055	1
42058	3
42059	1
42060	3
42063	1
42064	2
42065	3
42066	2
42067	5
42068	3
42069	3
42070	3
42071	1
42072	3
42073	3
42074	4
42075	5
42076	1
42077	3
42078	3
42079	4
42080	2
42081	5
42082	2
42083	3
42084	3
42086	2
42087	2
42088	1
42089	1
42090	1
42092	4
42093	2
42094	1
42095	2
42096	3
42097	1
42098	1
42099	1
42100	1
42102	1
42103	3
42104	3
42105	4
42107	2
42108	4
42110	3
42111	2
42112	3
42113	2
42114	3
42115	1
42116	3
42117	3
42119	2
42120	2
42122	5
42123	2
42124	2
42125	1
42126	2
42127	2
42128	2
42129	1
42130	3
42132	1
42133	1
42134	3
42135	6
42136	2
42137	1
42138	2
42139	4
42141	2
42142	1
42143	2
42144	4
42145	4
42147	2
42148	4
42150	2
42151	1
42152	2
42153	3
42155	1
42156	4
42157	1
42158	3
42159	1
42160	5
42162	5
42163	3
42164	2
42165	2
42166	2
42167	1
42168	5
42169	3
42170	4
42171	3
42172	3
42174	3
42175	3
42176	3
42177	1
42178	1
42180	3
42181	2
42182	3
42183	1
42184	1
42185	8
42186	2
42188	2
42189	2
42190	3
42191	2
42193	3
42194	1
42195	1
42196	3
42197	1
42198	1
42199	2
42200	4
42201	2
42202	2
42203	1
42204	3
42208	1
42209	2
42210	5
42211	2
42212	3
42213	2
42215	2
42216	3
42217	2
42218	2
42219	1
42220	2
42221	3
42222	2
42224	1
42225	3
42226	2
42227	3
42228	5
42229	2
42230	2
42231	1
42232	3
42233	2
42234	2
42235	2
42236	4
42237	3
42238	2
42239	2
42241	3
42242	1
42243	3
42244	1
42245	3
42246	3
42247	3
42249	4
42250	5
42251	4
42253	1
42254	3
42255	4
42256	2
42257	3
42258	1
42259	1
42260	2
42262	2
42264	1
42265	1
42266	2
42267	1
42268	1
42269	1
42271	2
42272	1
42273	4
42274	5
42275	1
42276	1
42277	2
42278	5
42279	1
42280	4
42281	2
42282	2
42283	4
42285	3
42287	3
42288	1
42289	1
42290	1
42291	4
42292	2
42293	2
42294	2
42295	1
42296	2
42297	1
42299	5
42300	4
42302	3
42303	3
42304	4
42305	2
42306	2
42307	2
42308	3
42310	4
42311	3
42313	2
42314	1
42315	1
42316	3
42317	2
42318	3
42319	2
42320	2
42321	2
42322	4
42323	1
42324	5
42325	6
42326	3
42327	3
42329	1
42332	3
42333	1
42334	2
42335	1
42336	4
42338	2
42339	3
42340	2
42341	1
42342	3
42343	5
42344	5
42345	4
42346	2
42347	2
42348	3
42349	2
42350	1
42351	1
42352	1
42354	1
42355	5
42356	2
42357	1
42358	2
42359	1
42360	2
42361	3
42362	1
42364	2
42365	5
42366	4
42367	3
42368	1
42369	1
42370	4
42371	2
42372	3
42373	1
42374	1
42375	1
42376	2
42377	2
42378	4
42379	2
42380	4
42382	3
42383	2
42384	2
42385	2
42386	1
42387	5
42388	1
42389	4
42390	3
42391	2
42392	2
42394	2
42395	2
42396	3
42397	3
42398	2
42399	2
42400	1
42401	1
42402	3
42403	4
42404	4
42405	2
42406	2
42408	1
42409	3
42410	2
42411	3
42412	3
42413	2
42414	2
42416	2
42417	1
42418	4
42419	1
42420	2
42421	2
42422	1
42424	3
42425	2
42427	2
42428	3
42429	3
42431	2
42432	2
42433	3
42435	2
42436	2
42437	5
42438	1
42439	1
42440	1
42441	1
42442	2
42443	3
42444	1
42445	2
42446	1
42448	2
42449	2
42450	1
42451	2
42452	3
42453	4
42454	2
42455	3
42456	2
42457	1
42458	4
42459	2
42460	3
42461	1
42462	1
42463	1
42464	2
42465	3
42466	3
42467	2
42468	2
42469	3
42470	1
42472	1
42473	2
42474	2
42475	3
42476	1
42477	2
42478	5
42479	4
42480	3
42481	3
42482	8
42483	1
42485	3
42486	3
42487	3
42488	3
42489	2
42490	2
42491	2
42492	3
42493	2
42494	2
42495	3
42496	2
42497	1
42498	4
42499	1
42500	3
42501	4
42502	1
42504	1
42505	4
42506	4
42507	2
42508	1
42509	1
42511	2
42512	1
42513	4
42514	1
42515	2
42516	3
42517	2
42518	2
42519	3
42520	1
42521	1
42522	1
42523	2
42524	1
42525	3
42526	4
42527	1
42528	2
42529	1
42530	2
42531	2
42532	1
42533	1
42534	2
42535	1
42536	3
42537	2
42538	2
42539	4
42540	2
42541	1
42542	1
42543	1
42544	3
42545	1
42546	5
42547	1
42548	1
42549	2
42550	6
42553	3
42554	6
42555	7
42556	1
42557	1
42558	2
42560	2
42561	4
42562	4
42564	2
42565	1
42566	2
42567	1
42568	1
42569	3
42570	3
42571	4
42572	3
42574	2
42575	4
42576	1
42577	1
42579	3
42580	1
42581	1
42582	1
42583	6
42584	3
42585	3
42586	4
42587	2
42588	2
42589	3
42590	4
42591	2
42592	2
42593	3
42594	3
42595	3
42596	1
42597	2
42598	4
42599	2
42600	4
42601	2
42603	1
42604	6
42605	2
42608	1
42609	3
42610	3
42611	5
42612	2
42614	5
42615	1
42616	2
42617	2
42618	3
42619	2
42620	2
42621	2
42622	4
42623	1
42624	2
42625	5
42626	3
42627	3
42628	1
42629	1
42630	2
42631	5
42632	2
42633	4
42634	3
42635	1
42636	2
42637	3
42638	2
42639	1
42640	1
42643	2
42644	1
42645	4
42646	2
42647	4
42648	5
42649	2
42650	3
42651	1
42652	3
42653	3
42654	1
42655	6
42656	3
42657	2
42658	3
42659	1
42660	1
42661	1
42662	2
42663	4
42664	4
42665	1
42666	1
42668	3
42669	3
42670	4
42671	2
42672	2
42674	6
42676	1
42677	4
42678	4
42680	1
42681	2
42682	3
42683	1
42684	4
42687	1
42688	3
42689	1
42690	1
42691	4
42692	2
42693	3
42694	6
42696	1
42697	3
42698	2
42699	2
42701	3
42702	2
42703	1
42704	5
42705	1
42707	2
42708	2
42709	2
42710	1
42711	2
42712	5
42713	2
42714	4
42715	3
42716	1
42717	1
42718	4
42719	3
42720	3
42721	3
42722	1
42723	1
42724	4
42727	4
42728	1
42729	2
42730	1
42731	2
42732	3
42733	2
42734	1
42735	1
42736	2
42737	4
42738	4
42739	2
42740	1
42742	1
42743	2
42744	1
42745	1
42746	3
42747	1
42748	2
42749	1
42751	2
42752	1
42753	4
42754	3
42755	4
42758	2
42759	1
42760	2
42761	3
42763	2
42764	1
42765	4
42766	5
42767	3
42768	1
42770	2
42771	1
42772	4
42773	3
42774	4
42776	4
42777	1
42778	2
42779	1
42780	1
42782	4
42783	2
42784	1
42785	1
42786	1
42787	2
42788	2
42789	1
42791	2
42792	3
42794	3
42795	1
42796	6
42797	6
42798	2
42799	2
42800	2
42801	1
42802	1
42803	2
42804	2
42805	2
42806	1
42807	2
42808	1
42809	1
42810	2
42811	1
42812	5
42813	1
42814	4
42815	2
42816	4
42817	6
42818	2
42820	1
42821	4
42822	2
42823	1
42824	7
42825	1
42827	3
42829	2
42830	5
42832	2
42833	2
42834	3
42835	1
42836	1
42837	5
42838	2
42839	1
42841	1
42842	1
42843	4
42844	4
42845	1
42846	2
42847	2
42848	2
42849	2
42851	3
42852	4
42854	3
42855	1
42856	1
42857	1
42858	2
42859	1
42860	1
42861	2
42862	3
42863	3
42864	2
42866	1
42867	2
42869	2
42870	3
42871	1
42872	2
42873	3
42874	1
42875	1
42876	3
42878	4
42879	5
42880	2
42881	1
42882	3
42884	2
42885	1
42886	2
42888	2
42889	3
42890	4
42891	4
42893	1
42894	1
42896	2
42897	1
42898	1
42899	2
42900	2
42901	1
42902	3
42903	2
42904	3
42905	1
42906	2
42907	3
42908	1
42909	4
42910	4
42911	5
42914	2
42915	2
42916	4
42917	2
42918	3
42919	3
42920	2
42921	2
42922	2
42923	2
42924	1
42926	2
42927	3
42929	1
42930	2
42931	2
42932	3
42933	2
42934	1
42935	3
42936	2
42939	1
42940	1
42941	8
42944	2
42945	2
42946	1
42947	2
42948	1
42949	3
42950	2
42951	1
42952	1
42953	3
42954	2
42955	1
42956	1
42957	3
42958	5
42959	1
42960	1
42961	2
42962	3
42963	2
42964	3
42965	6
42966	2
42967	2
42968	1
42969	1
42970	3
42971	1
42972	2
42973	2
42974	1
42975	4
42976	3
42977	1
42979	1
42980	3
42981	1
42982	1
42983	1
42984	1
42986	1
42987	3
42988	2
42989	5
42990	1
42991	1
42992	2
42993	2
42994	4
42995	2
42996	4
42997	5
42998	2
42999	3
43001	5
43002	4
43003	2
43005	1
43006	2
43007	2
43008	1
43009	2
43011	4
43012	2
43013	2
43014	2
43015	2
43016	3
43017	4
43018	2
43019	4
43020	2
43021	5
43022	1
43023	2
43024	4
43025	4
43026	1
43027	4
43028	3
43029	1
43030	3
43032	3
43033	2
43035	4
43037	1
43038	2
43039	2
43040	2
43041	2
43042	1
43043	2
43044	1
43045	3
43046	2
43047	1
43048	1
43050	2
43051	1
43052	1
43053	3
43054	1
43055	1
43056	2
43057	1
43058	1
43059	1
43062	3
43063	1
43064	3
43065	1
43066	1
43067	7
43068	2
43069	2
43070	1
43071	4
43072	1
43073	2
43074	2
43075	2
43076	3
43077	5
43078	2
43079	5
43081	3
43082	2
43083	2
43084	4
43086	4
43087	1
43088	1
43089	2
43091	2
43092	2
43093	1
43094	1
43095	2
43096	2
43097	6
43098	3
43099	4
43100	4
43101	2
43102	3
43103	3
43104	2
43105	1
43106	4
43107	1
43108	2
43109	3
43110	1
43112	2
43113	3
43114	1
43116	2
43117	4
43118	2
43119	1
43120	1
43121	2
43123	1
43127	4
43128	4
43129	2
43131	2
43132	4
43134	3
43135	1
43136	2
43137	1
43138	3
43139	4
43140	1
43141	4
43142	7
43143	2
43144	1
43146	2
43147	4
43148	2
43149	2
43150	2
43151	3
43152	4
43153	1
43154	3
43155	5
43156	2
43157	2
43158	2
43159	3
43160	3
43161	2
43162	1
43164	1
43165	5
43166	2
43167	2
43168	3
43169	1
43170	2
43171	2
43172	2
43173	2
43174	1
43175	1
43177	3
43178	1
43179	6
43180	2
43181	4
43182	2
43183	1
43184	4
43185	3
43187	2
43188	2
43189	1
43190	3
43191	4
43192	1
43193	2
43194	2
43195	5
43196	2
43197	2
43198	1
43199	3
43200	4
43201	2
43202	3
43203	1
43205	2
43206	4
43207	2
43208	2
43209	2
43210	3
43211	1
43212	1
43213	4
43214	2
43215	3
43216	3
43217	4
43218	1
43219	1
43220	2
43221	4
43222	2
43223	2
43225	1
43226	2
43227	1
43228	3
43230	2
43231	2
43232	3
43233	2
43234	2
43235	3
43236	4
43237	2
43238	2
43239	1
43240	2
43241	3
43242	3
43243	2
43244	1
43245	1
43246	1
43247	3
43248	1
43249	1
43251	1
43252	1
43253	3
43254	1
43255	1
43256	2
43257	2
43258	1
43259	2
43260	3
43261	4
43262	2
43263	2
43264	1
43265	2
43266	2
43267	4
43268	2
43269	5
43270	4
43271	4
43272	1
43273	2
43275	3
43276	3
43277	2
43278	4
43279	1
43280	5
43281	2
43282	1
43283	1
43284	4
43285	3
43286	6
43287	5
43288	1
43289	2
43291	2
43292	2
43293	2
43294	1
43295	3
43296	2
43297	4
43298	2
43300	3
43301	2
43302	2
43303	1
43304	2
43305	2
43306	2
43307	2
43308	3
43309	1
43310	4
43311	3
43312	1
43313	6
43314	2
43315	4
43317	1
43318	2
43319	1
43320	2
43322	2
43323	2
43324	3
43325	3
43326	1
43327	3
43328	5
43329	2
43330	5
43331	3
43332	1
43333	1
43334	1
43335	2
43336	3
43337	2
43338	3
43339	1
43341	1
43342	2
43343	2
43344	4
43345	2
43346	2
43347	2
43348	1
43349	4
43351	3
43352	2
43353	2
43354	5
43356	5
43357	1
43358	2
43359	4
43360	3
43361	3
43362	3
43363	2
43364	3
43365	1
43366	3
43367	2
43368	2
43369	2
43370	2
43371	2
43372	2
43373	2
43374	1
43375	1
43377	2
43378	1
43379	1
43380	1
43381	3
43382	1
43383	1
43384	2
43385	1
43386	4
43388	3
43389	2
43390	4
43391	2
43392	3
43394	3
43395	1
43396	3
43397	1
43398	1
43399	2
43400	2
43401	1
43402	3
43403	1
43404	3
43405	3
43406	3
43408	3
43409	3
43410	3
43411	2
43413	1
43414	2
43415	1
43416	2
43417	1
43418	4
43419	1
43420	4
43421	4
43422	2
43423	3
43424	1
43425	1
43426	2
43427	1
43428	1
43429	2
43430	1
43431	3
43432	2
43433	2
43435	5
43436	1
43437	3
43438	3
43439	2
43441	1
43442	1
43444	1
43445	2
43446	3
43447	1
43448	3
43449	1
43450	1
43451	1
43452	1
43453	1
43455	3
43456	4
43458	3
43459	5
43460	2
43461	3
43462	1
43463	3
43464	1
43465	3
43466	1
43467	5
43469	1
43470	1
43471	4
43472	4
43473	1
43474	2
43475	2
43477	3
43478	1
43479	1
43480	3
43481	1
43483	1
43484	1
43485	2
43486	4
43487	3
43488	1
43489	2
43490	4
43493	2
43494	1
43495	5
43496	2
43497	2
43498	2
43500	1
43501	3
43503	1
43504	2
43505	3
43506	1
43507	3
43509	3
43510	1
43511	3
43513	1
43514	1
43515	2
43516	3
43517	4
43518	1
43519	2
43521	2
43522	5
43523	3
43524	4
43525	1
43526	1
43528	4
43529	1
43530	1
43531	3
43532	2
43533	1
43534	2
43535	5
43536	2
43537	2
43538	2
43539	2
43540	1
43541	2
43542	7
43543	4
43544	2
43546	4
43547	2
43548	1
43549	2
43550	2
43551	2
43552	1
43553	1
43554	1
43555	4
43556	2
43557	1
43558	2
43559	2
43560	4
43561	1
43562	3
43563	3
43564	1
43565	3
43566	3
43567	3
43568	4
43569	2
43570	4
43571	3
43572	1
43573	3
43575	1
43576	3
43577	2
43578	2
43579	1
43580	1
43582	1
43583	1
43584	3
43585	4
43586	2
43587	3
43589	3
43590	2
43591	1
43592	2
43593	3
43594	3
43595	2
43596	3
43597	1
43598	1
43599	1
43600	6
43601	2
43602	2
43603	1
43604	3
43605	3
43606	2
43607	3
43608	3
43609	3
43610	2
43611	1
43612	2
43613	3
43614	2
43615	5
43616	2
43617	1
43618	4
43619	2
43620	2
43622	4
43623	4
43625	3
43626	2
43627	2
43629	2
43630	1
43631	2
43632	4
43633	4
43634	1
43635	3
43636	3
43637	1
43638	1
43639	2
43640	1
43641	2
43643	1
43644	1
43645	1
43646	1
43647	3
43648	3
43649	1
43650	1
43651	2
43654	2
43656	1
43657	3
43658	3
43659	2
43660	2
43661	1
43662	5
43663	2
43664	4
43665	1
43666	1
43667	2
43668	1
43669	1
43670	1
43671	2
43672	4
43673	1
43674	2
43675	2
43676	4
43677	3
43678	1
43680	2
43681	1
43682	2
43683	5
43684	1
43685	3
43686	1
43687	2
43689	1
43690	1
43691	2
43692	3
43693	1
43694	2
43695	2
43696	4
43697	2
43698	2
43699	3
43700	2
43701	4
43702	6
43703	1
43704	1
43705	3
43706	1
43707	3
43708	2
43709	2
43710	1
43711	2
43712	2
43713	3
43714	3
43715	3
43716	1
43717	6
43718	2
43719	4
43720	6
43721	3
43722	3
43723	1
43724	2
43725	3
43727	2
43729	2
43730	2
43731	4
43732	2
43733	6
43734	2
43735	3
43736	6
43737	3
43739	1
43740	2
43741	3
43742	2
43743	3
43744	1
43745	2
43746	1
43747	2
43748	2
43749	2
43750	1
43751	4
43752	4
43753	2
43754	2
43755	5
43756	2
43758	2
43759	3
43760	3
43762	3
43763	1
43764	1
43765	2
43766	1
43767	3
43768	2
43769	3
43770	2
43771	2
43772	1
43773	1
43774	3
43775	2
43776	3
43777	2
43778	3
43779	1
43780	3
43781	2
43782	2
43783	1
43784	3
43785	1
43786	4
43788	1
43789	2
43790	2
43791	1
43792	3
43793	7
43795	4
43796	4
43797	1
43798	5
43799	4
43800	2
43802	2
43803	4
43804	3
43805	1
43806	3
43807	8
43808	3
43809	3
43810	1
43811	1
43812	3
43813	3
43814	2
43815	4
43816	2
43817	2
43819	1
43820	1
43821	1
43823	2
43824	1
43825	1
43826	3
43827	2
43828	2
43829	2
43830	4
43831	5
43832	2
43833	5
43835	3
43836	1
43837	1
43839	4
43840	2
43841	2
43842	1
43843	1
43844	3
43845	2
43846	2
43847	1
43848	2
43849	5
43850	2
43851	2
43852	3
43853	1
43854	2
43855	3
43856	2
43857	1
43858	1
43860	8
43861	1
43862	3
43863	3
43865	3
43866	3
43867	1
43868	3
43871	4
43872	2
43873	5
43874	3
43875	2
43876	2
43877	4
43878	2
43879	3
43880	1
43881	1
43882	1
43883	1
43884	3
43885	5
43886	4
43887	1
43888	1
43889	3
43891	2
43893	1
43894	5
43895	2
43896	3
43897	3
43898	3
43899	5
43900	4
43902	1
43903	1
43904	2
43905	1
43906	2
43907	2
43908	1
43909	1
43910	1
43911	1
43912	1
43913	2
43914	1
43915	1
43916	2
43917	3
43918	2
43919	3
43920	2
43921	5
43922	1
43923	2
43924	1
43925	1
43926	2
43928	4
43929	1
43930	3
43931	4
43932	2
43933	3
43934	3
43935	1
43936	3
43937	3
43938	4
43939	2
43941	1
43942	2
43943	1
43945	4
43946	2
43947	2
43948	1
43949	4
43950	3
43951	1
43952	4
43953	5
43954	2
43955	2
43956	1
43958	2
43959	1
43960	6
43961	4
43963	2
43965	5
43966	1
43967	3
43968	3
43969	4
43970	2
43971	4
43972	2
43973	5
43974	2
43975	1
43976	4
43977	3
43978	4
43979	1
43980	4
43981	1
43982	3
43984	1
43985	1
43986	1
43987	1
43988	4
43989	2
43990	1
43991	2
43992	2
43993	1
43994	6
43995	1
43996	1
43997	2
43998	2
43999	3
44000	2
44001	2
44002	1
44003	2
44004	2
44007	3
44008	1
44009	2
44011	2
44012	1
44013	5
44014	1
44015	6
44016	2
44018	2
44019	3
44020	1
44021	2
44022	4
44023	1
44025	1
44026	2
44027	2
44028	4
44029	4
44030	3
44031	2
44032	3
44033	1
44034	3
44035	1
44036	2
44037	4
44038	1
44039	2
44040	1
44041	5
44042	3
44043	4
44044	2
44045	2
44046	2
44047	4
44048	4
44049	4
44050	4
44051	3
44052	1
44053	1
44054	4
44056	1
44057	2
44058	3
44059	2
44060	5
44061	2
44062	1
44063	1
44064	5
44065	3
44066	1
44067	3
44069	1
44070	1
44071	2
44072	3
44073	1
44074	1
44075	6
44076	1
44077	1
44081	1
44082	2
44084	4
44085	4
44086	2
44087	5
44088	3
44090	2
44091	1
44092	3
44093	3
44094	3
44095	2
44096	6
44097	2
44098	5
44099	3
44100	3
44101	6
44102	3
44103	1
44104	3
44105	1
44106	1
44107	1
44108	1
44109	5
44110	2
44111	4
44112	3
44113	1
44114	2
44115	3
44116	1
44117	2
44118	2
44119	1
44120	2
44121	3
44122	3
44123	4
44124	3
44125	1
44126	4
44127	4
44128	3
44129	1
44130	1
44131	1
44132	1
44133	2
44134	2
44135	1
44136	2
44138	4
44139	1
44140	2
44141	2
44142	7
44143	1
44144	2
44145	1
44146	1
44147	6
44148	2
44149	2
44150	1
44151	1
44153	3
44154	3
44155	1
44156	6
44157	1
44158	2
44159	4
44160	6
44161	1
44162	2
44163	1
44164	3
44165	2
44166	2
44167	2
44168	2
44169	2
44171	3
44172	3
44173	1
44175	3
44176	2
44177	2
44178	1
44179	3
44180	2
44181	5
44182	7
44183	4
44184	4
44185	4
44186	1
44187	3
44189	5
44190	5
44192	2
44193	3
44194	2
44195	2
44196	2
44197	3
44198	1
44199	1
44200	2
44201	1
44202	5
44203	1
44204	1
44205	3
44206	1
44207	5
44208	2
44209	1
44210	3
44211	2
44212	2
44214	3
44215	1
44216	1
44217	4
44219	3
44220	3
44221	2
44222	5
44223	2
44224	4
44225	1
44226	1
44227	3
44228	5
44229	2
44230	1
44231	1
44232	1
44233	1
44234	8
44236	4
44237	2
44238	2
44239	3
44240	2
44242	4
44244	5
44245	2
44246	3
44247	3
44248	2
44249	5
44250	3
44251	2
44253	3
44254	4
44255	2
44257	1
44258	4
44259	2
44260	1
44261	3
44262	3
44263	3
44264	3
44265	3
44266	1
44267	1
44268	1
44270	3
44271	3
44273	1
44274	1
44275	4
44276	2
44278	1
44279	4
44282	1
44283	2
44284	3
44285	4
44286	2
44287	2
44288	1
44289	2
44290	2
44291	4
44292	1
44294	3
44295	1
44296	1
44297	3
44298	1
44299	1
44300	1
44301	1
44303	4
44304	3
44305	2
44306	2
44307	1
44308	1
44309	4
44310	2
44311	1
44312	4
44313	2
44314	1
44315	1
44316	1
44317	1
44318	7
44319	3
44320	2
44321	2
44322	2
44323	1
44324	7
44325	2
44326	4
44327	2
44328	4
44329	3
44330	2
44331	1
44332	2
44333	3
44335	1
44336	3
44337	2
44338	1
44339	1
44341	4
44342	1
44343	3
44344	1
44345	2
44346	2
44347	4
44348	3
44349	3
44350	2
44351	4
44353	3
44354	3
44355	5
44356	1
44357	2
44358	1
44359	1
44360	1
44361	1
44362	2
44363	5
44364	3
44365	2
44366	1
44367	4
44368	2
44369	6
44370	6
44371	2
44372	6
44373	1
44374	1
44375	1
44376	1
44377	4
44378	1
44379	1
44380	1
44381	3
44382	1
44383	5
44384	1
44385	1
44386	1
44388	3
44389	2
44390	1
44392	2
44393	3
44394	4
44395	3
44396	5
44397	1
44398	2
44400	3
44402	1
44403	2
44405	2
44406	4
44408	1
44409	1
44410	2
44411	2
44412	2
44413	1
44414	2
44415	4
44416	1
44417	1
44418	1
44419	1
44420	7
44421	3
44422	4
44423	6
44424	1
44425	2
44426	3
44427	1
44428	2
44429	2
44430	2
44431	3
44432	1
44433	2
44434	3
44435	3
44436	2
44437	1
44438	3
44439	3
44440	1
44441	3
44442	1
44443	2
44444	7
44445	1
44446	2
44447	3
44448	2
44449	2
44450	2
44452	2
44453	3
44454	2
44455	5
44456	3
44457	3
44458	2
44459	3
44460	1
44461	7
44462	3
44463	1
44464	3
44465	2
44466	4
44467	2
44468	6
44469	5
44470	2
44471	3
44472	2
44473	4
44474	2
44475	4
44476	2
44477	4
44478	2
44480	4
44481	3
44482	1
44483	1
44484	1
44485	2
44486	4
44487	2
44489	2
44491	1
44492	3
44493	1
44494	1
44495	1
44496	2
44497	1
44498	3
44499	2
44500	3
44502	1
44503	1
44504	3
44505	3
44506	5
44507	5
44508	3
44509	1
44510	1
44511	2
44513	1
44514	5
44517	3
44518	2
44519	4
44520	4
44521	4
44522	1
44523	2
44524	3
44525	4
44526	1
44527	2
44528	2
44529	3
44531	3
44532	3
44533	1
44534	1
44535	1
44536	1
44537	1
44538	1
44539	3
44540	1
44541	1
44542	1
44543	2
44544	2
44545	2
44546	1
44547	2
44548	3
44549	1
44551	2
44552	4
44553	3
44554	2
44555	3
44556	3
44557	1
44558	4
44559	2
44560	1
44561	1
44562	1
44563	1
44564	1
44565	3
44567	1
44569	2
44571	2
44572	2
44573	2
44574	2
44575	1
44576	2
44577	2
44578	3
44580	1
44582	4
44583	4
44584	1
44585	3
44586	2
44588	1
44589	2
44590	2
44592	2
44593	2
44595	2
44596	2
44597	3
44598	5
44599	2
44600	4
44601	3
44602	1
44603	2
44604	4
44605	2
44606	2
44607	2
44608	2
44609	6
44610	3
44611	2
44612	3
44613	3
44614	3
44615	2
44616	2
44617	1
44618	1
44619	4
44620	2
44621	4
44622	3
44623	1
44624	2
44625	2
44626	3
44627	4
44628	2
44629	2
44630	3
44631	1
44632	2
44633	2
44635	4
44636	1
44638	1
44640	3
44641	1
44642	1
44643	2
44644	3
44645	1
44646	3
44647	3
44648	2
44649	2
44650	1
44651	4
44652	1
44653	4
44654	2
44655	2
44657	4
44658	3
44659	1
44661	3
44662	2
44663	2
44664	2
44665	4
44666	4
44668	3
44669	3
44670	1
44672	3
44673	1
44674	3
44676	3
44677	2
44678	3
44679	1
44680	1
44681	2
44682	3
44683	6
44684	4
44685	1
44686	1
44687	1
44689	3
44690	1
44691	4
44692	2
44693	1
44694	1
44695	2
44696	1
44698	3
44699	3
44700	1
44701	2
44702	3
44703	3
44704	1
44706	2
44707	3
44708	7
44709	1
44710	3
44711	1
44712	2
44714	2
44715	2
44716	1
44717	1
44719	1
44720	3
44721	1
44722	3
44723	3
44724	5
44725	3
44727	3
44728	2
44729	3
44730	4
44731	3
44732	3
44733	2
44734	2
44736	3
44737	7
44738	4
44739	5
44740	4
44741	1
44742	3
44743	1
44744	2
44745	3
44746	4
44748	1
44749	4
44750	1
44751	2
44752	3
44753	1
44754	1
44755	2
44756	1
44757	2
44758	2
44759	2
44760	2
44761	3
44762	1
44763	1
44766	2
44768	2
44769	1
44770	8
44771	2
44772	2
44773	2
44774	5
44776	4
44777	1
44778	2
44779	1
44780	3
44781	1
44782	2
44783	2
44785	1
44787	4
44788	6
44789	2
44790	2
44791	2
44792	2
44793	1
44794	2
44795	2
44796	2
44797	4
44798	3
44799	2
44800	4
44801	2
44802	3
44803	3
44804	1
44805	5
44806	3
44807	1
44808	1
44809	5
44810	4
44811	2
44812	1
44813	5
44814	3
44815	3
44816	3
44817	1
44819	4
44820	1
44821	2
44822	3
44823	7
44824	2
44825	4
44826	2
44827	2
44828	3
44829	2
44831	2
44832	2
44833	4
44834	4
44835	2
44836	2
44838	3
44839	2
44840	2
44841	1
44842	3
44844	1
44845	2
44846	3
44847	1
44848	2
44849	1
44850	3
44851	1
44852	2
44853	5
44855	1
44856	2
44857	3
44858	2
44859	2
44860	1
44862	1
44863	1
44865	5
44866	2
44867	4
44868	1
44869	1
44870	1
44871	4
44872	1
44873	1
44875	1
44876	2
44877	3
44878	2
44879	2
44880	3
44881	3
44882	1
44883	3
44884	3
44885	2
44886	2
44887	1
44888	3
44890	1
44891	2
44892	3
44894	2
44895	1
44896	1
44897	4
44898	2
44899	1
44900	2
44902	1
44904	5
44905	1
44906	4
44907	3
44908	2
44909	2
44910	2
44911	1
44912	3
44915	1
44916	3
44917	4
44918	2
44919	1
44920	6
44924	3
44925	1
44926	1
44927	1
44928	3
44929	1
44930	1
44932	3
44933	4
44934	2
44935	2
44936	1
44937	2
44939	3
44940	1
44941	3
44942	1
44943	2
44944	4
44946	2
44947	2
44949	1
44950	1
44951	1
44952	1
44953	1
44954	2
44955	2
44956	1
44957	3
44958	3
44959	3
44960	4
44961	1
44962	1
44963	2
44965	2
44966	2
44967	2
44968	2
44969	4
44971	4
44973	2
44974	4
44975	3
44976	4
44977	4
44978	1
44980	1
44981	2
44982	7
44983	1
44984	2
44986	3
44988	6
44989	4
44990	1
44991	2
44992	2
44993	1
44994	4
44995	2
44996	1
44998	2
44999	1
45000	2
45001	1
45002	2
45003	5
45004	3
45005	3
45006	6
45007	2
45008	1
45009	2
45010	4
45011	3
45012	5
45013	2
45014	2
45015	2
45016	3
45017	3
45019	2
45020	2
45021	1
45022	4
45023	2
45024	3
45025	1
45026	2
45027	1
45028	3
45029	2
45030	2
45031	1
45032	1
45033	4
45035	4
45036	2
45037	1
45039	3
45040	3
45041	2
45042	1
45043	1
45044	3
45046	2
45047	4
45048	1
45049	2
45050	2
45051	3
45052	2
45053	5
45054	2
45056	6
45057	4
45058	3
45059	2
45060	1
45061	1
45062	2
45063	2
45064	6
45065	2
45066	5
45067	4
45068	1
45069	1
45070	1
45071	2
45072	2
45073	3
45074	3
45075	2
45076	1
45077	4
45079	1
45080	1
45081	2
45082	4
45083	4
45084	3
45085	1
45086	2
45087	1
45088	5
45089	1
45090	2
45091	5
45092	2
45093	2
45094	1
45095	3
45096	4
45097	1
45098	1
45099	7
45100	3
45101	4
45102	3
45103	2
45104	3
45105	1
45106	2
45107	2
45108	2
45109	4
45110	2
45111	1
45112	2
45113	2
45114	1
45115	5
45116	1
45117	3
45118	2
45119	1
45120	2
45121	4
45122	4
45125	7
45126	1
45127	2
45128	5
45129	4
45130	1
45131	3
45132	4
45133	1
45134	3
45135	1
45136	2
45137	3
45138	1
45139	5
45140	2
45141	3
45142	1
45143	2
45144	1
45145	5
45146	3
45147	3
45148	2
45149	2
45150	2
45155	2
45156	4
45157	1
45158	3
45159	3
45160	3
45161	1
45162	2
45163	2
45164	3
45165	4
45166	1
45168	3
45169	1
45170	4
45171	2
45172	1
45173	3
45174	2
45175	5
45176	2
45177	5
45180	1
45181	2
45182	2
45183	1
45184	4
45185	3
45186	2
45187	2
45188	2
45189	1
45190	3
45191	1
45192	3
45193	2
45194	3
45195	1
45196	1
45197	3
45198	3
45199	3
45200	3
45202	3
45203	2
45204	2
45205	2
45206	1
45207	1
45208	1
45209	1
45210	4
45211	1
45212	3
45213	3
45214	1
45215	1
45216	3
45217	2
45218	2
45219	2
45220	1
45221	3
45222	1
45223	4
45224	2
45225	2
45227	2
45228	3
45229	1
45230	4
45231	3
45232	2
45233	3
45234	5
45235	3
45237	1
45238	1
45239	2
45240	3
45241	1
45244	2
45246	3
45247	1
45248	1
45249	2
45250	3
45251	2
45252	1
45253	3
45254	3
45255	3
45256	3
45257	1
45259	3
45261	4
45262	3
45263	3
45264	3
45265	6
45266	3
45268	1
45269	5
45270	2
45271	4
45272	5
45273	1
45276	1
45277	3
45278	3
45279	4
45280	3
45281	2
45282	2
45283	3
45284	2
45285	3
45286	1
45287	6
45288	3
45289	2
45290	5
45291	4
45292	1
45293	2
45294	1
45295	2
45296	3
45299	1
45300	2
45301	3
45302	2
45304	2
45305	1
45306	2
45307	4
45308	2
45309	1
45310	2
45311	4
45312	4
45313	2
45314	5
45315	3
45316	3
45317	2
45319	1
45320	1
45321	3
45322	5
45323	3
45325	2
45326	4
45327	2
45328	2
45329	2
45330	4
45332	2
45333	3
45334	3
45335	4
45336	5
45337	2
45338	1
45339	1
45340	2
45341	2
45342	4
45344	3
45345	2
45346	1
45347	2
45348	4
45349	4
45350	2
45351	3
45352	2
45353	2
45354	3
45355	3
45356	3
45357	2
45359	5
45360	2
45361	3
45363	3
45364	2
45365	1
45367	3
45368	1
45369	6
45370	4
45371	1
45372	1
45373	3
45374	2
45375	2
45376	6
45377	4
45378	5
45380	2
45381	1
45382	2
45383	2
45384	1
45385	1
45386	6
45387	3
45388	1
45389	1
45390	5
45391	3
45392	3
45393	1
45395	2
45396	1
45397	1
45398	5
45399	3
45400	5
45401	1
45402	3
45403	1
45405	2
45406	2
45407	3
45408	1
45409	2
45410	8
45411	3
45412	3
45413	3
45414	1
45415	1
45416	2
45417	1
45418	4
45419	2
45420	2
45421	1
45422	1
45423	3
45424	3
45425	3
45426	1
45427	2
45428	3
45429	1
45430	2
45431	1
45432	4
45433	3
45434	2
45435	2
45436	2
45437	3
45438	2
45439	1
45440	1
45441	2
45442	4
45443	4
45444	2
45445	3
45446	2
45448	1
45450	1
45451	3
45454	1
45455	4
45456	2
45457	3
45458	1
45459	2
45460	2
45461	2
45462	2
45463	5
45464	3
45465	2
45466	3
45467	5
45468	2
45469	2
45470	4
45471	3
45472	3
45473	1
45474	5
45476	2
45477	2
45478	2
45479	1
45480	4
45481	2
45482	2
45483	1
45485	2
45486	1
45487	3
45488	2
45489	1
45490	4
45491	2
45492	1
45493	3
45494	6
45495	2
45496	7
45497	5
45498	2
45499	3
45500	3
45501	1
45502	4
45503	3
45504	3
45505	3
45506	2
45509	2
45510	1
45511	1
45512	2
45513	2
45514	4
45515	4
45516	4
45517	3
45518	5
45519	1
45520	2
45521	2
45522	3
45523	4
45525	3
45526	4
45527	1
45528	3
45530	2
45531	4
45532	2
45533	2
45535	2
45536	2
45537	1
45538	3
45539	2
45540	1
45541	4
45542	3
45543	1
45544	2
45546	5
45547	1
45548	4
45549	1
45550	1
45551	1
45552	1
45553	3
45554	1
45555	3
45556	2
45557	4
45560	3
45562	2
45563	2
45564	1
45566	3
45567	3
45568	5
45569	2
45570	1
45571	4
45572	2
45573	1
45574	2
45575	2
45576	2
45577	4
45578	3
45579	3
45580	4
45581	2
45582	3
45583	4
45584	4
45585	1
45586	3
45587	1
45588	5
45589	2
45590	4
45591	2
45592	5
45593	3
45594	1
45596	1
45597	2
45598	2
45599	4
45600	1
45601	1
45602	3
45603	3
45604	1
45605	1
45606	1
45607	3
45608	1
45609	4
45611	1
45612	1
45613	1
45614	3
45615	3
45616	3
45617	3
45618	1
45619	5
45620	4
45621	5
45622	2
45623	1
45625	1
45628	4
45629	3
45630	3
45631	3
45632	3
45634	1
45635	3
45636	3
45637	1
45638	1
45639	3
45640	3
45641	2
45643	1
45644	2
45645	3
45646	2
45647	2
45648	2
45649	3
45650	3
45651	4
45652	2
45653	4
45654	3
45655	5
45656	7
45657	2
45659	7
45660	3
45661	7
45662	3
45663	7
45664	3
45665	4
45666	2
45668	1
45669	3
45670	1
45671	4
45672	3
45673	2
45674	1
45675	2
45676	1
45677	3
45678	5
45679	4
45680	1
45681	3
45682	2
45683	2
45684	6
45685	3
45686	3
45687	4
45688	1
45689	4
45690	3
45691	1
45692	1
45693	1
45694	2
45695	1
45696	1
45697	2
45698	1
45699	3
45700	3
45701	6
45702	4
45703	2
45704	4
45705	2
45706	3
45707	2
45708	2
45709	4
45710	3
45711	2
45712	3
45713	2
45714	1
45715	3
45716	1
45717	6
45718	1
45720	2
45722	4
45723	4
45724	1
45725	2
45726	2
45727	2
45728	1
45729	2
45730	3
45731	1
45733	2
45734	2
45735	5
45736	2
45737	3
45738	1
45739	3
45740	1
45741	2
45742	1
45743	2
45746	6
45747	3
45748	4
45749	2
45750	6
45751	1
45752	2
45753	2
45754	4
45755	1
45756	4
45757	1
45758	3
45759	2
45760	1
45761	1
45762	2
45763	4
45764	3
45766	1
45767	4
45768	2
45769	1
45770	3
45771	1
45773	4
45774	2
45775	3
45776	1
45777	3
45778	4
45779	3
45780	4
45783	1
45784	4
45785	1
45786	1
45787	3
45788	2
45791	1
45792	3
45793	1
45794	1
45795	1
45796	7
45797	1
45798	1
45799	3
45800	2
45801	3
45804	3
45805	1
45806	1
45807	4
45808	1
45809	2
45810	2
45811	5
45812	2
45813	1
45814	3
45815	1
45816	4
45817	4
45818	1
45819	2
45820	3
45822	3
45823	3
45824	3
45825	2
45826	1
45827	1
45829	4
45830	1
45831	2
45832	1
45834	2
45835	3
45836	4
45837	9
45838	2
45839	3
45840	4
45841	3
45842	6
45843	2
45844	3
45845	2
45846	2
45847	1
45848	1
45849	1
45850	2
45852	2
45853	2
45854	4
45855	1
45856	1
45859	2
45860	1
45861	3
45862	1
45863	4
45864	7
45865	4
45866	1
45867	6
45868	3
45869	2
45870	2
45871	2
45872	1
45873	3
45874	2
45875	1
45876	2
45877	2
45878	2
45879	2
45880	1
45881	3
45882	1
45883	1
45884	4
45885	2
45887	1
45888	3
45889	1
45890	2
45891	3
45892	1
45893	2
45894	1
45895	2
45896	3
45897	4
45898	5
45900	2
45901	3
45902	4
45903	2
45904	1
45905	1
45906	5
45907	1
45908	2
45909	4
45911	1
45912	3
45913	3
45914	1
45915	3
45916	2
45917	5
45918	2
45919	1
45920	1
45921	2
45922	1
45923	5
45925	5
45926	2
45927	5
45928	6
45929	2
45930	2
45931	2
45932	1
45933	1
45934	1
45935	1
45936	4
45937	2
45939	2
45940	4
45941	1
45942	3
45943	1
45944	4
45945	4
45946	2
45947	5
45948	2
45949	4
45950	2
45951	2
45952	1
45953	1
45954	1
45956	1
45957	3
45958	3
45959	1
45960	5
45961	2
45962	2
45963	1
45964	3
45965	2
45967	2
45968	2
45971	3
45972	3
45973	3
45974	2
45975	2
45976	4
45977	4
45978	4
45979	1
45980	2
45981	2
45982	3
45983	2
45984	5
45985	4
45988	3
45989	4
45990	3
45991	1
45992	1
45993	2
45994	3
45995	2
45997	2
45998	3
45999	5
46000	1
46001	2
46002	1
46003	1
46005	3
46006	3
46007	1
46008	1
46009	2
46010	2
46011	5
46012	3
46013	2
46014	1
46015	1
46016	2
46017	1
46018	1
46019	3
46020	1
46022	1
46023	2
46024	1
46025	3
46026	1
46027	1
46028	1
46029	3
46030	5
46031	4
46032	5
46033	3
46034	3
46035	3
46036	5
46039	1
46040	3
46042	3
46043	2
46044	2
46045	3
46046	3
46047	2
46048	2
46049	3
46050	2
46051	1
46052	2
46053	2
46054	4
46055	2
46056	2
46057	1
46058	5
46059	1
46060	2
46063	3
46064	3
46065	6
46066	3
46067	2
46068	1
46069	6
46070	1
46071	2
46072	3
46073	1
46074	2
46076	2
46077	3
46078	1
46079	3
46081	1
46082	1
46083	4
46084	3
46086	3
46087	3
46088	5
46089	2
46090	1
46091	2
46092	5
46093	3
46094	4
46095	4
46097	3
46098	3
46099	2
46100	2
46101	1
46102	1
46103	4
46104	1
46105	3
46106	3
46108	3
46109	3
46110	4
46111	4
46112	3
46115	3
46116	1
46117	1
46118	2
46119	2
46120	1
46121	2
46122	3
46123	2
46124	2
46125	1
46126	1
46127	3
46128	4
46129	2
46130	1
46131	7
46132	2
46133	2
46134	4
46135	1
46136	1
46137	3
46138	1
46139	6
46140	2
46141	2
46142	1
46143	3
46146	7
46147	2
46148	1
46149	1
46150	2
46151	2
46153	4
46154	4
46155	1
46156	1
46158	7
46159	2
46160	1
46161	4
46162	2
46163	3
46164	3
46165	1
46166	2
46167	2
46169	1
46170	3
46171	1
46172	3
46173	2
46174	2
46175	1
46176	3
46177	2
46178	2
46179	4
46180	5
46181	3
46183	1
46184	3
46186	3
46187	1
46188	2
46189	2
46190	5
46191	4
46192	3
46193	2
46194	5
46196	1
46197	2
46198	5
46200	3
46201	6
46202	3
46203	5
46204	3
46205	4
46208	3
46209	3
46210	2
46212	3
46213	1
46215	4
46216	2
46217	3
46218	1
46219	1
46220	2
46222	3
46223	2
46224	6
46225	5
46226	1
46227	1
46228	1
46229	5
46230	1
46231	2
46232	3
46233	2
46234	3
46235	5
46236	1
46238	2
46239	2
46240	4
46241	2
46242	3
46243	3
46244	3
46245	1
46246	1
46247	1
46249	2
46250	4
46251	3
46253	2
46254	1
46255	1
46256	2
46257	2
46258	2
46259	5
46260	2
46261	2
46262	3
46263	2
46264	3
46265	1
46266	1
46267	1
46268	2
46270	4
46271	2
46272	1
46274	4
46275	4
46276	6
46277	1
46278	3
46279	3
46280	1
46281	3
46282	1
46283	3
46284	3
46286	1
46287	1
46288	1
46289	3
46291	2
46292	3
46293	2
46294	2
46295	5
46296	2
46297	1
46298	5
46299	3
46301	3
46302	3
46304	4
46305	1
46306	2
46307	1
46308	2
46309	3
46310	3
46311	3
46312	4
46313	2
46314	2
46315	1
46317	5
46318	5
46319	4
46320	2
46321	2
46322	2
46323	3
46324	3
46325	1
46326	3
46327	3
46328	1
46329	1
46330	1
46331	3
46332	4
46333	2
46335	4
46336	1
46337	1
46338	1
46339	1
46340	3
46341	2
46342	3
46343	4
46344	2
46345	2
46346	1
46347	3
46348	2
46349	1
46350	1
46351	6
46352	3
46353	2
46354	1
46355	1
46356	1
46357	4
46358	2
46359	1
46360	1
46361	1
46362	1
46364	1
46365	4
46366	1
46367	2
46368	2
46370	2
46371	2
46373	1
46374	3
46375	2
46376	2
46378	7
46379	1
46380	1
46381	3
46382	1
46383	3
46384	1
46385	3
46386	2
46387	2
46388	1
46390	1
46391	1
46392	1
46393	3
46394	3
46395	3
46397	5
46398	3
46399	1
46400	3
46401	1
46402	2
46403	1
46404	7
46405	2
46406	4
46407	2
46408	2
46409	3
46410	5
46411	5
46412	2
46413	5
46414	2
46415	1
46417	3
46418	5
46419	5
46421	4
46422	5
46423	2
46424	1
46425	2
46426	2
46427	1
46428	3
46429	1
46430	2
46431	1
46432	4
46433	4
46434	2
46435	1
46436	1
46437	1
46438	6
46439	5
46440	2
46441	3
46443	1
46444	3
46445	1
46446	1
46447	5
46448	1
46449	2
46450	3
46451	2
46452	8
46453	1
46454	2
46455	3
46456	2
46457	1
46458	1
46459	2
46460	3
46461	2
46462	5
46463	4
46464	1
46465	4
46466	1
46467	1
46468	5
46469	2
46470	2
46472	1
46473	3
46474	2
46475	2
46478	3
46480	1
46481	2
46482	2
46483	2
46484	2
46485	1
46486	2
46487	4
46488	4
46489	2
46490	3
46491	3
46492	2
46493	1
46496	2
46497	2
46498	2
46500	3
46501	5
46502	1
46503	2
46504	6
46505	1
46506	2
46507	2
46509	3
46510	2
46511	5
46512	4
46513	3
46514	1
46515	4
46516	6
46518	1
46519	2
46520	1
46521	2
46522	3
46523	2
46528	2
46529	3
46530	6
46531	2
46532	3
46533	3
46534	2
46535	2
46536	4
46539	3
46540	2
46541	1
46542	2
46543	3
46545	1
46546	2
46548	1
46549	2
46550	4
46551	2
46552	3
46553	3
46554	2
46555	2
46556	3
46558	3
46559	2
46560	2
46563	2
46564	3
46565	1
46566	1
46567	3
46568	4
46569	2
46570	2
46571	4
46572	3
46573	4
46574	2
46575	2
46576	2
46577	2
46578	2
46579	2
46580	2
46581	1
46582	1
46583	1
46584	1
46585	2
46586	3
46587	2
46588	5
46590	4
46591	3
46592	5
46593	2
46594	2
46596	3
46597	4
46598	4
46599	1
46600	3
46601	2
46603	1
46604	1
46605	1
46607	3
46608	3
46609	5
46610	2
46611	3
46612	4
46613	4
46614	1
46615	3
46616	3
46617	1
46618	3
46619	2
46620	2
46621	3
46623	6
46624	4
46625	2
46626	2
46627	4
46628	3
46630	2
46631	2
46632	4
46633	3
46634	4
46635	2
46636	4
46638	1
46639	5
46640	5
46641	4
46642	1
46643	1
46644	2
46647	3
46648	9
46649	3
46650	2
46651	1
46653	3
46654	1
46655	2
46656	1
46657	5
46658	2
46659	1
46660	2
46661	3
46662	1
46663	3
46664	3
46665	3
46666	1
46667	4
46668	3
46669	5
46670	3
46671	3
46672	3
46673	3
46674	3
46676	2
46677	2
46678	2
46679	3
46680	1
46681	5
46682	2
46683	3
46684	2
46685	4
46686	1
46687	1
46688	4
46689	4
46690	4
46691	1
46692	5
46693	2
46694	1
46695	3
46697	2
46698	2
46699	1
46700	2
46701	3
46702	2
46703	1
46704	6
46705	2
46706	1
46707	6
46708	1
46709	2
46710	1
46711	3
46712	1
46713	1
46714	4
46715	1
46716	1
46717	6
46718	4
46719	5
46720	1
46721	3
46722	3
46724	1
46726	2
46727	2
46728	3
46729	3
46730	1
46731	2
46732	1
46734	2
46735	1
46736	3
46737	4
46738	2
46739	4
46740	2
46741	1
46742	2
46743	2
46744	1
46745	5
46746	3
46747	3
46749	2
46750	3
46751	4
46752	1
46753	2
46754	1
46755	3
46756	2
46757	3
46759	2
46760	2
46761	2
46762	3
46764	2
46766	1
46767	3
46768	1
46769	1
46770	1
46771	3
46772	4
46773	3
46774	5
46775	3
46776	3
46777	4
46778	1
46779	5
46780	5
46781	1
46782	2
46783	1
46784	4
46785	4
46787	1
46788	2
46789	1
46790	5
46791	4
46792	2
46793	3
46794	3
46795	1
46796	3
46797	1
46798	3
46799	3
46800	3
46801	2
46802	2
46803	6
46804	2
46805	3
46806	2
46807	2
46808	2
46809	2
46810	4
46812	3
46814	2
46815	6
46816	4
46817	2
46818	2
46819	4
46820	3
46821	4
46822	2
46823	2
46825	4
46826	1
46827	3
46828	2
46829	4
46830	1
46831	5
46832	1
46833	4
46834	1
46836	4
46837	3
46838	3
46839	1
46840	2
46841	3
46842	2
46843	2
46844	2
46846	1
46847	3
46848	1
46849	5
46850	5
46851	3
46852	2
46853	1
46854	3
46855	2
46856	3
46857	4
46858	3
46859	1
46860	4
46862	2
46864	2
46865	1
46866	3
46867	2
46868	1
46869	2
46871	1
46872	5
46873	3
46874	2
46875	3
46876	3
46877	2
46878	1
46879	3
46880	1
46881	1
46882	2
46883	1
46884	2
46885	3
46886	1
46889	1
46891	1
46892	2
46893	3
46894	1
46895	3
46897	2
46898	3
46900	4
46901	2
46902	2
46903	2
46904	1
46905	2
46907	3
46908	1
46910	1
46911	3
46912	1
46913	1
46915	3
46916	1
46917	4
46919	1
46921	2
46922	2
46923	3
46924	2
46925	2
46926	2
46927	2
46928	1
46929	1
46930	3
46931	1
46932	2
46934	3
46935	3
46936	1
46937	3
46938	2
46940	1
46941	4
46942	4
46944	2
46945	2
46947	5
46948	1
46949	2
46950	3
46951	2
46953	3
46954	2
46955	2
46956	1
46957	3
46958	4
46959	3
46960	2
46961	3
46962	2
46963	3
46964	2
46965	1
46966	4
46967	2
46969	4
46970	2
46971	2
46973	1
46974	2
46975	1
46976	1
46977	1
46978	2
46979	3
46980	6
46981	1
46982	2
46983	2
46984	2
46985	2
46986	5
46987	2
46989	3
46990	5
46991	2
46992	5
46994	2
46995	2
46996	1
46997	5
46998	4
46999	3
47000	2
47001	3
47002	1
47003	1
47004	2
47005	3
47006	4
47007	3
47008	1
47009	3
47010	1
47011	4
47012	1
47013	3
47014	1
47015	4
47017	1
47018	2
47019	1
47020	3
47021	1
47022	2
47025	4
47026	2
47027	3
47028	3
47029	2
47030	1
47031	1
47032	3
47033	3
47035	2
47036	3
47037	2
47038	4
47039	5
47040	1
47041	3
47042	5
47043	2
47044	1
47045	3
47046	4
47047	1
47048	1
47049	2
47050	1
47051	1
47052	4
47053	1
47055	5
47056	2
47057	3
47058	4
47059	5
47060	2
47061	1
47062	4
47063	2
47064	4
47066	3
47067	3
47068	2
47069	3
47071	4
47072	3
47073	1
47074	2
47075	2
47076	5
47077	4
47078	1
47079	3
47080	2
47081	2
47082	2
47083	1
47084	1
47085	4
47086	1
47087	3
47088	3
47089	4
47090	3
47091	1
47092	3
47093	3
47094	2
47095	1
47096	3
47097	1
47099	1
47100	3
47101	2
47102	2
47103	3
47104	3
47105	2
47106	4
47107	5
47108	2
47109	3
47110	1
47111	2
47112	1
47113	2
47114	2
47115	3
47116	5
47117	3
47118	1
47119	2
47120	4
47122	2
47123	2
47124	3
47125	3
47126	1
47127	3
47128	1
47129	2
47130	1
47131	2
47132	3
47133	1
47134	1
47135	2
47136	2
47137	2
47139	3
47140	1
47141	2
47142	1
47143	4
47144	1
47145	2
47146	3
47147	2
47148	2
47149	3
47151	2
47152	5
47153	2
47154	1
47155	4
47156	2
47157	1
47158	1
47159	1
47160	3
47161	1
47162	4
47163	5
47164	2
47165	4
47166	2
47167	2
47168	1
47169	3
47170	2
47171	2
47172	1
47173	5
47175	1
47176	2
47178	6
47179	4
47180	1
47182	2
47183	3
47184	3
47186	1
47187	1
47188	2
47189	3
47190	1
47192	1
47193	1
47194	3
47195	3
47196	2
47197	1
47198	2
47199	2
47200	1
47201	2
47203	3
47204	1
47205	2
47206	1
47207	4
47209	2
47210	3
47211	2
47212	1
47213	1
47214	3
47215	3
47216	2
47218	2
47219	1
47220	3
47221	4
47222	1
47224	2
47225	1
47226	1
47227	1
47228	2
47229	3
47230	3
47231	3
47232	3
47233	4
47234	2
47235	1
47236	3
47237	2
47239	3
47240	4
47241	2
47242	6
47244	4
47245	1
47246	1
47247	4
47249	1
47250	1
47251	1
47253	1
47254	1
47255	2
47256	2
47257	2
47258	3
47259	1
47261	3
47262	3
47263	2
47264	1
47265	1
47266	3
47267	3
47268	3
47269	3
47270	4
47272	2
47273	2
47274	1
47275	3
47276	3
47277	1
47279	1
47280	1
47281	3
47282	1
47283	2
47284	3
47285	4
47286	2
47287	1
47288	4
47289	1
47290	1
47291	1
47292	2
47293	1
47294	1
47296	3
47297	2
47298	2
47299	1
47300	2
47301	2
47302	2
47303	2
47304	2
47305	3
47307	2
47308	5
47309	5
47311	2
47312	4
47313	2
47314	1
47315	5
47316	2
47317	2
47318	2
47319	3
47320	4
47321	5
47322	4
47323	3
47324	1
47325	1
47327	6
47328	3
47329	4
47330	3
47331	2
47332	1
47333	4
47334	3
47335	6
47337	1
47339	2
47340	3
47341	4
47342	1
47343	4
47344	4
47345	3
47346	2
47347	7
47348	3
47349	2
47350	5
47351	4
47352	2
47353	1
47354	2
47355	2
47356	5
47358	3
47359	1
47360	5
47361	2
47362	1
47363	2
47364	4
47365	6
47366	2
47367	3
47368	1
47369	3
47370	1
47371	3
47372	1
47373	3
47374	1
47375	2
47376	3
47377	5
47378	1
47379	4
47380	3
47381	1
47382	3
47383	2
47384	3
47385	1
47386	1
47387	3
47388	5
47389	1
47390	4
47391	4
47393	5
47394	2
47395	2
47396	4
47397	1
47398	1
47399	1
47400	2
47401	1
47402	1
47403	1
47404	1
47405	4
47406	4
47407	2
47408	3
47409	2
47411	3
47412	3
47413	4
47414	2
47415	3
47416	4
47417	4
47418	1
47419	3
47420	2
47421	1
47422	1
47423	1
47424	1
47425	2
47427	1
47428	1
47429	1
47430	3
47431	2
47432	2
47433	3
47434	1
47435	1
47436	1
47437	4
47438	2
47439	1
47440	4
47441	3
47442	2
47444	3
47445	3
47446	1
47447	2
47449	2
47450	4
47451	3
47452	1
47453	2
47454	1
47455	1
47456	4
47457	3
47458	3
47459	1
47460	7
47461	2
47462	1
47463	2
47464	2
47466	1
47467	3
47468	3
47469	4
47470	4
47471	3
47472	3
47473	1
47474	2
47475	4
47476	1
47478	2
47479	1
47480	2
47482	4
47483	2
47484	2
47485	1
47486	2
47487	1
47488	1
47489	4
47490	2
47491	3
47492	3
47493	1
47494	1
47495	2
47496	4
47497	2
47498	2
47499	1
47500	3
47501	1
47502	2
47504	2
47505	6
47506	2
47507	3
47508	2
47510	3
47511	2
47512	2
47513	1
47514	6
47515	3
47516	3
47519	2
47520	5
47521	2
47522	1
47523	4
47524	1
47525	4
47526	1
47527	2
47528	1
47529	5
47530	6
47531	1
47532	5
47533	2
47534	1
47535	4
47536	2
47537	2
47538	4
47539	1
47540	2
47542	2
47543	6
47544	4
47545	4
47546	1
47547	3
47548	2
47549	1
47550	1
47551	2
47553	3
47555	1
47556	3
47557	4
47558	2
47559	2
47560	4
47561	4
47562	2
47563	1
47564	2
47565	2
47566	2
47567	3
47568	1
47569	2
47570	2
47571	1
47573	6
47574	1
47575	1
47576	2
47577	1
47578	2
47579	3
47580	1
47581	1
47582	2
47583	6
47584	2
47585	2
47586	1
47587	1
47588	1
47589	4
47590	3
47591	2
47592	1
47593	5
47594	2
47595	1
47596	3
47598	1
47599	2
47601	1
47602	3
47603	2
47604	1
47605	2
47606	2
47608	3
47609	4
47610	1
47611	2
47613	4
47614	2
47616	3
47617	4
47618	3
47619	1
47620	2
47621	2
47622	1
47623	3
47624	1
47625	3
47626	1
47627	1
47628	2
47629	2
47630	2
47631	3
47632	2
47633	1
47634	2
47635	3
47637	2
47638	3
47640	4
47641	3
47643	1
47645	2
47646	2
47647	4
47649	2
47650	1
47651	3
47652	1
47653	1
47655	2
47656	4
47657	2
47658	1
47659	4
47660	5
47661	2
47662	3
47663	4
47664	1
47666	4
47667	2
47668	2
47669	5
47670	2
47671	1
47672	5
47673	1
47674	2
47675	2
47676	2
47677	2
47678	1
47679	2
47680	1
47681	2
47682	1
47683	3
47685	7
47686	2
47687	4
47688	3
47690	1
47691	2
47692	3
47693	1
47694	4
47695	4
47696	3
47698	1
47699	2
47700	2
47701	2
47702	4
47703	2
47704	2
47705	3
47706	2
47707	1
47708	3
47710	4
47711	2
47712	2
47713	2
47716	1
47717	4
47718	1
47719	3
47720	6
47721	6
47722	2
47724	3
47725	1
47726	1
47727	2
47728	3
47729	2
47730	1
47731	2
47732	1
47733	2
47734	1
47735	5
47736	1
47737	2
47738	2
47739	1
47740	3
47741	4
47742	2
47743	1
47744	2
47745	4
47746	1
47747	3
47749	1
47750	2
47751	2
47752	4
47753	3
47754	1
47755	1
47756	2
47757	3
47758	3
47759	2
47760	2
47761	4
47762	3
47763	2
47765	2
47766	3
47767	2
47768	1
47769	2
47770	5
47771	1
47772	1
47773	2
47774	2
47775	4
47776	5
47777	2
47778	3
47779	2
47780	1
47781	3
47782	4
47783	2
47784	2
47785	2
47786	1
47787	1
47788	3
47789	1
47790	1
47791	1
47792	4
47793	2
47795	3
47796	2
47797	2
47798	1
47799	1
47800	1
47801	2
47802	2
47803	2
47804	2
47805	2
47806	2
47808	3
47809	1
47810	3
47811	4
47812	2
47814	2
47815	3
47816	5
47817	3
47818	2
47819	2
47820	5
47821	2
47822	4
47823	1
47824	3
47825	2
47826	5
47827	1
47828	4
47829	1
47830	3
47831	2
47832	2
47833	1
47834	1
47835	2
47836	1
47837	6
47838	2
47839	3
47840	6
47841	1
47842	1
47843	1
47845	4
47846	3
47847	1
47848	4
47849	6
47850	1
47851	4
47852	2
47853	3
47854	2
47855	2
47856	3
47857	2
47858	2
47859	3
47860	4
47861	3
47862	3
47863	1
47864	2
47865	2
47866	2
47867	3
47868	1
47869	1
47870	1
47871	2
47872	1
47873	3
47874	3
47875	2
47876	5
47877	3
47878	2
47879	4
47880	1
47881	3
47882	2
47883	4
47884	5
47885	2
47886	5
47887	2
47888	3
47889	2
47890	3
47891	2
47892	3
47893	2
47895	1
47896	2
47897	2
47898	3
47899	3
47900	2
47901	3
47902	1
47903	1
47904	3
47905	6
47906	3
47907	3
47908	2
47909	3
47910	5
47911	3
47912	6
47913	2
47914	1
47915	1
47916	2
47917	1
47918	2
47919	1
47920	1
47921	3
47922	1
47923	4
47924	4
47925	3
47926	3
47927	2
47928	1
47931	2
47932	2
47933	3
47934	1
47935	1
47936	1
47937	3
47938	3
47939	1
47940	2
47941	2
47942	3
47943	2
47945	2
47946	2
47947	3
47948	3
47949	3
47950	2
47951	1
47952	2
47953	3
47954	2
47955	1
47956	1
47957	4
47958	3
47959	4
47960	3
47961	2
47962	3
47964	4
47965	1
47966	3
47968	3
47970	2
47971	3
47972	5
47973	2
47974	5
47975	3
47976	1
47977	1
47978	1
47979	4
47980	3
47981	2
47982	2
47984	3
47985	2
47986	2
47987	1
47988	1
47990	2
47992	4
47993	3
47994	3
47995	1
47996	3
47997	1
47998	2
47999	1
48000	4
48001	2
48002	1
48003	5
48004	2
48006	2
48007	1
48008	5
48009	2
48010	6
48013	2
48014	2
48015	3
48016	6
48017	2
48018	1
48019	5
48020	1
48021	1
48022	3
48023	3
48024	3
48025	1
48026	5
48027	1
48028	3
48030	2
48031	1
48032	3
48033	5
48035	2
48036	4
48037	1
48038	4
48039	3
48040	5
48041	2
48042	3
48043	5
48044	4
48045	4
48046	1
48047	3
48048	2
48049	1
48050	2
48051	2
48052	1
48053	2
48054	1
48055	2
48057	3
48058	3
48059	1
48060	5
48061	3
48062	2
48063	3
48064	2
48065	2
48066	1
48067	2
48068	1
48069	2
48070	5
48071	1
48073	3
48074	2
48075	1
48076	6
48077	5
48078	2
48080	3
48081	2
48082	3
48083	2
48084	5
48085	2
48086	1
48087	2
48088	3
48089	1
48090	1
48091	3
48092	4
48093	4
48094	1
48096	3
48097	1
48098	3
48099	1
48101	1
48102	5
48103	2
48104	2
48105	3
48106	4
48107	5
48108	3
48109	1
48110	1
48111	2
48112	1
48113	2
48114	4
48115	2
48116	2
48117	4
48118	3
48119	5
48121	2
48122	1
48123	4
48124	1
48125	3
48126	1
48127	5
48128	2
48129	3
48130	4
48131	3
48132	2
48133	4
48135	2
48136	3
48138	3
48139	3
48140	2
48141	2
48142	3
48143	3
48144	3
48145	2
48146	1
48147	1
48148	3
48149	1
48150	2
48151	4
48152	2
48153	1
48154	1
48155	1
48156	2
48157	2
48158	3
48159	1
48161	1
48162	4
48163	1
48164	4
48165	1
48166	2
48167	4
48168	3
48169	3
48170	5
48171	3
48172	2
48174	4
48175	1
48176	1
48177	1
48178	1
48179	2
48180	3
48181	2
48182	1
48183	4
48184	3
48185	1
48186	3
48187	2
48188	1
48189	5
48190	2
48191	3
48192	1
48193	1
48194	1
48195	2
48196	3
48197	2
48198	4
48199	3
48201	3
48202	1
48203	5
48204	1
48205	4
48206	2
48207	2
48208	3
48209	5
48210	2
48211	1
48212	2
48213	2
48214	5
48215	2
48216	2
48217	1
48218	4
48219	1
48220	5
48221	4
48222	3
48223	3
48224	4
48225	2
48226	2
48227	4
48228	4
48229	2
48230	2
48231	4
48232	2
48233	3
48234	2
48235	4
48236	2
48237	2
48238	1
48239	2
48240	2
48241	3
48242	5
48243	2
48244	1
48246	2
48247	4
48248	2
48251	1
48252	1
48253	3
48254	3
48255	4
48256	2
48257	4
48258	1
48259	3
48260	1
48261	2
48262	4
48263	3
48264	3
48265	1
48266	3
48267	2
48268	1
48270	1
48271	4
48272	2
48273	2
48274	2
48275	1
48276	1
48277	1
48278	1
48279	3
48281	5
48282	5
48284	4
48285	1
48286	2
48287	1
48288	3
48289	3
48290	2
48291	1
48292	1
48293	2
48294	1
48296	1
48297	2
48298	3
48299	1
48300	2
48302	3
48303	1
48304	2
48305	3
48306	3
48308	1
48309	2
48310	4
48311	1
48312	2
48313	4
48314	4
48315	4
48318	1
48319	1
48320	2
48321	6
48322	2
48323	2
48324	1
48325	3
48326	1
48327	3
48328	3
48329	2
48330	3
48331	2
48332	3
48333	2
48334	1
48335	3
48336	3
48337	2
48338	1
48339	3
48340	3
48341	4
48342	3
48343	2
48344	2
48345	3
48347	2
48348	4
48349	6
48350	1
48351	2
48352	3
48353	3
48354	3
48355	2
48356	3
48357	3
48358	2
48359	4
48360	1
48361	1
48362	1
48363	4
48364	3
48365	2
48366	2
48367	2
48369	1
48370	1
48371	2
48372	1
48373	2
48374	3
48375	3
48376	3
48377	1
48378	1
48379	1
48380	1
48381	3
48382	2
48383	5
48384	4
48386	3
48387	5
48388	2
48389	7
48390	7
48391	3
48392	2
48393	4
48394	2
48395	3
48396	1
48397	2
48398	3
48399	6
48401	4
48402	4
48403	1
48404	1
48405	3
48407	1
48408	1
48409	3
48410	1
48412	2
48413	1
48414	4
48415	2
48416	1
48417	4
48419	3
48420	1
48421	1
48422	3
48423	2
48424	2
48426	2
48427	3
48428	2
48429	4
48430	1
48431	1
48432	4
48433	2
48435	3
48437	5
48438	5
48439	2
48440	1
48441	2
48442	2
48443	4
48444	4
48445	2
48446	1
48447	1
48448	3
48449	1
48450	5
48451	5
48452	4
48453	4
48454	3
48456	1
48458	1
48459	2
48461	4
48462	2
48463	3
48464	1
48465	3
48466	1
48467	3
48468	1
48470	2
48471	2
48472	2
48474	4
48475	5
48476	4
48479	2
48480	2
48481	2
48482	4
48483	1
48485	1
48486	1
48487	1
48488	1
48489	5
48490	1
48491	1
48492	4
48493	1
48494	1
48495	2
48496	2
48497	2
48498	1
48499	1
48501	1
48502	2
48503	1
48504	2
48506	1
48507	3
48508	1
48509	2
48512	1
48513	1
48515	2
48516	2
48517	1
48518	2
48519	3
48520	2
48521	3
48522	2
48523	3
48524	3
48525	4
48526	3
48527	1
48528	1
48529	2
48530	2
48531	4
48532	2
48533	1
48534	1
48535	2
48536	2
48537	1
48538	1
48539	2
48541	1
48542	2
48543	2
48544	3
48545	2
48546	4
48547	4
48548	1
48549	1
48550	2
48551	3
48552	7
48553	2
48554	4
48555	4
48556	2
48557	4
48558	4
48560	2
48561	3
48562	2
48563	4
48564	2
48565	4
48566	3
48567	2
48568	4
48569	1
48570	1
48571	3
48572	1
48573	1
48575	1
48576	1
48577	1
48578	3
48579	1
48580	4
48581	3
48582	4
48583	3
48584	1
48585	1
48586	1
48587	3
48588	1
48589	4
48590	2
48591	1
48592	3
48593	3
48594	4
48595	2
48597	3
48598	3
48599	2
48600	2
48601	2
48602	3
48603	1
48604	2
48605	1
48606	3
48607	3
48608	4
48609	5
48610	1
48611	2
48612	1
48613	1
48615	2
48616	1
48619	2
48621	1
48623	1
48624	2
48625	1
48626	3
48627	3
48628	1
48629	1
48630	1
48632	1
48633	4
48634	1
48635	2
48636	2
48637	2
48638	1
48639	2
48640	2
48641	4
48642	4
48643	2
48644	3
48645	2
48647	2
48648	1
48649	2
48650	1
48651	3
48652	3
48653	3
48654	2
48655	2
48656	1
48657	2
48658	4
48659	1
48660	1
48661	1
48662	2
48663	3
48665	2
48666	2
48667	1
48669	3
48670	1
48671	2
48672	1
48673	2
48674	2
48675	3
48676	3
48677	3
48678	3
48680	3
48683	1
48684	3
48685	1
48686	4
48687	2
48688	2
48689	1
48692	3
48694	5
48695	5
48696	2
48697	1
48699	2
48700	2
48701	2
48702	2
48703	2
48704	3
48705	2
48706	2
48707	2
48708	1
48709	2
48710	2
48712	2
48713	2
48714	1
48715	3
48716	1
48717	1
48718	5
48719	2
48720	1
48721	2
48722	3
48723	2
48724	3
48725	1
48726	2
48727	2
48728	2
48729	1
48731	1
48732	2
48733	3
48734	2
48735	3
48736	1
48737	2
48738	1
48739	2
48740	4
48741	3
48742	2
48743	6
48744	8
48745	3
48746	1
48747	2
48748	5
48749	1
48750	2
48751	4
48752	1
48753	1
48754	1
48755	4
48756	3
48757	3
48759	2
48760	3
48761	2
48762	5
48763	2
48764	1
48765	1
48766	1
48767	3
48768	2
48769	5
48770	3
48772	1
48773	3
48774	4
48775	3
48776	2
48777	2
48778	2
48779	2
48780	6
48781	1
48782	2
48783	3
48784	1
48785	2
48786	2
48787	2
48788	2
48789	3
48790	1
48791	7
48792	2
48794	1
48795	2
48797	1
48798	2
48799	4
48800	3
48801	1
48804	2
48805	3
48806	1
48807	2
48808	1
48811	3
48812	2
48813	5
48814	3
48815	2
48817	1
48818	2
48819	2
48821	4
48822	3
48823	2
48824	2
48825	3
48826	4
48827	1
48829	4
48830	1
48831	6
48832	1
48833	3
48834	3
48835	1
48836	3
48837	4
48838	2
48839	2
48840	1
48841	2
48842	4
48843	2
48844	1
48845	2
48846	2
48848	1
48849	4
48850	1
48851	1
48852	4
48853	2
48854	4
48855	1
48856	4
48857	2
48858	2
48859	2
48860	2
48862	4
48863	4
48864	3
48865	2
48866	1
48867	1
48868	1
48869	4
48870	2
48871	2
48872	3
48874	4
48875	4
48876	4
48877	1
48878	2
48880	2
48881	3
48882	6
48883	3
48884	1
48885	2
48886	3
48887	1
48888	2
48889	3
48891	1
48893	2
48894	3
48895	2
48896	2
48897	3
48898	2
48899	2
48900	1
48901	3
48902	4
48904	3
48905	2
48907	6
48909	3
48910	5
48911	3
48912	3
48913	2
48914	2
48916	2
48917	2
48918	2
48919	2
48920	4
48921	5
48922	1
48923	3
48924	1
48925	3
48927	3
48928	2
48930	2
48931	3
48932	2
48933	3
48934	2
48935	4
48936	3
48937	2
48939	2
48940	2
48941	5
48942	1
48943	2
48944	3
48945	6
48946	2
48947	3
48949	2
48950	3
48951	1
48952	3
48953	4
48954	3
48955	2
48956	1
48957	1
48958	2
48959	2
48960	1
48961	2
48963	2
48964	1
48966	1
48967	6
48968	2
48969	4
48970	5
48971	1
48972	4
48973	3
48974	4
48975	4
48976	3
48977	3
48978	1
48979	3
48980	3
48981	2
48983	2
48984	5
48985	3
48986	3
48987	1
48988	1
48989	4
48990	1
48992	4
48993	2
48994	1
48995	3
48997	3
48998	4
48999	1
49000	2
49001	1
49003	1
49004	3
49005	3
49006	3
49007	3
49008	3
49009	6
49010	2
49011	4
49014	3
49015	2
49016	6
49017	1
49018	2
49019	1
49020	2
49021	2
49022	1
49023	6
49024	1
49025	2
49026	2
49027	3
49029	2
49030	2
49031	3
49032	2
49033	3
49034	1
49035	1
49037	4
49038	1
49039	1
49040	3
49041	2
49042	2
49043	3
49045	5
49046	1
49048	1
49049	2
49050	2
49051	2
49052	1
49053	3
49054	1
49055	1
49056	3
49058	1
49059	2
49060	1
49061	5
49062	6
49063	1
49064	2
49066	2
49067	1
49068	2
49069	2
49070	1
49071	1
49072	2
49073	2
49075	3
49076	4
49077	1
49078	2
49079	1
49080	2
49081	2
49082	2
49083	3
49084	1
49085	4
49086	4
49087	4
49088	2
49089	2
49090	2
49091	4
49092	3
49093	2
49095	8
49096	1
49097	2
49098	3
49099	1
49101	3
49102	2
49103	2
49104	2
49105	2
49107	2
49108	1
49109	1
49110	2
49112	1
49113	4
49114	2
49115	3
49117	3
49118	1
49119	2
49120	1
49121	3
49122	2
49123	2
49124	1
49125	3
49126	3
49127	2
49128	1
49129	3
49130	3
49131	5
49132	6
49133	3
49134	3
49135	1
49136	2
49137	2
49138	1
49139	3
49140	5
49141	3
49142	1
49143	2
49145	1
49146	5
49147	2
49148	2
49149	1
49150	3
49151	2
49152	1
49153	2
49154	5
49155	5
49157	5
49158	4
49159	2
49160	6
49161	3
49162	2
49163	3
49166	5
49167	1
49169	1
49170	2
49171	1
49172	4
49176	1
49177	5
49178	3
49179	1
49180	3
49181	2
49182	1
49183	3
49184	3
49185	2
49186	5
49187	4
49188	3
49189	1
49192	5
49193	5
49194	1
49195	1
49196	5
49197	1
49198	3
49199	3
49200	3
49201	1
49202	1
49203	1
49204	2
49205	2
49206	1
49207	1
49208	1
49209	3
49210	2
49211	1
49212	2
49213	4
49214	2
49215	3
49216	2
49217	3
49218	2
49219	2
49220	2
49221	2
49222	8
49223	2
49225	1
49226	3
49227	1
49228	3
49229	3
49230	1
49231	2
49232	2
49233	3
49234	1
49235	2
49236	1
49237	4
49238	6
49239	5
49240	2
49241	2
49242	1
49243	1
49244	1
49246	2
49247	3
49248	1
49250	1
49252	3
49253	3
49254	2
49256	2
49257	3
49258	2
49259	1
49260	4
49261	2
49263	2
49264	2
49265	1
49266	4
49267	3
49268	2
49269	2
49271	2
49273	2
49274	5
49275	1
49276	1
49277	3
49278	1
49280	5
49281	1
49282	2
49283	1
49284	2
49285	4
49286	2
49287	3
49288	1
49289	3
49290	4
49291	1
49292	5
49293	2
49294	3
49295	3
49296	3
49297	2
49298	2
49299	1
49301	4
49302	1
49303	2
49304	1
49305	2
49306	1
49307	1
49308	4
49309	1
49310	4
49311	1
49312	2
49313	4
49314	3
49315	4
49316	1
49317	1
49318	3
49319	3
49320	3
49322	2
49323	2
49324	3
49326	7
49327	6
49328	3
49329	2
49330	2
49331	3
49332	5
49333	3
49334	3
49335	2
49336	3
49337	3
49338	3
49339	2
49340	2
49341	2
49342	4
49343	2
49344	3
49345	1
49346	5
49347	3
49348	1
49349	1
49350	1
49351	2
49353	1
49354	2
49355	1
49356	4
49357	2
49359	1
49360	6
49361	3
49362	1
49363	1
49364	3
49365	1
49366	2
49367	4
49368	2
49369	1
49370	3
49371	4
49372	1
49373	3
49374	1
49377	5
49378	2
49379	4
49380	3
49381	2
49382	1
49383	4
49384	3
49385	1
49388	1
49389	5
49390	2
49392	1
49393	1
49395	1
49396	1
49397	1
49398	5
49399	1
49400	1
49401	2
49402	2
49403	3
49404	1
49406	1
49407	2
49408	3
49409	1
49410	2
49411	2
49412	3
49413	3
49414	1
49415	3
49416	3
49417	4
49418	3
49419	4
49420	1
49421	2
49422	2
49423	4
49424	2
49425	1
49426	3
49427	1
49428	5
49429	2
49430	3
49431	3
49432	5
49433	1
49434	1
49435	2
49437	1
49439	1
49440	2
49441	2
49442	3
49443	5
49444	3
49446	2
49447	2
49448	1
49449	2
49451	1
49452	1
49453	2
49454	2
49455	5
49456	4
49457	3
49458	2
49459	1
49460	2
49462	1
49464	5
49465	1
49469	1
49470	3
49471	3
49472	3
49473	3
49474	3
49476	5
49477	5
49478	2
49480	5
49481	2
49482	4
49483	1
49484	1
49485	3
49486	1
49487	4
49488	2
49489	5
49490	2
49491	1
49492	3
49493	2
49494	4
49495	4
49496	2
49498	2
49499	3
49500	4
49502	3
49503	1
49504	2
49505	3
49506	1
49507	5
49508	3
49510	2
49511	5
49512	5
49513	3
49514	2
49516	1
49517	1
49518	3
49520	3
49521	3
49523	1
49524	2
49525	1
49526	1
49528	2
49529	3
49530	2
49531	4
49532	4
49533	1
49535	3
49536	1
49537	1
49538	2
49539	2
49540	1
49541	2
49542	4
49543	3
49544	1
49545	3
49546	1
49547	3
49548	3
49549	1
49550	1
49551	6
49552	3
49553	6
49554	4
49557	3
49558	2
49560	3
49561	4
49564	3
49565	2
49566	2
49567	2
49568	2
49569	2
49570	3
49571	3
49572	4
49573	3
49575	2
49576	3
49577	3
49578	1
49579	1
49580	3
49581	1
49582	4
49583	1
49584	3
49585	4
49587	1
49588	5
49589	2
49590	3
49591	4
49592	3
49593	2
49594	1
49595	1
49596	1
49597	3
49598	2
49599	2
49600	1
49601	3
49602	2
49603	3
49604	3
49605	3
49607	1
49608	3
49609	2
49610	4
49611	1
49612	2
49613	2
49614	3
49615	2
49616	3
49617	2
49618	1
49619	2
49620	3
49622	1
49623	1
49624	2
49625	1
49626	1
49628	3
49629	2
49630	2
49631	1
49632	1
49633	1
49635	2
49636	6
49637	6
49638	3
49639	1
49640	3
49641	2
49642	2
49643	1
49644	3
49645	2
49646	4
49647	3
49648	2
49649	2
49650	1
49652	1
49653	4
49654	1
49655	3
49656	3
49657	2
49658	1
49659	1
49660	5
49661	2
49662	1
49663	3
49664	4
49665	1
49666	3
49667	2
49668	2
49670	2
49671	1
49673	1
49674	2
49675	4
49676	5
49677	4
49678	2
49679	6
49682	3
49683	2
49684	4
49685	1
49686	2
49687	2
49689	3
49690	5
49691	3
49692	2
49693	2
49694	1
49695	2
49696	2
49697	2
49698	2
49699	3
49700	5
49701	2
49702	5
49703	4
49704	2
49705	1
49706	1
49707	3
49708	5
49709	3
49710	3
49712	2
49714	2
49715	3
49716	5
49717	3
49718	2
49719	2
49720	2
49721	1
49723	3
49724	2
49725	2
49726	1
49727	2
49728	1
49730	4
49731	2
49732	4
49733	1
49734	2
49735	2
49736	4
49737	4
49738	1
49740	4
49741	2
49742	2
49743	5
49744	1
49745	2
49746	2
49747	2
49748	3
49749	1
49750	1
49751	3
49752	3
49753	1
49754	1
49755	1
49756	2
49757	2
49758	3
49759	1
49760	2
49761	2
49762	4
49763	2
49764	4
49765	1
49766	2
49769	3
49770	3
49771	2
49772	1
49773	1
49774	1
49775	1
49776	3
49777	2
49778	4
49780	3
49781	1
49782	2
49783	3
49784	4
49785	3
49786	2
49787	1
49788	4
49789	1
49791	1
49792	3
49793	3
49794	1
49795	3
49796	2
49797	4
49798	2
49799	3
49800	3
49801	1
49802	4
49803	4
49805	2
49807	3
49808	1
49809	1
49810	1
49811	1
49812	3
49813	1
49814	3
49815	2
49816	2
49817	4
49818	1
49820	2
49821	3
49822	1
49823	4
49824	1
49825	2
49826	2
49827	3
49828	2
49829	3
49830	2
49831	1
49832	2
49834	6
49835	3
49836	2
49837	5
49838	5
49839	1
49840	7
49841	2
49842	4
49844	2
49845	1
49846	6
49847	2
49848	3
49849	3
49850	2
49852	1
49853	4
49854	1
49855	1
49856	3
49857	1
49859	1
49860	1
49861	1
49862	2
49863	1
49864	2
49865	4
49866	1
49867	4
49869	4
49870	3
49871	4
49872	5
49873	1
49874	1
49875	1
49877	2
49878	2
49879	3
49880	1
49881	1
49884	4
49885	4
49886	1
49888	2
49889	1
49890	1
49891	7
49892	2
49893	2
49894	2
49895	2
49897	5
49898	3
49899	3
49900	3
49901	4
49902	3
49903	4
49904	2
49905	1
49906	3
49907	2
49908	2
49909	4
49910	2
49911	1
49913	3
49914	1
49915	1
49916	4
49917	6
49918	2
49919	2
49920	2
49922	1
49923	1
49925	2
49926	1
49927	2
49928	1
49929	5
49931	3
49932	2
49933	1
49934	3
49936	1
49937	3
49938	1
49939	2
49940	3
49941	2
49942	2
49945	2
49946	4
49947	1
49948	1
49949	2
49950	3
49951	3
49952	5
49953	1
49954	4
49955	2
49956	2
49957	4
49958	1
49959	1
49960	2
49961	2
49962	1
49963	3
49964	3
49965	3
49966	2
49967	1
49969	1
49970	3
49971	4
49972	2
49973	2
49974	1
49975	3
49976	2
49978	1
49979	3
49980	1
49981	2
49982	3
49983	3
49984	5
49985	2
49986	2
49987	1
49988	8
49989	6
49990	1
49991	3
49992	3
49993	1
49994	1
49995	3
49996	3
49997	2
49998	2
49999	1
50000	5
50001	4
50002	1
50003	1
50004	4
50005	3
50006	4
50007	3
50008	2
50009	3
50010	4
50011	2
50012	5
50013	2
50014	1
50016	1
50017	7
50018	4
50019	7
50020	5
50022	1
50023	3
50024	3
50025	4
50026	3
50027	2
50028	2
50029	2
50030	2
50031	1
50032	1
50033	2
50034	4
50035	4
50036	1
50038	4
50039	3
50040	3
50041	6
50043	1
50044	1
50045	4
50046	3
50047	3
50048	6
50049	3
50050	1
50051	3
50052	4
50053	3
50054	1
50055	5
50056	2
50057	2
50059	3
50060	5
50061	2
50062	2
50063	3
50064	2
50065	2
50066	2
50067	4
50068	1
50069	3
50070	3
50071	1
50072	2
50073	2
50074	1
50075	2
50076	2
50077	3
50078	4
50079	1
50080	3
50081	1
50082	2
50083	3
50084	2
50085	2
50086	2
50087	1
50089	4
50090	3
50091	5
50092	4
50093	2
50094	3
50095	2
50096	1
50097	3
50098	1
50099	2
50100	3
50101	2
50102	3
50104	1
50105	1
50106	4
50107	2
50108	2
50109	4
50110	1
50111	2
50112	2
50113	1
50114	3
50115	2
50116	2
50117	3
50118	2
50119	2
50120	2
50122	1
50124	1
50125	5
50126	1
50127	1
50128	3
50129	2
50131	1
50132	4
50134	2
50135	2
50136	2
50137	4
50138	4
50139	3
50141	1
50142	2
50143	2
50145	1
50146	5
50148	1
50149	1
50150	1
50151	3
50152	3
50153	3
50154	5
50155	3
50156	3
50157	2
50158	2
50159	3
50160	4
50161	1
50162	2
50163	3
50164	1
50165	2
50166	1
50168	5
50169	3
50170	2
50171	2
50172	3
50173	1
50174	2
50175	3
50176	5
50178	3
50179	1
50180	3
50181	1
50182	3
50183	2
50184	3
50185	1
50186	2
50187	1
50188	2
50189	4
50190	4
50191	1
50193	2
50194	4
50195	1
50196	1
50197	2
50198	1
50199	4
50200	2
50202	2
50203	3
50204	3
50207	3
50208	2
50209	2
50210	2
50211	2
50212	4
50213	4
50214	1
50215	1
50216	3
50217	1
50218	4
50219	2
50220	4
50221	6
50222	2
50223	1
50224	1
50225	3
50226	2
50227	1
50228	2
50229	2
50230	2
50231	3
50232	1
50233	6
50234	1
50235	4
50237	3
50238	2
50239	2
50240	3
50241	2
50242	1
50243	2
50244	3
50245	1
50247	2
50248	3
50249	2
50250	4
50251	1
50252	4
50253	1
50254	1
50256	5
50257	3
50259	3
50260	2
50261	1
50262	2
50263	6
50264	4
50266	6
50268	2
50269	1
50270	5
50271	5
50272	4
50273	3
50274	5
50275	2
50277	4
50278	2
50279	3
50280	3
50281	1
50282	4
50283	1
50285	5
50286	2
50287	1
50288	3
50289	6
50290	1
50292	3
50293	1
50294	1
50295	3
50296	4
50297	4
50298	3
50300	1
50301	1
50302	4
50304	3
50306	1
50307	5
50308	4
50309	4
50310	2
50311	1
50313	2
50314	2
50316	2
50317	4
50318	2
50319	1
50321	3
50322	3
50323	2
50324	1
50325	2
50326	4
50328	2
50329	3
50330	2
50331	3
50332	5
50334	4
50336	2
50337	6
50338	1
50340	1
50341	3
50342	1
50343	3
50344	1
50345	2
50346	5
50347	1
50349	2
50351	2
50352	3
50353	3
50354	1
50355	2
50356	2
50357	4
50358	1
50359	1
50360	2
50361	2
50362	5
50363	2
50364	2
50365	3
50366	3
50367	4
50368	4
50369	4
50370	3
50371	4
50372	3
50373	1
50374	1
50375	2
50376	1
50377	3
50379	1
50380	5
50381	3
50382	2
50383	1
50384	5
50385	2
50386	2
50387	2
50388	1
50389	2
50390	2
50391	2
50392	2
50393	2
50394	1
50395	1
50396	2
50397	2
50398	2
50399	1
50400	3
50401	2
50402	1
50403	2
50404	9
50405	1
50406	4
50409	3
50410	3
50411	1
50412	1
50413	2
50414	2
50415	1
50416	1
50417	1
50418	3
50419	1
50420	2
50421	4
50422	1
50424	2
50425	2
50426	2
50428	6
50429	3
50430	2
50431	3
50432	4
50433	1
50434	3
50435	6
50436	6
50437	3
50438	2
50439	3
50440	5
50441	3
50442	2
50443	8
50444	1
50445	2
50446	1
50447	2
50449	3
50450	6
50451	6
50452	1
50453	2
50454	3
50455	5
50456	2
50457	2
50458	5
50459	1
50460	2
50462	4
50463	3
50464	3
50465	1
50466	3
50470	2
50471	2
50472	3
50473	1
50474	4
50475	3
50476	5
50477	3
50478	2
50479	1
50480	2
50481	2
50482	2
50483	2
50484	3
50485	1
50486	1
50489	4
50490	1
50491	4
50492	5
50493	4
50494	3
50495	2
50496	6
50497	1
50498	1
50500	2
50502	2
50503	2
50505	1
50506	1
50508	4
50510	1
50511	3
50514	1
50515	1
50516	3
50517	2
50518	1
50519	2
50520	2
50521	3
50522	2
50523	1
50524	2
50525	1
50526	4
50527	1
50528	3
50529	1
50530	4
50531	4
50532	2
50534	1
50535	1
50536	4
50537	4
50538	5
50539	2
50540	1
50541	3
50542	3
50543	2
50544	3
50545	2
50547	7
50548	1
50549	2
50550	5
50551	2
50552	5
50553	2
50554	4
50555	2
50556	2
50557	1
50558	3
50559	4
50560	3
50561	2
50562	3
50563	3
50564	2
50565	2
50567	1
50568	3
50569	6
50570	3
50571	3
50572	1
50573	2
50574	2
50575	2
50576	2
50577	2
50578	4
50579	1
50580	3
50581	3
50582	2
50583	3
50584	2
50586	2
50587	4
50588	2
50589	2
50590	2
50591	1
50592	2
50593	1
50594	3
50595	4
50596	1
50598	3
50599	2
50600	4
50601	3
50602	4
50603	2
50604	2
50605	3
50606	2
50607	1
50608	1
50609	8
50610	3
50611	3
50612	4
50614	2
50615	2
50616	1
50617	1
50618	1
50619	1
50620	2
50621	2
50622	3
50623	3
50624	4
50625	3
50626	3
50627	1
50628	1
50629	3
50630	1
50631	1
50632	2
50633	2
50634	1
50635	1
50637	2
50638	3
50639	3
50640	4
50641	3
50643	3
50644	4
50647	1
50648	1
50649	3
50650	2
50651	6
50652	2
50653	3
50654	1
50655	2
50656	2
50657	4
50658	1
50659	3
50660	4
50661	5
50662	3
50663	2
50665	2
50666	2
50667	2
50669	3
50671	2
50672	2
50673	4
50674	6
50676	1
50678	1
50679	5
50681	3
50682	1
50683	2
50684	1
50685	1
50687	1
50688	5
50689	2
50690	3
50691	1
50692	1
50693	3
50696	3
50697	3
50698	2
50699	4
50700	4
50701	4
50702	1
50703	3
50704	1
50705	1
50706	2
50707	4
50708	6
50709	2
50710	3
50712	2
50713	2
50715	1
50716	4
50717	5
50719	5
50720	1
50721	3
50722	4
50723	1
50724	2
50725	2
50726	1
50727	3
50730	3
50731	3
50732	2
50733	4
50734	2
50735	2
50736	1
50737	3
50738	5
50739	2
50740	1
50741	1
50742	3
50743	2
50744	3
50747	3
50748	2
50749	1
50750	1
50751	2
50752	3
50753	2
50754	3
50755	2
50756	1
50757	2
50758	4
50759	4
50760	2
50761	2
50762	1
50764	3
50765	2
50766	2
50767	2
50768	1
50769	1
50770	2
50771	2
50772	5
50773	1
50774	1
50775	4
50777	4
50778	1
50779	1
50780	1
50781	2
50782	3
50783	4
50784	1
50785	2
50787	4
50788	2
50789	3
50791	1
50792	1
50793	2
50794	2
50795	2
50796	3
50797	2
50798	3
50799	4
50800	2
50801	3
50802	1
50803	2
50804	8
50805	1
50806	5
50807	5
50808	3
50809	2
50810	7
50811	4
50812	4
50813	1
50814	3
50815	4
50816	1
50817	4
50818	1
50819	4
50820	6
50821	1
50822	1
50823	2
50824	3
50825	2
50826	1
50827	2
50828	1
50830	3
50831	1
50832	1
50833	3
50834	2
50835	4
50836	1
50838	4
50839	3
50840	3
50843	3
50845	3
50846	3
50847	2
50848	1
50849	3
50850	3
50851	3
50852	1
50853	2
50854	1
50855	5
50856	2
50858	1
50860	1
50862	1
50863	1
50866	3
50867	2
50868	3
50869	2
50870	4
50871	1
50872	1
50873	1
50875	2
50876	1
50877	2
50878	2
50879	3
50881	1
50882	3
50883	2
50885	5
50886	1
50888	3
50889	2
50890	1
50891	2
50892	3
50893	3
50894	2
50896	3
50897	1
50898	1
50899	1
50900	2
50902	2
50903	2
50905	3
50906	2
50907	5
50908	5
50909	1
50910	2
50911	2
50912	3
50913	4
50914	2
50915	6
50916	4
50917	5
50918	2
50920	1
50921	3
50922	2
50923	5
50924	2
50926	1
50927	4
50928	2
50929	2
50930	3
50931	1
50932	1
50934	5
50935	1
50936	2
50937	3
50938	4
50939	1
50940	4
50941	2
50942	2
50943	2
50945	3
50946	1
50947	3
50948	2
50949	5
50950	1
50951	2
50952	1
50953	1
50955	4
50956	2
50957	5
50958	1
50961	2
50963	4
50964	6
50965	3
50966	3
50967	3
50968	1
50969	1
50970	3
50971	5
50972	2
50973	1
50974	2
50975	2
50976	3
50977	2
50978	1
50979	8
50980	1
50981	1
50982	1
50983	4
50984	3
50985	1
50986	2
50987	3
50988	3
50989	4
50990	4
50991	4
50992	3
50994	4
50995	2
50996	3
50997	1
50998	2
50999	6
51000	1
51002	4
51003	2
51004	1
51005	5
51007	2
51009	1
51010	1
51011	4
51013	2
51014	1
51015	1
51016	1
51017	5
51018	2
51019	2
51022	4
51023	4
51025	1
51027	1
51028	2
51029	2
51030	2
51031	1
51032	2
51033	4
51034	2
51035	1
51036	2
51037	3
51038	3
51039	2
51040	2
51041	2
51042	3
51043	3
51044	1
51045	1
51046	2
51048	1
51049	1
51050	3
51051	1
51053	1
51054	4
51055	3
51056	2
51057	3
51058	2
51059	1
51060	3
51061	1
51062	2
51063	2
51064	4
51065	1
51066	2
51067	1
51068	2
51069	4
51070	4
51071	1
51072	6
51073	7
51074	2
51076	1
51077	2
51078	1
51079	1
51080	1
51081	4
51082	4
51083	3
51084	2
51085	2
51086	3
51087	5
51088	1
51089	1
51090	3
51092	1
51093	1
51094	2
51095	2
51096	4
51097	1
51098	3
51099	1
51100	3
51101	1
51102	4
51103	1
51104	3
51105	2
51106	2
51108	1
51109	1
51111	1
51112	3
51113	3
51114	5
51115	3
51116	2
51117	2
51118	2
51119	2
51120	5
51121	2
51122	2
51123	1
51125	1
51126	3
51127	1
51128	4
51129	3
51131	1
51132	3
51133	1
51135	1
51136	2
51137	5
51138	1
51139	3
51140	6
51141	1
51142	4
51143	4
51144	3
51145	2
51147	3
51148	2
51150	4
51151	5
51153	3
51154	1
51155	3
51156	1
51157	3
51158	3
51159	2
51160	3
51161	2
51162	3
51163	1
51164	3
51165	3
51166	1
51167	2
51168	3
51170	3
51171	2
51172	5
51173	1
51174	3
51175	5
51176	1
51177	3
51178	4
51179	1
51180	2
51181	2
51182	2
51183	3
51184	2
51186	3
51187	3
51188	2
51189	1
51190	1
51191	1
51192	1
51193	4
51195	3
51196	1
51197	2
51198	1
51199	4
51200	3
51201	2
51202	3
51203	6
51204	1
51205	4
51206	1
51207	1
51208	5
51209	2
51210	3
51211	2
51212	3
51213	1
51214	3
51215	3
51216	5
51217	1
51218	3
51219	2
51220	4
51221	1
51222	1
51223	2
51224	1
51225	4
51228	3
51229	4
51230	2
51231	4
51233	3
51234	2
51235	1
51236	3
51237	5
51238	1
51239	3
51241	4
51243	2
51244	4
51245	1
51247	1
51248	6
51249	3
51250	1
51251	3
51253	3
51254	2
51255	3
51256	3
51257	4
51258	3
51259	4
51260	2
51261	3
51262	1
51263	2
51264	3
51265	3
51266	2
51267	1
51269	1
51270	4
51271	2
51272	3
51273	3
51274	2
51275	1
51276	2
51277	1
51278	1
51279	2
51280	2
51281	2
51282	2
51283	5
51284	3
51285	2
51286	3
51287	2
51288	2
51289	2
51290	3
51291	1
51292	4
51293	1
51294	2
51295	1
51296	4
51297	3
51298	3
51299	2
51300	2
51301	5
51302	2
51303	1
51305	2
51306	6
51307	3
51308	2
51309	1
51310	2
51311	2
51313	1
51314	2
51315	4
51316	2
51317	2
51318	1
51319	2
51320	1
51321	2
51322	1
51323	1
51324	1
51325	3
51326	1
51327	2
51328	2
51329	1
51330	2
51331	1
51333	6
51334	1
51335	1
51336	2
51337	5
51338	5
51339	1
51340	3
51341	1
51342	3
51343	3
51344	1
51347	1
51349	2
51350	2
51351	2
51352	2
51353	2
51354	3
51355	1
51356	2
51357	1
51358	6
51359	1
51360	1
51362	3
51363	1
51364	2
51365	1
51366	2
51367	3
51368	2
51369	1
51370	2
51371	4
51372	4
51373	1
51374	2
51376	3
51377	1
51378	1
51380	2
51381	1
51382	5
51383	2
51384	4
51385	1
51386	5
51387	3
51388	3
51389	3
51390	1
51391	2
51392	3
51393	4
51394	3
51395	2
51396	3
51397	1
51398	2
51399	4
51400	3
51402	3
51404	5
51405	5
51406	2
51407	1
51408	1
51409	2
51410	2
51411	2
51412	4
51413	4
51414	1
51415	1
51417	2
51418	2
51419	4
51420	2
51422	2
51423	1
51424	3
51427	1
51428	4
51430	2
51431	2
51432	2
51433	2
51434	4
51436	2
51437	1
51438	1
51440	3
51441	6
51442	4
51443	2
51444	2
51445	2
51446	3
51447	1
51448	1
51449	4
51450	4
51451	1
51452	3
51453	5
51454	3
51455	1
51456	1
51457	4
51458	3
51459	2
51460	2
51461	2
51462	2
51463	4
51464	6
51465	1
51466	1
51467	1
51469	1
51470	4
51471	4
51472	2
51475	1
51476	4
51477	2
51478	3
51480	2
51481	2
51482	4
51483	1
51484	2
51485	1
51486	2
51487	1
51489	7
51490	1
51491	3
51492	2
51493	2
51494	3
51495	2
51496	2
51497	2
51498	1
51499	1
51500	3
51501	5
51502	1
51503	3
51505	2
51508	4
51509	3
51510	2
51511	4
51512	2
51513	1
51514	3
51515	5
51516	2
51517	1
51518	2
51519	2
51520	1
51521	3
51523	1
51524	1
51525	2
51526	4
51527	2
51528	3
51529	2
51530	3
51531	3
51532	3
51533	2
51534	3
51535	1
51536	1
51537	2
51538	6
51539	1
51540	2
51541	2
51542	3
51543	4
51544	5
51545	6
51546	5
51547	2
51548	6
51549	1
51550	5
51551	3
51552	3
51553	5
51554	2
51555	4
51556	1
51557	3
51558	1
51559	1
51561	1
51562	1
51564	6
51565	2
51566	3
51567	2
51568	3
51569	1
51570	2
51571	4
51572	4
51573	2
51574	5
51575	3
51576	5
51577	2
51578	3
51579	3
51580	5
51581	2
51582	1
51583	5
51584	2
51585	3
51586	2
51588	3
51589	4
51590	3
51591	2
51592	5
51594	2
51595	4
51598	1
51599	4
51600	1
51602	1
51603	2
51604	2
51605	2
51606	2
51607	2
51608	3
51609	2
51610	1
51611	3
51614	4
51615	2
51616	1
51617	3
51619	4
51621	1
51622	3
51623	3
51624	2
51625	2
51626	3
51627	3
51628	2
51629	4
51630	1
51631	2
51634	2
51635	1
51636	1
51637	1
51638	5
51639	3
51640	3
51641	3
51642	3
51643	3
51644	4
51645	2
51646	3
51648	3
51649	2
51650	1
51651	4
51652	1
51653	2
51654	8
51655	2
51656	4
51657	4
51658	2
51659	1
51660	2
51661	4
51662	2
51664	3
51665	2
51666	2
51667	3
51668	2
51669	3
51670	3
51671	1
51672	3
51673	4
51674	3
51676	4
51677	2
51678	3
51679	2
51680	1
51681	5
51683	2
51684	4
51685	2
51686	2
51687	2
51688	2
51689	4
51690	2
51691	4
51692	3
51693	2
51694	3
51695	2
51696	3
51697	1
51698	3
51699	4
51700	2
51702	3
51703	1
51705	1
51706	5
51707	2
51708	3
51709	1
51710	3
51711	2
51712	1
51713	3
51714	3
51715	2
51716	2
51717	7
51718	2
51720	1
51721	2
51722	1
51723	3
51724	2
51725	1
51727	1
51728	1
51729	1
51730	1
51731	2
51732	3
51733	2
51734	4
51735	4
51736	3
51737	2
51738	3
51739	3
51740	4
51741	2
51742	1
51743	3
51744	5
51745	3
51746	2
51747	6
51748	3
51749	1
51750	1
51751	3
51752	1
51753	2
51754	3
51755	2
51757	1
51758	3
51759	3
51760	1
51762	2
51763	1
51764	2
51765	3
51766	1
51767	3
51768	4
51769	1
51770	3
51771	4
51772	2
51773	3
51774	3
51775	1
51777	4
51778	2
51779	3
51780	1
51781	3
51782	1
51783	1
51784	3
51785	1
51786	2
51787	2
51788	2
51789	2
51790	1
51791	1
51792	3
51793	1
51794	2
51795	1
51796	2
51797	2
51798	5
51799	2
51800	1
51801	1
51802	5
51803	1
51805	2
51806	1
51807	3
51809	2
51810	3
51811	4
51812	1
51813	3
51815	1
51816	3
51817	1
51818	3
51819	1
51820	4
51822	1
51823	3
51824	2
51825	1
51826	4
51827	2
51828	4
51829	2
51830	2
51832	3
51833	5
51834	2
51835	1
51836	4
51838	2
51839	2
51840	1
51841	2
51843	1
51844	4
51845	2
51846	1
51847	2
51848	4
51849	1
51850	3
51851	5
51852	2
51854	2
51855	3
51856	2
51857	3
51858	1
51859	1
51862	3
51863	1
51864	2
51865	3
51866	3
51867	2
51868	3
51869	5
51871	2
51872	1
51873	3
51874	1
51876	2
51877	4
51878	3
51879	5
51881	1
51882	3
51883	1
51884	4
51885	3
51886	5
51887	2
51889	3
51890	2
51891	3
51892	3
51893	1
51894	2
51895	2
51896	1
51897	2
51898	1
51899	3
51900	6
51901	2
51903	1
51904	3
51907	2
51908	1
51909	1
51911	2
51912	2
51913	2
51914	3
51915	4
51916	2
51917	4
51918	2
51919	3
51920	1
51921	2
51922	3
51923	5
51924	4
51925	2
51926	3
51927	2
51928	6
51929	3
51930	4
51931	5
51932	1
51933	2
51935	2
51938	2
51939	5
51940	5
51941	1
51942	1
51943	2
51944	1
51945	1
51946	3
51947	2
51948	4
51949	1
51950	2
51951	3
51952	3
51953	3
51954	1
51955	3
51956	2
51957	4
51958	2
51959	2
51960	2
51961	4
51962	2
51963	3
51964	4
51965	2
51966	1
51967	2
51968	2
51969	1
51970	2
51971	2
51972	3
51973	2
51974	3
51975	4
51976	3
51977	3
51978	1
51979	5
51980	2
51981	2
51982	4
51983	2
51984	2
51985	3
51986	3
51987	2
51988	3
51989	4
51990	3
51991	1
51993	3
51994	1
51995	3
51996	1
51997	5
51998	2
51999	1
52000	2
52001	1
52002	2
52003	2
52004	1
52005	4
52007	2
52008	4
52009	4
52010	3
52011	3
52012	2
52013	5
52014	1
52015	1
52017	2
52018	2
52019	2
52020	5
52021	1
52022	2
52023	1
52024	2
52026	1
52027	1
52029	4
52031	1
52034	1
52035	2
52036	4
52038	2
52039	3
52040	1
52041	2
52042	3
52043	4
52044	2
52045	1
52046	5
52047	1
52048	1
52049	1
52050	1
52051	5
52052	2
52054	5
52055	2
52057	1
52058	2
52059	1
52060	3
52061	2
52062	1
52065	4
52066	4
52067	3
52068	3
52069	2
52070	6
52071	1
52073	3
52074	1
52075	3
52076	4
52077	1
52078	5
52080	1
52081	1
52082	1
52083	2
52084	2
52085	2
52086	1
52088	2
52089	4
52090	1
52091	2
52092	4
52093	7
52094	2
52095	4
52096	4
52097	2
52098	2
52099	2
52100	1
52101	1
52102	2
52103	5
52104	2
52105	1
52108	2
52109	6
52110	2
52111	3
52112	4
52113	5
52114	3
52115	3
52116	1
52117	1
52118	2
52119	1
52120	2
52121	2
52122	3
52123	1
52124	6
52125	2
52126	1
52128	1
52129	3
52130	3
52131	6
52132	3
52134	2
52135	2
52136	1
52137	1
52138	1
52139	1
52140	2
52141	1
52142	2
52143	4
52145	3
52146	2
52147	2
52148	2
52149	3
52150	1
52151	2
52152	1
52154	3
52155	3
52156	3
52157	2
52158	3
52159	2
52160	3
52161	1
52162	2
52163	1
52165	1
52166	2
52167	2
52168	1
52169	2
52170	1
52171	2
52172	5
52173	3
52174	5
52175	5
52177	4
52178	2
52179	2
52180	2
52181	3
52182	4
52183	1
52184	3
52185	1
52186	7
52187	1
52188	1
52191	2
52192	2
52194	4
52195	5
52196	4
52197	4
52198	1
52199	3
52200	5
52201	2
52202	2
52204	2
52205	3
52206	2
52207	2
52208	2
52209	2
52210	1
52211	2
52213	4
52214	2
52215	1
52216	3
52217	1
52218	1
52219	3
52220	4
52222	3
52223	1
52224	2
52225	4
52226	3
52227	3
52228	4
52229	3
52230	1
52232	2
52233	2
52234	2
52235	1
52236	1
52237	4
52238	2
52240	2
52242	1
52243	1
52244	2
52245	6
52246	5
52247	2
52248	2
52250	5
52251	3
52252	1
52254	1
52255	3
52256	2
52257	1
52258	2
52259	2
52260	3
52262	2
52263	2
52264	2
52265	1
52266	6
52267	5
52268	2
52269	4
52270	4
52271	1
52272	2
52274	6
52275	2
52276	7
52277	1
52278	5
52279	2
52280	4
52281	2
52282	2
52283	2
52284	4
52285	3
52286	3
52287	1
52288	1
52289	3
52290	3
52291	2
52292	4
52293	2
52294	1
52295	3
52296	2
52297	2
52298	1
52299	4
52300	3
52301	2
52303	3
52304	2
52305	4
52306	3
52307	2
52308	3
52311	6
52312	1
52314	3
52315	6
52317	4
52318	3
52319	2
52320	3
52321	4
52322	2
52323	1
52324	2
52325	1
52326	1
52327	2
52329	2
52331	2
52332	3
52333	3
52334	2
52337	2
52338	3
52339	1
52340	3
52341	2
52342	2
52343	3
52344	5
52345	4
52346	1
52347	1
52348	4
52349	3
52350	3
52351	3
52352	3
52353	1
52354	1
52355	2
52356	1
52357	1
52358	4
52360	3
52361	2
52362	3
52363	2
52364	4
52366	3
52367	4
52368	4
52369	1
52370	4
52371	3
52372	2
52373	5
52374	2
52375	1
52376	3
52377	1
52378	3
52380	4
52381	3
52382	3
52383	2
52384	3
52385	2
52386	4
52387	4
52388	2
52389	7
52391	4
52392	2
52393	1
52394	3
52395	4
52396	1
52397	9
52398	1
52399	3
52400	3
52401	5
52402	1
52403	1
52404	1
52405	1
52406	3
52407	1
52408	5
52410	1
52411	3
52412	1
52413	2
52414	3
52415	4
52416	1
52418	3
52419	2
52420	2
52421	5
52423	2
52424	5
52425	3
52426	1
52427	1
52428	1
52429	1
52431	1
52432	3
52433	1
52435	2
52436	2
52438	1
52439	2
52440	2
52441	5
52442	1
52443	3
52444	2
52445	2
52446	6
52447	1
52448	2
52449	2
52451	1
52452	2
52453	2
52454	1
52455	3
52456	3
52457	2
52459	1
52460	4
52461	2
52462	2
52463	3
52464	1
52465	3
52466	1
52467	1
52468	1
52469	3
52470	2
52471	4
52472	4
52473	1
52475	3
52476	2
52477	2
52479	3
52480	2
52481	3
52482	5
52483	3
52484	3
52485	2
52486	3
52488	2
52489	3
52490	4
52492	2
52493	2
52494	2
52495	4
52496	1
52497	2
52498	3
52499	1
52500	1
52501	3
52503	1
52504	5
52505	5
52506	2
52508	3
52509	2
52510	4
52511	4
52512	3
52513	2
52514	1
52515	3
52516	4
52517	2
52518	2
52519	3
52520	2
52521	3
52522	3
52523	1
52524	2
52525	2
52526	2
52528	2
52529	3
52530	2
52531	4
52532	3
52533	3
52534	4
52535	1
52536	6
52537	1
52538	1
52539	6
52540	2
52542	1
52543	2
52544	1
52545	2
52546	5
52547	1
52548	1
52549	2
52550	1
52551	2
52552	2
52553	4
52554	2
52555	4
52556	2
52557	2
52558	4
52559	1
52560	2
52561	2
52562	1
52563	1
52564	3
52565	2
52566	1
52567	3
52568	3
52569	1
52571	1
52572	1
52573	1
52574	1
52576	2
52577	2
52578	3
52579	4
52580	4
52582	1
52583	3
52586	3
52587	5
52588	2
52590	3
52591	1
52592	1
52593	1
52594	3
52595	2
52596	3
52597	3
52598	3
52599	5
52600	2
52602	2
52603	4
52604	3
52605	2
52606	2
52608	1
52609	1
52610	1
52611	2
52612	4
52613	2
52615	6
52616	2
52617	3
52618	1
52619	2
52620	4
52621	3
52622	4
52623	1
52624	4
52625	2
52626	3
52627	1
52628	2
52629	3
52630	1
52631	1
52632	3
52633	2
52634	2
52635	4
52636	2
52637	3
52638	5
52639	5
52640	4
52641	4
52642	3
52644	3
52645	1
52646	2
52649	1
52650	1
52651	3
52652	2
52653	2
52655	1
52657	1
52658	2
52659	3
52660	1
52661	4
52662	5
52664	2
52665	2
52666	1
52667	1
52668	3
52669	3
52671	3
52672	3
52673	2
52674	3
52675	2
52676	1
52677	2
52678	3
52679	2
52680	1
52681	2
52682	3
52683	2
52684	2
52685	5
52686	2
52687	1
52688	1
52689	4
52690	2
52691	2
52692	6
52693	1
52694	2
52695	2
52696	5
52697	1
52698	5
52699	1
52700	1
52701	3
52702	2
52703	2
52704	6
52705	3
52706	3
52707	3
52708	1
52709	5
52710	1
52711	3
52712	1
52713	2
52714	3
52715	3
52716	6
52717	1
52718	1
52719	1
52720	3
52721	2
52722	2
52723	4
52724	2
52725	4
52726	4
52727	1
52728	2
52729	3
52730	3
52731	3
52733	2
52735	2
52736	1
52738	5
52739	1
52740	2
52741	2
52742	1
52743	1
52744	2
52746	4
52747	2
52748	1
52749	3
52750	1
52751	2
52752	1
52753	3
52754	1
52755	3
52756	1
52757	2
52758	3
52759	3
52760	1
52761	2
52762	2
52763	3
52764	2
52766	2
52767	2
52768	1
52769	4
52770	3
52771	3
52772	3
52773	2
52774	3
52775	2
52776	5
52777	1
52778	1
52779	1
52780	3
52781	2
52782	1
52784	1
52785	3
52786	5
52787	1
52788	4
52789	2
52790	2
52793	1
52794	3
52795	2
52796	2
52797	4
52798	3
52799	1
52800	5
52801	1
52803	2
52805	2
52806	3
52807	1
52808	1
52809	1
52811	2
52812	5
52813	3
52814	3
52816	2
52817	2
52818	1
52819	3
52820	3
52821	3
52822	3
52823	1
52824	2
52825	2
52826	2
52827	1
52828	3
52829	3
52830	2
52831	2
52832	1
52833	2
52834	3
52835	7
52836	2
52837	2
52838	3
52839	3
52840	4
52841	2
52842	3
52843	2
52844	1
52847	3
52848	1
52849	2
52850	3
52851	4
52852	2
52853	1
52854	3
52856	1
52857	2
52858	5
52860	3
52861	2
52862	3
52863	2
52864	3
52865	2
52866	2
52867	5
52868	1
52869	5
52870	2
52871	2
52872	3
52873	3
52874	3
52875	3
52876	3
52877	1
52878	2
52879	3
52880	1
52881	3
52882	1
52883	4
52884	2
52885	5
52886	3
52887	3
52889	2
52890	2
52891	4
52892	3
52893	1
52895	2
52896	2
52897	1
52899	1
52900	1
52901	4
52903	1
52904	1
52905	3
52907	1
52909	2
52910	3
52911	1
52912	3
52913	2
52914	4
52915	3
52916	2
52918	2
52919	1
52920	1
52921	1
52922	2
52923	3
52924	2
52925	1
52926	5
52927	1
52928	2
52930	2
52931	3
52932	5
52933	3
52934	2
52935	2
52936	1
52937	4
52938	1
52941	2
52942	1
52943	2
52944	4
52945	2
52946	5
52947	3
52948	1
52949	2
52950	1
52951	4
52952	1
52953	1
52954	1
52955	3
52956	1
52957	2
52958	1
52959	4
52960	1
52961	1
52962	1
52963	3
52964	3
52965	3
52966	6
52967	1
52968	1
52969	4
52971	4
52972	2
52973	2
52974	4
52975	2
52976	3
52977	4
52978	1
52979	1
52980	3
52981	2
52982	3
52983	1
52984	1
52985	2
52987	2
52988	3
52989	3
52990	2
52991	3
52992	2
52993	3
52994	3
52996	3
52998	2
53001	4
53003	1
53004	2
53005	2
53006	4
53007	2
53009	1
53010	3
53011	1
53012	5
53014	1
53015	1
53016	1
53017	1
53018	4
53019	1
53020	3
53021	2
53022	2
53023	6
53026	1
53027	4
53028	4
53029	2
53030	3
53031	1
53033	1
53034	3
53035	2
53036	1
53037	1
53038	3
53039	1
53040	1
53041	2
53042	6
53043	1
53044	4
53045	4
53046	5
53049	5
53050	3
53051	1
53052	1
53053	3
53054	3
53055	6
53056	3
53057	1
53058	2
53059	1
53060	1
53061	1
53062	4
53063	2
53064	3
53065	2
53066	2
53067	6
53068	4
53070	4
53072	8
53073	3
53074	3
53075	2
53076	2
53081	2
53082	3
53083	1
53084	2
53085	2
53087	1
53088	5
53089	1
53090	4
53091	1
53092	1
53093	1
53094	1
53095	1
53096	2
53097	2
53099	6
53100	3
53103	4
53104	4
53105	2
53106	2
53107	1
53108	2
53109	5
53110	2
53111	5
53112	2
53113	1
53114	2
53115	6
53116	7
53117	1
53118	3
53119	2
53120	2
53121	2
53122	1
53123	2
53124	4
53125	4
53126	1
53127	1
53128	1
53129	2
53130	3
53131	2
53132	2
53133	2
53135	2
53136	3
53137	2
53138	2
53140	2
53141	2
53142	2
53143	1
53144	1
53146	2
53147	1
53148	1
53149	2
53150	1
53151	2
53153	3
53154	3
53155	1
53157	1
53158	9
53159	2
53160	1
53161	1
53162	3
53163	5
53165	2
53166	4
53167	1
53168	2
53170	1
53171	6
53172	3
53174	1
53175	4
53176	1
53177	1
53178	3
53179	2
53180	4
53182	3
53183	5
53184	3
53185	2
53186	2
53187	6
53188	3
53189	4
53190	3
53191	4
53192	2
53193	1
53194	3
53195	2
53196	3
53197	2
53198	1
53199	1
53200	1
53201	1
53202	3
53203	2
53204	3
53205	3
53206	8
53207	2
53208	2
53210	3
53211	5
53212	3
53213	2
53214	2
53215	1
53216	1
53217	1
53218	2
53219	1
53220	3
53221	3
53222	2
53223	1
53224	4
53225	4
53226	2
53227	2
53228	1
53229	1
53231	1
53232	2
53233	1
53234	3
53235	1
53236	3
53237	2
53238	3
53239	3
53240	1
53241	3
53242	2
53243	3
53244	4
53245	4
53246	2
53247	2
53250	5
53251	2
53252	2
53253	1
53255	2
53256	1
53257	3
53258	1
53259	3
53260	2
53261	3
53262	3
53263	2
53264	3
53265	2
53266	4
53267	1
53268	2
53270	3
53271	1
53272	4
53273	2
53274	2
53275	2
53277	2
53278	2
53279	2
53281	2
53282	2
53283	6
53285	1
53286	2
53287	2
53288	3
53290	2
53291	1
53292	4
53293	1
53294	2
53295	4
53296	4
53297	4
53298	1
53299	6
53300	4
53302	4
53303	5
53304	7
53305	1
53306	2
53307	1
53308	4
53309	2
53310	2
53311	2
53312	4
53313	1
53314	1
53316	3
53317	4
53318	3
53319	1
53320	3
53321	3
53322	1
53324	2
53325	3
53327	2
53328	1
53329	2
53330	2
53331	2
53332	2
53333	4
53334	3
53335	4
53336	5
53337	1
53338	2
53339	2
53340	7
53341	1
53342	2
53343	3
53344	2
53345	4
53346	2
53347	6
53348	2
53349	1
53351	3
53352	1
53353	2
53354	2
53355	2
53356	3
53358	3
53359	1
53361	2
53362	3
53363	2
53364	8
53365	2
53366	4
53367	3
53368	1
53369	5
53370	4
53371	1
53372	4
53373	2
53374	3
53375	1
53376	3
53377	2
53378	2
53379	2
53380	1
53381	3
53382	2
53383	1
53385	1
53386	1
53387	1
53388	1
53389	1
53390	1
53391	2
53393	4
53394	1
53395	5
53396	2
53397	3
53399	2
53401	2
53402	5
53403	1
53404	2
53405	2
53406	1
53407	4
53408	3
53409	5
53410	3
53411	3
53412	1
53413	3
53414	2
53415	1
53416	1
53417	1
53418	2
53419	3
53420	5
53421	2
53422	2
53423	1
53424	1
53425	1
53426	2
53427	4
53428	3
53429	1
53430	2
53431	1
53432	2
53433	1
53434	3
53435	1
53436	1
53437	2
53438	4
53439	1
53440	2
53441	2
53442	2
53443	2
53444	1
53445	3
53447	2
53448	2
53449	3
53451	1
53452	3
53453	6
53454	2
53455	3
53456	4
53457	1
53458	3
53459	3
53460	3
53462	5
53463	4
53464	4
53465	6
53466	2
53467	2
53468	3
53469	4
53470	3
53471	1
53472	2
53474	1
53475	2
53476	4
53477	2
53478	1
53479	3
53480	2
53481	3
53482	3
53483	2
53484	2
53485	3
53486	5
53487	4
53488	1
53489	3
53490	3
53491	2
53492	2
53493	3
53494	4
53495	3
53496	4
53497	6
53498	2
53499	2
53500	2
53501	3
53502	4
53503	1
53504	1
53505	1
53506	1
53507	2
53508	3
53509	1
53510	1
53512	5
53513	3
53514	7
53515	5
53516	1
53517	3
53518	2
53519	2
53520	2
53521	2
53522	2
53523	1
53524	2
53526	4
53528	2
53529	2
53530	2
53531	3
53532	1
53534	2
53535	5
53537	2
53539	1
53540	3
53541	2
53542	4
53543	2
53544	3
53545	5
53546	4
53547	2
53548	2
53549	2
53550	4
53551	2
53552	1
53553	2
53554	1
53555	4
53556	2
53557	1
53558	2
53559	1
53560	6
53561	4
53562	2
53563	3
53564	2
53565	2
53567	2
53569	2
53570	1
53571	3
53572	2
53573	2
53574	2
53575	2
53576	1
53577	2
53579	3
53580	1
53581	1
53582	2
53583	4
53584	1
53585	1
53586	1
53587	5
53588	1
53589	4
53590	4
53591	4
53592	4
53593	2
53594	2
53595	4
53596	1
53597	2
53598	2
53599	4
53602	1
53603	1
53604	1
53605	2
53606	2
53608	5
53610	4
53611	1
53612	2
53613	3
53615	1
53616	2
53617	2
53618	3
53619	3
53620	1
53621	1
53622	2
53623	2
53624	2
53625	2
53626	2
53627	2
53628	1
53629	1
53630	1
53631	2
53632	3
53633	1
53635	1
53636	2
53637	2
53638	1
53639	1
53640	3
53641	1
53642	1
53643	4
53644	3
53646	4
53647	4
53648	3
53650	2
53651	4
53652	2
53653	4
53654	2
53655	3
53656	2
53657	6
53658	3
53660	2
53662	3
53663	3
53664	3
53665	3
53666	2
53667	2
53669	1
53670	1
53671	2
53673	2
53674	3
53675	5
53676	3
53677	2
53679	2
53680	2
53681	3
53682	1
53683	2
53684	3
53685	4
53688	5
53689	3
53690	2
53691	2
53692	5
53693	1
53694	2
53695	2
53696	1
53697	2
53698	2
53699	1
53700	5
53701	1
53702	1
53703	1
53704	1
53705	6
53706	4
53707	2
53710	2
53711	4
53712	2
53713	1
53714	3
53715	1
53717	1
53719	3
53720	3
53721	6
53722	3
53723	2
53724	1
53725	1
53726	2
53727	3
53728	4
53729	3
53730	1
53731	2
53732	3
53733	3
53734	7
53735	2
53736	3
53737	2
53738	3
53739	3
53740	2
53741	4
53742	4
53743	7
53744	1
53745	1
53746	3
53747	2
53748	2
53749	7
53750	3
53751	3
53752	1
53753	2
53754	2
53755	1
53756	1
53757	2
53758	1
53759	2
53760	2
53761	3
53762	3
53763	3
53764	1
53765	1
53767	3
53768	1
53769	8
53770	3
53772	3
53773	1
53774	1
53776	2
53777	1
53778	4
53779	3
53782	3
53783	2
53784	3
53786	2
53788	2
53789	3
53790	2
53791	1
53792	3
53794	3
53795	1
53796	2
53797	4
53798	4
53799	3
53800	3
53801	2
53802	2
53804	4
53805	2
53806	1
53808	1
53809	1
53810	5
53811	3
53812	4
53813	1
53814	1
53815	1
53817	1
53818	2
53819	3
53820	3
53821	3
53823	1
53824	3
53825	3
53826	3
53827	5
53828	3
53829	7
53830	1
53831	2
53832	1
53833	3
53834	1
53835	2
53836	3
53837	4
53838	3
53839	1
53840	2
53841	1
53842	2
53843	3
53844	5
53845	3
53846	3
53848	2
53849	2
53850	1
53851	1
53852	2
53853	3
53854	2
53855	2
53856	1
53857	4
53858	3
53859	3
53860	1
53861	5
53862	2
53863	1
53864	4
53865	3
53866	3
53867	3
53869	2
53870	4
53871	3
53872	1
53873	3
53874	2
53875	1
53876	1
53878	3
53880	2
53881	1
53883	2
53885	3
53886	4
53887	6
53888	4
53889	2
53891	1
53892	1
53893	5
53894	2
53895	1
53896	5
53897	2
53898	5
53899	3
53900	3
53901	3
53902	3
53903	4
53905	4
53906	4
53907	2
53908	4
53909	2
53910	2
53911	1
53912	2
53913	2
53914	2
53915	1
53916	1
53917	2
53918	5
53919	1
53920	4
53921	3
53924	4
53925	1
53926	2
53927	2
53928	3
53929	1
53930	6
53931	4
53932	1
53933	2
53934	3
53936	3
53937	2
53938	2
53940	2
53941	1
53942	2
53943	1
53944	1
53945	1
53947	2
53948	2
53949	2
53950	2
53951	2
53952	3
53953	2
53954	2
53955	5
53956	1
53957	1
53958	4
53959	2
53960	1
53961	1
53962	1
53963	1
53964	4
53965	4
53966	2
53967	4
53968	1
53969	4
53970	4
53971	3
53972	2
53973	2
53974	1
53975	1
53977	2
53978	2
53979	3
53980	3
53981	3
53982	5
53983	4
53984	1
53985	1
53986	6
53987	3
53988	2
53990	3
53991	2
53992	1
53993	1
53994	1
53995	4
53996	2
53997	2
53998	1
53999	2
54000	2
54001	3
54002	2
54003	1
54004	3
54006	3
54007	1
54008	4
54009	5
54011	2
54012	3
54013	2
54015	4
54017	2
54018	1
54019	1
54020	3
54021	1
54022	3
54023	3
54024	1
54025	4
54026	2
54027	4
54028	3
54029	3
54030	4
54031	5
54032	6
54033	1
54034	1
54035	3
54036	3
54038	1
54039	1
54040	1
54041	3
54042	4
54043	4
54044	1
54045	2
54046	2
54047	2
54049	3
54050	3
54051	2
54052	2
54053	2
54054	3
54055	3
54056	2
54057	4
54059	1
54060	2
54061	1
54062	2
54063	4
54064	1
54065	2
54066	2
54067	4
54068	2
54069	1
54070	3
54072	3
54073	1
54075	3
54076	2
54077	2
54078	1
54079	1
54081	4
54082	2
54084	1
54085	1
54086	2
54087	2
54089	4
54090	3
54092	3
54093	2
54094	2
54095	1
54096	3
54097	2
54098	3
54099	3
54100	4
54101	5
54102	2
54103	3
54104	4
54105	2
54106	5
54107	3
54108	2
54109	1
54110	5
54111	4
54112	2
54113	4
54114	2
54115	5
54116	2
54117	3
54118	2
54119	1
54120	1
54121	3
54122	2
54123	3
54124	1
54125	3
54126	4
54127	3
54129	1
54130	1
54131	1
54132	4
54133	1
54134	4
54135	2
54136	2
54138	4
54139	2
54140	1
54141	1
54144	4
54145	2
54146	3
54147	2
54148	2
54149	2
54150	1
54151	3
54152	2
54153	2
54154	3
54155	8
54156	2
54157	1
54158	2
54159	2
54160	2
54161	3
54162	1
54166	5
54167	2
54168	3
54171	4
54172	1
54173	3
54174	6
54176	4
54177	4
54178	1
54179	1
54180	4
54181	2
54182	4
54183	2
54184	3
54185	4
54186	2
54187	2
54188	1
54189	1
54190	4
54191	3
54192	4
54193	1
54194	1
54195	3
54196	2
54197	4
54198	4
54199	1
54200	5
54201	2
54202	3
54203	5
54204	1
54205	2
54206	8
54207	3
54208	3
54209	3
54210	3
54211	1
54212	2
54213	1
54214	1
54215	3
54216	2
54217	3
54219	1
54220	1
54221	1
54222	2
54223	6
54225	4
54226	3
54227	1
54228	1
54229	1
54230	2
54231	3
54233	2
54234	1
54235	1
54236	3
54237	2
54238	2
54239	1
54240	4
54241	2
54242	2
54243	2
54244	1
54246	3
54248	2
54249	3
54250	3
54251	1
54252	3
54253	2
54254	2
54257	3
54258	1
54259	5
54260	2
54261	2
54262	1
54263	2
54265	2
54266	2
54267	3
54268	1
54269	3
54270	3
54271	1
54272	1
54273	2
54274	1
54275	3
54276	4
54277	3
54278	3
54279	1
54280	1
54281	2
54282	2
54283	3
54284	1
54286	3
54287	2
54288	2
54289	2
54290	3
54291	4
54292	1
54293	2
54294	2
54295	2
54296	2
54297	2
54298	3
54299	3
54300	1
54301	2
54302	5
54303	5
54304	1
54306	3
54307	2
54308	3
54309	4
54310	3
54311	4
54313	3
54314	1
54315	1
54316	2
54317	5
54318	4
54319	1
54320	1
54321	1
54322	3
54323	3
54324	3
54326	2
54327	3
54328	2
54330	1
54331	3
54332	2
54333	3
54334	4
54335	3
54336	4
54337	2
54338	2
54340	2
54341	1
54342	2
54343	2
54346	1
54347	4
54349	2
54350	2
54351	2
54352	2
54354	4
54355	3
54356	4
54357	4
54358	4
54359	3
54360	3
54361	3
54362	1
54363	4
54364	1
54365	1
54367	1
54370	3
54371	1
54372	1
54373	2
54374	1
54375	3
54376	1
54377	1
54378	2
54379	2
54380	4
54381	1
54383	5
54384	1
54385	1
54386	1
54387	2
54388	1
54389	1
54390	5
54391	3
54392	1
54393	2
54394	1
54396	2
54397	3
54398	2
54399	2
54400	4
54401	2
54402	2
54404	3
54407	2
54408	4
54409	1
54410	1
54413	1
54414	2
54415	2
54416	1
54417	2
54418	3
54420	1
54421	2
54422	1
54423	2
54425	3
54426	2
54427	3
54428	3
54429	3
54430	3
54431	1
54432	2
54433	2
54434	2
54435	1
54440	3
54441	2
54442	1
54443	3
54444	4
54445	1
54446	1
54447	2
54448	2
54449	4
54450	4
54451	1
54452	1
54453	1
54454	1
54455	3
54456	4
54457	1
54459	1
54460	2
54461	3
54462	6
54463	3
54465	1
54466	5
54467	2
54468	1
54469	3
54470	4
54472	2
54474	3
54475	3
54476	4
54478	2
54479	2
54480	4
54481	1
54482	1
54483	2
54484	5
54485	1
54487	5
54488	1
54489	1
54490	1
54491	2
54492	1
54493	6
54494	3
54496	1
54497	4
54498	6
54499	4
54500	3
54501	1
54502	2
54504	1
54506	4
54507	7
54508	2
54509	3
54510	4
54512	1
54513	1
54514	3
54515	5
54516	5
54517	1
54518	4
54519	3
54520	1
54521	2
54522	1
54523	1
54525	2
54526	1
54527	2
54528	1
54529	5
54530	2
54531	4
54532	2
54533	4
54534	5
54535	3
54536	2
54537	1
54538	3
54539	1
54540	1
54541	2
54542	2
54543	2
54544	3
54545	4
54546	7
54547	4
54548	2
54549	3
54550	1
54552	3
54553	3
54554	4
54555	6
54556	2
54557	1
54558	2
54559	1
54560	2
54561	3
54562	1
54563	2
54565	2
54567	3
54568	5
54569	2
54570	3
54571	3
54572	2
54573	4
54574	1
54575	5
54576	2
54577	2
54578	2
54579	2
54580	1
54581	4
54582	4
54583	4
54584	1
54585	3
54586	1
54587	2
54588	1
54589	1
54590	6
54591	3
54592	1
54593	2
54594	3
54595	2
54596	5
54597	1
54598	2
54599	1
54600	5
54601	6
54602	2
54603	3
54604	1
54605	1
54606	4
54607	3
54608	1
54609	1
54611	1
54612	3
54613	2
54614	4
54615	1
54616	2
54617	5
54618	2
54619	4
54620	3
54621	4
54622	2
54623	6
54624	2
54625	1
54626	2
54627	3
54628	1
54629	4
54630	2
54631	5
54632	2
54634	3
54635	3
54636	5
54637	1
54638	1
54639	1
54641	3
54642	4
54643	1
54647	2
54648	3
54649	2
54650	1
54651	1
54652	3
54653	3
54655	4
54657	2
54658	5
54659	1
54660	2
54661	1
54662	2
54663	2
54664	4
54665	3
54666	2
54667	4
54668	2
54669	1
54670	4
54671	1
54672	2
54674	4
54675	1
54676	2
54678	4
54679	1
54680	2
54681	1
54682	2
54683	3
54684	5
54685	1
54686	3
54687	8
54688	1
54689	2
54690	3
54692	4
54693	2
54694	2
54695	4
54696	2
54697	4
54698	2
54699	1
54701	3
54702	1
54703	2
54704	2
54705	2
54706	3
54707	1
54708	3
54709	1
54710	1
54711	2
54712	1
54714	4
54715	1
54716	2
54717	1
54718	5
54719	2
54720	3
54721	2
54722	2
54723	1
54724	1
54726	1
54727	3
54728	1
54729	3
54730	1
54731	1
54732	2
54733	1
54734	2
54735	2
54736	2
54737	2
54738	4
54739	5
54741	1
54742	2
54743	3
54744	5
54746	1
54747	1
54748	1
54749	1
54750	7
54752	2
54753	6
54754	1
54755	3
54756	2
54757	3
54758	1
54760	3
54761	1
54762	2
54763	6
54764	2
54765	4
54767	1
54768	2
54769	4
54770	1
54771	2
54772	3
54773	3
54774	1
54775	2
54776	4
54778	2
54779	3
54780	2
54781	5
54782	4
54783	1
54784	1
54786	1
54787	4
54788	3
54790	4
54791	4
54793	1
54795	4
54796	1
54797	2
54798	3
54800	5
54801	4
54802	1
54803	1
54804	3
54805	3
54806	2
54807	3
54808	1
54809	1
54811	1
54813	2
54815	2
54816	2
54817	1
54818	2
54819	2
54820	3
54821	2
54823	4
54824	4
54825	3
54826	1
54827	1
54828	2
54829	5
54830	3
54831	4
54832	4
54833	2
54834	2
54835	3
54836	1
54837	1
54838	5
54839	1
54840	2
54841	1
54842	4
54843	1
54844	2
54845	2
54846	2
54847	2
54848	2
54849	2
54850	2
54852	3
54853	1
54854	2
54855	1
54856	3
54857	2
54858	1
54859	2
54860	1
54861	1
54862	2
54863	2
54864	3
54865	3
54866	1
54868	1
54869	3
54870	2
54872	2
54874	1
54875	4
54876	3
54877	2
54878	1
54879	4
54880	5
54881	3
54882	3
54883	1
54884	1
54885	1
54886	2
54887	5
54888	3
54889	3
54890	2
54892	2
54893	1
54894	1
54895	3
54896	3
54897	2
54898	3
54900	3
54902	1
54903	1
54904	1
54905	2
54906	1
54907	2
54908	1
54909	2
54910	1
54911	1
54912	2
54913	6
54915	3
54916	2
54917	1
54918	4
54919	1
54920	2
54921	1
54922	2
54923	2
54924	1
54925	2
54926	3
54927	1
54928	1
54929	1
54930	6
54931	1
54932	3
54933	3
54934	1
54935	4
54936	2
54939	3
54940	3
54941	2
54943	2
54944	5
54946	1
54947	2
54948	2
54949	1
54951	3
54952	2
54953	8
54954	1
54955	4
54956	2
54957	1
54958	1
54959	2
54961	1
54962	3
54963	3
54964	5
54965	4
54966	3
54967	3
54968	2
54969	3
54970	2
54971	3
54972	1
54973	1
54974	3
54975	3
54976	4
54977	3
54978	2
54979	1
54980	1
54982	4
54983	6
54984	2
54985	2
54986	3
54988	1
54989	4
54990	3
54991	5
54992	1
54993	4
54994	2
54995	1
54996	2
54997	3
55000	1
55001	3
55002	2
55003	2
55004	1
55005	2
55006	1
55007	1
55009	1
55011	2
55012	1
55013	3
55014	1
55015	1
55016	4
55017	4
55018	2
55019	6
55020	1
55021	3
55022	2
55023	1
55024	2
55025	3
55026	1
55027	3
55030	2
55032	2
55033	3
55034	1
55035	2
55036	2
55037	3
55040	1
55041	1
55042	1
55043	1
55044	5
55045	1
55046	2
55047	3
55048	3
55049	2
55051	5
55052	3
55053	1
55054	1
55055	4
55056	2
55057	3
55058	4
55059	2
55060	2
55061	2
55062	2
55063	1
55064	2
55065	2
55066	3
55067	1
55068	4
55070	2
55071	1
55072	4
55073	1
55074	2
55075	3
55076	3
55077	1
55078	3
55079	4
55081	4
55082	2
55084	2
55086	5
55087	1
55088	4
55089	2
55090	8
55091	2
55092	2
55094	2
55096	1
55097	1
55098	1
55099	5
55100	1
55101	3
55102	2
55103	4
55104	1
55105	1
55106	3
55107	2
55108	1
55109	1
55110	2
55111	4
55112	1
55113	2
55114	2
55115	2
55116	2
55119	3
55120	1
55121	3
55123	1
55124	3
55125	2
55126	3
55127	4
55128	2
55130	3
55131	2
55132	4
55133	2
55134	2
55135	2
55136	3
55137	4
55139	2
55140	1
55141	3
55142	6
55143	2
55144	4
55145	1
55146	3
55147	2
55148	3
55149	7
55150	1
55151	5
55152	3
55153	6
55155	3
55156	5
55158	1
55159	3
55160	2
55162	2
55163	2
55164	5
55165	2
55166	4
55167	2
55168	3
55169	1
55170	4
55173	1
55174	3
55175	2
55176	1
55178	2
55179	2
55180	1
55181	2
55182	1
55183	1
55184	1
55186	2
55187	2
55188	1
55189	5
55190	5
55191	2
55192	1
55193	2
55194	3
55197	3
55198	2
55199	2
55201	5
55202	2
55203	3
55205	4
55206	1
55207	2
55208	1
55210	3
55211	2
55212	1
55213	1
55214	2
55215	2
55217	1
55218	6
55219	2
55220	1
55221	1
55222	3
55223	2
55224	2
55225	1
55226	3
55227	5
55228	1
55229	4
55230	8
55231	3
55233	2
55234	3
55235	1
55236	2
55237	1
55238	3
55239	2
55240	3
55241	1
55242	2
55243	1
55244	2
55245	3
55246	1
55247	3
55248	1
55249	3
55251	1
55253	1
55255	3
55256	1
55257	2
55258	1
55259	3
55260	1
55261	1
55262	2
55263	1
55264	2
55265	2
55267	3
55268	3
55269	1
55270	1
55271	1
55272	5
55273	2
55274	1
55276	1
55277	1
55278	1
55280	3
55281	4
55282	3
55283	2
55285	1
55287	1
55288	3
55290	2
55291	2
55292	3
55293	2
55294	1
55295	2
55296	1
55298	3
55299	3
55300	2
55302	2
55303	3
55304	4
55305	3
55306	3
55307	1
55309	2
55310	2
55311	1
55312	2
55313	6
55314	2
55315	2
55316	4
55317	1
55318	4
55319	3
55320	2
55321	1
55322	1
55323	6
55324	1
55326	4
55327	4
55328	2
55329	3
55330	4
55331	2
55332	1
55334	2
55335	1
55339	3
55340	2
55341	1
55343	4
55344	1
55346	1
55347	2
55348	4
55349	1
55350	1
55351	2
55352	3
55353	1
55354	1
55355	1
55356	8
55357	1
55358	2
55359	1
55360	1
55361	1
55362	2
55363	1
55364	5
55365	6
55366	2
55367	4
55368	3
55369	4
55370	2
55371	1
55372	3
55373	3
55374	4
55375	2
55376	5
55377	5
55378	5
55379	1
55380	5
55382	3
55383	2
55384	1
55386	3
55387	2
55388	4
55389	1
55390	4
55391	1
55392	2
55394	3
55395	2
55396	1
55397	1
55398	2
55399	2
55400	1
55401	2
55402	3
55403	1
55404	3
55406	4
55407	3
55408	1
55409	4
55410	2
55411	2
55412	5
55413	3
55414	1
55415	4
55416	2
55417	1
55418	6
55419	7
55420	1
55421	2
55422	3
55423	2
55424	2
55425	3
55426	3
55427	2
55428	1
55429	4
55430	1
55431	2
55432	4
55433	2
55434	3
55435	2
55436	1
55437	3
55438	1
55439	2
55440	5
55441	1
55442	7
55443	1
55445	2
55447	1
55449	3
55450	3
55451	2
55452	2
55453	2
55454	3
55455	4
55456	2
55457	6
55458	2
55459	3
55460	3
55461	2
55462	1
55463	4
55464	1
55465	4
55466	2
55467	4
55468	3
55469	2
55470	2
55471	3
55472	1
55473	4
55474	3
55475	5
55476	1
55478	2
55479	1
55480	3
55481	1
55483	4
55484	1
55485	5
55486	3
55487	3
55488	2
55489	5
55490	2
55491	4
55493	2
55494	2
55495	3
55496	3
55497	3
55499	3
55500	2
55501	1
55502	2
55503	1
55504	3
55505	4
55506	4
55507	2
55508	1
55509	3
55510	3
55511	1
55512	1
55513	3
55514	4
55515	2
55516	4
55517	3
55520	2
55521	5
55522	3
55523	4
55524	4
55525	2
55526	3
55527	3
55528	3
55529	1
55531	2
55532	2
55533	1
55534	2
55535	2
55536	1
55537	1
55538	3
55539	5
55540	4
55541	2
55542	3
55543	2
55544	6
55545	3
55547	2
55548	2
55550	3
55551	2
55552	2
55553	1
55554	3
55555	2
55556	1
55557	3
55558	2
55559	5
55560	3
55561	3
55562	5
55563	1
55564	2
55565	1
55566	2
55568	1
55569	3
55571	4
55572	3
55573	3
55574	3
55575	1
55576	4
55577	1
55578	2
55579	1
55580	2
55581	3
55582	2
55583	3
55584	1
55585	5
55586	1
55587	3
55588	4
55589	2
55590	2
55591	1
55592	3
55594	5
55596	1
55597	3
55598	3
55599	1
55600	5
55601	3
55602	2
55603	1
55604	2
55605	4
55606	2
55607	4
55608	1
55609	2
55610	2
55611	4
55612	2
55613	1
55614	2
55615	4
55616	3
55617	4
55618	2
55619	4
55620	2
55621	3
55623	1
55624	1
55625	3
55626	3
55627	2
55630	2
55631	3
55632	3
55633	2
55635	1
55636	1
55637	2
55638	3
55639	2
55640	2
55641	1
55642	2
55643	4
55644	3
55645	2
55646	3
55647	3
55648	1
55649	1
55650	1
55651	2
55652	1
55653	3
55654	3
55655	5
55656	2
55657	1
55658	1
55659	1
55660	5
55662	2
55663	1
55664	1
55665	2
55666	4
55668	2
55669	3
55670	1
55671	5
55672	2
55673	3
55674	1
55675	2
55676	1
55677	1
55678	1
55679	2
55680	2
55681	4
55682	2
55683	1
55684	5
55685	4
55686	6
55687	1
55688	1
55689	1
55690	1
55691	5
55692	2
55693	3
55695	4
55696	1
55697	2
55698	4
55699	2
55700	3
55701	2
55702	2
55703	2
55704	4
55705	3
55707	4
55708	1
55709	2
55710	2
55711	4
55713	4
55715	1
55718	2
55719	2
55720	2
55721	1
55722	5
55724	2
55725	2
55726	2
55728	2
55729	1
55730	2
55731	2
55732	4
55733	4
55734	2
55735	3
55736	1
55737	3
55738	2
55739	4
55740	6
55741	3
55742	1
55743	1
55744	6
55745	2
55746	2
55747	1
55748	1
55749	2
55751	2
55752	1
55753	1
55754	1
55755	3
55756	2
55757	3
55758	2
55759	3
55761	2
55762	5
55764	2
55765	4
55766	1
55767	7
55768	2
55769	4
55770	1
55771	5
55772	2
55773	3
55774	5
55775	3
55776	2
55777	1
55778	4
55779	3
55780	5
55781	2
55782	2
55783	4
55784	3
55785	4
55786	2
55787	2
55788	3
55789	1
55791	3
55792	3
55794	1
55795	1
55796	2
55797	4
55798	2
55799	4
55800	4
55801	5
55802	2
55803	1
55805	4
55806	3
55807	3
55808	4
55809	1
55810	2
55811	5
55812	3
55813	3
55815	3
55816	3
55817	2
55818	2
55819	3
55820	2
55821	2
55822	2
55823	2
55824	3
55825	1
55826	1
55827	1
55829	2
55830	2
55831	1
55832	1
55833	3
55834	5
55835	2
55836	1
55837	3
55838	3
55839	4
55841	2
55842	1
55843	2
55844	5
55845	3
55846	2
55847	4
55848	3
55849	1
55850	3
55851	2
55852	3
55854	5
55855	2
55857	2
55858	2
55860	3
55863	2
55864	5
55865	1
55866	1
55867	2
55868	4
55869	3
55870	2
55871	5
55872	3
55874	1
55875	3
55876	1
55877	5
55878	3
55879	3
55880	1
55881	3
55882	3
55883	3
55884	1
55885	1
55886	1
55887	3
55888	1
55889	2
55891	2
55892	3
55893	1
55895	3
55896	3
55897	3
55898	2
55899	1
55901	3
55902	3
55903	2
55904	3
55906	2
55907	3
55908	3
55909	3
55910	5
55911	2
55912	4
55913	2
55914	4
55915	1
55916	2
55917	5
55918	1
55919	1
55921	1
55922	2
55923	1
55925	3
55926	3
55929	3
55930	7
55932	4
55933	2
55934	3
55935	4
55937	3
55938	2
55940	1
55941	3
55942	3
55943	2
55944	2
55945	1
55946	2
55947	8
55948	2
55949	3
55950	3
55951	5
55952	3
55953	4
55954	4
55955	2
55956	2
55957	1
55958	1
55960	2
55961	1
55962	1
55963	1
55964	2
55966	1
55967	1
55968	3
55969	2
55971	2
55972	2
55973	3
55974	2
55975	1
55976	2
55977	2
55978	5
55979	1
55980	3
55981	1
55982	2
55983	4
55984	2
55985	7
55986	3
55987	5
55988	1
55989	1
55990	1
55993	1
55994	3
55995	1
55996	5
55997	1
55998	4
55999	2
56000	1
56001	2
56002	3
56003	1
56004	4
56005	1
56006	3
56007	3
56009	3
56010	1
56011	1
56012	4
56013	3
56015	1
56016	5
56017	3
56018	1
56019	3
56020	3
56021	1
56022	2
56023	1
56024	2
56025	3
56026	5
56027	6
56028	1
56029	2
56030	3
56031	4
56032	5
56033	1
56034	1
56035	3
56036	1
56037	6
56038	2
56039	2
56041	1
56042	2
56043	4
56044	3
56045	1
56046	2
56047	5
56048	4
56049	2
56050	2
56052	4
56053	1
56054	3
56055	1
56056	3
56057	2
56058	2
56061	2
56063	2
56064	5
56065	2
56066	4
56067	1
56068	2
56069	5
56070	1
56071	1
56072	2
56073	1
56074	1
56075	2
56076	2
56077	2
56078	1
56079	1
56080	4
56082	3
56083	2
56085	3
56086	3
56087	1
56088	3
56089	3
56090	1
56091	2
56092	1
56093	6
56094	5
56096	2
56097	2
56098	2
56099	5
56101	6
56102	2
56103	2
56104	3
56105	2
56106	3
56107	1
56108	2
56109	1
56110	1
56111	1
56112	2
56113	4
56114	2
56115	1
56117	2
56118	2
56119	2
56121	5
56122	1
56123	2
56124	2
56125	1
56126	2
56127	1
56128	5
56129	3
56130	4
56131	1
56132	3
56133	2
56134	2
56135	2
56136	3
56137	2
56138	2
56139	2
56140	2
56141	2
56142	2
56143	4
56144	3
56145	5
56146	1
56147	3
56148	3
56149	3
56150	2
56151	3
56152	3
56153	5
56154	5
56155	1
56156	2
56157	1
56158	7
56159	3
56160	1
56161	1
56162	4
56163	2
56164	2
56165	3
56166	3
56167	4
56168	3
56169	5
56170	3
56171	3
56172	4
56173	3
56175	4
56176	4
56177	3
56179	1
56180	1
56181	2
56183	1
56184	1
56185	4
56187	1
56188	3
56189	4
56190	7
56191	2
56192	1
56193	1
56194	1
56195	3
56196	1
56197	4
56198	2
56199	1
56200	4
56201	2
56203	4
56204	1
56205	3
56206	3
56207	2
56208	1
56209	5
56210	3
56211	1
56212	3
56213	5
56214	5
56215	1
56216	2
56217	4
56218	3
56219	3
56220	2
56221	5
56223	2
56224	1
56226	1
56227	3
56228	6
56229	3
56230	3
56231	3
56232	1
56233	2
56234	4
56235	2
56236	3
56237	4
56238	4
56239	2
56240	3
56241	3
56242	3
56243	3
56244	3
56245	2
56246	2
56247	2
56248	1
56249	3
56250	3
56251	1
56252	3
56253	4
56254	3
56255	3
56256	2
56257	1
56258	2
56260	4
56261	1
56262	2
56263	3
56264	2
56265	3
56268	1
56269	1
56270	3
56271	2
56272	6
56273	1
56274	3
56275	2
56276	5
56278	2
56279	1
56280	1
56281	4
56282	1
56283	2
56284	6
56287	2
56288	1
56289	2
56290	2
56291	1
56292	2
56293	3
56294	4
56296	5
56297	1
56298	1
56299	1
56300	2
56301	5
56302	4
56303	1
56304	4
56305	4
56307	2
56308	3
56309	3
56310	3
56311	3
56313	3
56314	1
56315	2
56316	1
56317	1
56318	2
56319	1
56320	2
56321	4
56322	2
56324	3
56325	1
56326	5
56327	3
56328	2
56329	3
56330	3
56331	5
56332	1
56333	2
56334	2
56336	4
56337	2
56338	1
56339	2
56340	3
56341	1
56342	1
56344	2
56346	5
56347	2
56348	5
56349	1
56350	4
56351	2
56352	6
56353	3
56355	3
56356	4
56357	2
56358	1
56359	1
56360	5
56362	2
56363	1
56364	1
56365	1
56366	2
56368	2
56369	2
56370	1
56371	2
56372	2
56373	2
56374	6
56375	4
56376	1
56377	2
56378	2
56379	3
56380	2
56382	1
56383	3
56384	1
56386	3
56387	2
56388	2
56389	2
56390	3
56391	7
56392	2
56393	1
56394	1
56395	1
56396	8
56397	2
56398	3
56399	1
56400	7
56401	4
56403	1
56405	1
56406	6
56407	1
56408	2
56409	3
56410	1
56411	3
56413	4
56415	2
56416	4
56417	5
56418	4
56420	2
56421	3
56422	3
56423	5
56424	1
56425	3
56426	1
56427	1
56428	1
56429	2
56430	3
56431	3
56433	5
56434	6
56435	2
56436	2
56437	1
56438	3
56439	2
56440	1
56441	1
56442	2
56443	1
56445	1
56446	6
56447	2
56448	3
56449	4
56450	2
56451	2
56453	2
56454	5
56455	2
56456	4
56457	1
56458	2
56459	3
56460	4
56463	1
56464	4
56465	2
56466	3
56467	1
56468	1
56469	4
56470	3
56471	1
56472	2
56473	2
56474	4
56475	1
56476	2
56477	3
56478	2
56482	2
56484	2
56486	1
56487	3
56488	2
56489	1
56490	1
56491	2
56492	4
56493	3
56495	2
56496	1
56497	2
56498	2
56499	2
56501	1
56502	2
56503	3
56504	3
56505	4
56506	1
56507	1
56508	3
56509	2
56510	2
56511	2
56512	1
56513	1
56514	1
56516	2
56517	3
56518	3
56519	3
56520	1
56521	3
56522	3
56523	1
56524	1
56525	3
56526	3
56528	8
56529	4
56531	1
56532	3
56534	1
56535	3
56536	1
56537	2
56538	1
56539	3
56540	1
56541	4
56543	5
56544	1
56546	2
56547	6
56548	2
56549	3
56550	2
56551	1
56553	2
56555	2
56556	2
56557	4
56558	2
56559	3
56560	2
56561	1
56562	4
56563	2
56564	2
56565	2
56566	2
56567	3
56568	1
56569	1
56570	3
56571	1
56572	3
56573	2
56574	1
56576	2
56577	1
56579	2
56580	2
56581	4
56583	4
56584	1
56587	1
56588	4
56589	11
56591	2
56592	1
56593	2
56594	1
56595	3
56596	4
56597	2
56598	4
56599	2
56600	1
56601	2
56602	2
56603	1
56604	1
56605	1
56606	3
56607	3
56608	1
56609	1
56610	1
56611	1
56612	1
56613	1
56614	3
56615	1
56616	1
56617	2
56618	2
56619	2
56620	1
56621	7
56622	1
56623	4
56624	4
56625	2
56626	2
56628	2
56629	2
56630	1
56631	2
56632	1
56633	1
56634	5
56635	2
56636	3
56637	2
56638	4
56639	1
56640	3
56642	3
56644	2
56645	2
56646	1
56647	2
56648	2
56649	2
56651	1
56652	1
56653	4
56655	2
56656	4
56657	2
56658	2
56659	4
56660	1
56661	2
56662	3
56663	3
56664	1
56666	5
56667	3
56669	1
56670	5
56671	4
56672	2
56673	2
56674	3
56675	6
56676	3
56677	4
56679	2
56680	2
56681	2
56682	1
56683	4
56684	2
56685	2
56686	1
56687	2
56688	1
56689	1
56691	1
56692	3
56693	3
56694	2
56695	4
56696	3
56697	3
56698	2
56699	2
56700	1
56701	1
56702	1
56703	3
56704	4
56705	1
56706	4
56707	2
56709	2
56710	1
56711	3
56712	2
56713	2
56714	5
56716	2
56717	3
56718	2
56719	3
56720	2
56721	2
56722	2
56723	5
56724	1
56725	3
56726	1
56727	1
56728	3
56730	1
56731	3
56732	1
56733	3
56734	5
56735	2
56736	3
56737	4
56738	1
56739	3
56740	4
56741	3
56742	2
56743	3
56744	2
56745	3
56746	2
56748	1
56749	4
56750	1
56751	6
56752	2
56753	1
56754	2
56756	2
56757	4
56758	1
56759	3
56760	1
56761	1
56762	3
56763	5
56764	4
56765	1
56766	2
56767	4
56768	1
56769	3
56770	2
56772	4
56773	3
56774	4
56775	2
56776	1
56777	5
56778	2
56779	2
56780	4
56781	3
56782	4
56783	1
56784	4
56785	3
56786	1
56787	4
56789	1
56790	2
56791	5
56792	1
56793	1
56794	5
56795	4
56796	1
56797	2
56798	2
56799	1
56800	1
56801	1
56803	3
56804	4
56805	3
56806	2
56807	1
56808	2
56809	3
56810	2
56811	2
56812	2
56813	4
56814	1
56817	1
56818	6
56819	3
56820	1
56821	1
56822	2
56823	7
56824	3
56825	3
56826	3
56827	1
56828	1
56829	4
56830	3
56831	3
56832	3
56833	1
56834	2
56835	2
56836	3
56838	3
56839	2
56840	5
56841	1
56842	1
56843	1
56844	5
56845	3
56847	1
56848	3
56849	4
56851	5
56852	2
56853	2
56854	1
56855	3
56856	4
56857	1
56858	3
56860	2
56861	3
56862	3
56863	4
56865	3
56866	2
56867	4
56868	2
56869	4
56870	1
56871	2
56872	3
56873	2
56874	2
56875	4
56876	3
56877	1
56878	1
56879	4
56880	2
56881	2
56883	4
56884	2
56887	2
56888	1
56889	3
56890	4
56891	5
56893	3
56894	1
56895	3
56896	2
56897	4
56898	4
56899	4
56900	1
56901	1
56902	2
56903	2
56904	4
56905	2
56906	1
56908	2
56909	1
56910	1
56911	4
56912	4
56913	2
56914	2
56915	2
56917	4
56918	1
56919	7
56920	4
56921	1
56922	1
56923	2
56924	1
56925	2
56926	3
56927	3
56928	3
56929	1
56930	3
56931	2
56932	2
56933	5
56935	3
56936	1
56938	4
56940	2
56941	2
56942	2
56943	1
56944	2
56945	1
56946	1
56947	1
56948	3
56950	3
56951	4
56952	2
56953	2
56955	5
56956	2
56957	2
56958	2
56959	2
56960	2
56961	3
56963	3
56964	1
56965	1
56966	2
56967	6
56970	2
56971	2
56972	2
56973	4
56974	2
56976	1
56978	5
56980	1
56981	6
56982	1
56983	2
56984	2
56985	1
56986	2
56987	2
56988	2
56989	2
56990	4
56991	2
56992	1
56994	1
56997	2
56999	1
57000	1
57001	3
57003	2
57004	4
57005	2
57006	4
57007	1
57008	5
57009	2
57010	1
57011	2
57012	1
57013	1
57015	1
57016	1
57018	3
57019	3
57020	4
57022	1
57023	1
57024	2
57025	1
57026	1
57027	2
57028	2
57029	5
57030	4
57031	3
57032	3
57033	2
57034	3
57035	4
57036	3
57037	2
57038	4
57039	2
57041	3
57042	1
57043	3
57045	2
57046	2
57047	2
57048	1
57049	2
57050	2
57051	5
57052	1
57053	2
57054	1
57055	4
57056	1
57058	1
57059	1
57060	3
57061	4
57063	2
57065	1
57066	2
57068	2
57069	3
57070	3
57071	3
57072	5
57073	2
57074	5
57075	2
57076	1
57077	1
57078	1
57079	1
57080	2
57081	3
57082	2
57083	1
57084	3
57085	1
57086	1
57087	4
57088	2
57089	1
57092	4
57093	3
57094	3
57096	6
57097	1
57099	2
57101	3
57102	3
57103	2
57105	3
57106	1
57108	2
57109	4
57110	1
57111	1
57112	1
57113	5
57114	4
57115	1
57116	2
57118	2
57119	2
57120	2
57121	3
57122	1
57123	1
57124	3
57125	2
57126	1
57127	2
57128	3
57129	1
57130	4
57132	4
57133	6
57134	1
57135	2
57136	5
57137	4
57138	3
57139	2
57140	2
57141	2
57143	2
57144	1
57145	1
57147	1
57148	3
57149	2
57150	3
57151	3
57152	1
57153	1
57154	6
57155	1
57156	2
57157	1
57158	4
57159	1
57160	3
57161	2
57162	5
57163	1
57164	3
57165	2
57166	2
57167	1
57168	4
57169	2
57170	2
57171	6
57172	1
57173	3
57174	2
57176	3
57178	3
57179	1
57180	2
57181	2
57182	1
57183	2
57184	1
57185	3
57186	3
57187	5
57188	3
57189	2
57190	1
57191	2
57193	5
57194	3
57196	4
57197	2
57198	2
57199	1
57200	2
57201	4
57202	3
57203	1
57204	2
57205	3
57206	3
57207	5
57209	1
57210	2
57211	5
57212	1
57213	2
57214	1
57215	2
57216	1
57217	1
57218	4
57219	1
57221	3
57222	3
57223	2
57224	4
57226	3
57227	1
57228	2
57229	4
57230	1
57231	2
57232	3
57233	3
57234	3
57235	2
57236	4
57237	4
57238	2
57239	1
57240	2
57241	5
57242	1
57243	3
57244	2
57245	3
57246	2
57247	2
57248	3
57249	1
57250	2
57251	1
57252	2
57253	3
57254	4
57255	3
57256	1
57257	3
57258	1
57259	1
57261	4
57264	1
57265	2
57266	2
57267	2
57268	4
57269	3
57270	2
57271	5
57272	1
57274	2
57276	4
57277	1
57279	3
57280	1
57281	2
57282	2
57283	2
57284	1
57285	4
57286	3
57287	1
57288	3
57289	2
57290	4
57292	2
57293	1
57294	4
57295	1
57296	3
57297	2
57298	2
57299	4
57300	3
57301	1
57302	3
57303	3
57304	2
57305	2
57307	2
57308	1
57309	4
57310	1
57312	2
57313	2
57315	3
57317	4
57318	2
57320	1
57321	4
57322	3
57323	2
57324	1
57325	2
57326	1
57327	1
57328	1
57329	3
57330	1
57331	3
57333	2
57334	1
57335	6
57336	3
57337	3
57338	4
57339	1
57340	2
57341	4
57342	4
57343	2
57344	2
57345	3
57346	1
57347	2
57348	1
57349	3
57350	4
57351	3
57352	3
57353	1
57354	3
57355	4
57356	3
57357	5
57358	4
57359	1
57360	3
57361	3
57362	2
57363	1
57364	2
57365	1
57366	9
57369	3
57370	2
57371	1
57372	5
57373	3
57374	2
57375	2
57376	4
57377	2
57378	5
57379	4
57380	1
57381	3
57382	2
57383	2
57384	1
57385	3
57386	3
57388	2
57389	4
57390	2
57391	3
57392	3
57393	4
57394	2
57395	2
57396	2
57397	3
57398	2
57399	2
57400	2
57401	4
57403	1
57404	1
57406	2
57407	1
57408	4
57409	3
57410	1
57411	2
57413	3
57414	1
57415	1
57416	2
57417	2
57418	2
57419	2
57420	2
57421	2
57422	3
57423	2
57424	4
57425	2
57427	4
57428	2
57429	2
57430	2
57431	4
57432	4
57433	2
57434	2
57435	3
57436	1
57437	2
57438	4
57440	3
57442	1
57443	1
57444	2
57445	1
57447	3
57448	3
57449	1
57450	4
57451	1
57452	2
57453	1
57454	1
57456	3
57457	1
57458	1
57459	3
57461	4
57462	2
57463	1
57464	1
57465	2
57466	2
57467	7
57468	2
57469	2
57470	1
57471	3
57472	2
57473	4
57474	3
57476	4
57477	1
57478	2
57479	2
57480	1
57482	2
57483	1
57484	1
57485	2
57486	2
57487	6
57488	3
57489	3
57490	4
57492	1
57493	2
57494	2
57495	1
57496	2
57497	1
57498	3
57499	2
57500	4
57501	1
57502	4
57503	2
57504	1
57505	2
57507	2
57508	4
57509	2
57510	3
57511	3
57512	4
57513	4
57514	2
57515	3
57516	2
57517	2
57518	1
57519	2
57520	2
57522	1
57523	3
57525	3
57526	3
57527	3
57528	1
57530	2
57531	4
57532	4
57533	2
57534	1
57535	1
57536	3
57537	4
57538	5
57539	2
57540	3
57541	1
57542	2
57544	1
57545	4
57546	2
57547	3
57548	4
57549	3
57550	3
57551	3
57552	2
57553	3
57554	1
57555	1
57556	3
57557	1
57558	2
57559	1
57560	2
57561	1
57562	2
57563	3
57564	1
57565	4
57566	4
57567	2
57568	4
57569	1
57570	1
57571	1
57572	1
57573	1
57574	3
57575	2
57576	2
57577	1
57578	2
57579	4
57580	3
57581	3
57582	2
57583	2
57584	1
57585	1
57586	1
57587	3
57588	2
57589	2
57590	3
57591	6
57592	3
57593	3
57594	3
57595	4
57596	1
57597	3
57600	1
57601	4
57602	2
57603	2
57604	1
57606	1
57607	3
57608	5
57609	2
57610	2
57611	3
57612	1
57613	4
57614	1
57615	2
57616	1
57618	1
57619	1
57620	4
57621	2
57622	4
57623	3
57624	3
57625	2
57626	4
57627	1
57628	2
57630	1
57631	4
57632	1
57633	3
57634	2
57635	2
57638	2
57639	1
57640	6
57641	2
57642	2
57643	3
57644	3
57645	6
57646	5
57647	2
57648	1
57650	1
57651	1
57652	1
57653	3
57654	2
57657	4
57658	1
57659	4
57660	2
57661	2
57662	4
57663	3
57664	5
57666	2
57667	4
57668	3
57669	1
57670	1
57671	1
57673	2
57674	3
57675	2
57676	2
57677	1
57678	1
57680	3
57681	2
57682	1
57683	3
57684	1
57685	3
57686	3
57687	1
57689	2
57691	1
57692	4
57693	4
57695	2
57696	1
57697	3
57699	1
57700	2
57701	1
57702	1
57703	2
57704	3
57705	5
57706	2
57707	3
57708	3
57709	3
57710	1
57711	4
57712	2
57713	1
57714	4
57715	2
57716	1
57717	1
57718	5
57719	3
57721	2
57722	2
57723	2
57725	4
57726	3
57727	3
57728	6
57730	2
57731	2
57732	2
57733	1
57734	2
57735	1
57736	3
57737	3
57738	1
57739	3
57740	4
57741	2
57742	2
57743	3
57745	1
57746	4
57747	1
57748	1
57749	1
57750	4
57751	4
57752	1
57753	4
57754	3
57755	1
57756	2
57757	1
57758	2
57759	4
57760	2
57761	1
57762	1
57763	3
57764	4
57765	4
57766	1
57767	1
57768	3
57770	1
57771	6
57772	2
57773	2
57774	2
57775	1
57776	3
57777	2
57778	4
57779	1
57780	2
57781	3
57782	3
57783	1
57784	5
57785	4
57786	3
57787	1
57788	2
57789	2
57790	3
57791	2
57792	3
57793	1
57794	2
57795	2
57796	3
57797	1
57798	2
57799	2
57800	3
57801	1
57802	4
57803	2
57804	3
57805	5
57807	3
57808	3
57809	2
57810	1
57811	1
57813	1
57814	4
57815	6
57816	2
57817	2
57818	3
57820	1
57822	1
57823	1
57824	2
57825	2
57827	2
57828	4
57829	1
57830	3
57831	2
57832	1
57833	2
57834	2
57835	2
57836	2
57837	2
57838	1
57839	3
57840	2
57841	1
57842	2
57843	8
57844	3
57846	2
57847	3
57848	2
57849	1
57850	2
57851	4
57852	2
57853	2
57854	3
57855	2
57856	4
57857	2
57858	3
57859	1
57860	3
57861	4
57862	1
57863	3
57865	1
57866	2
57867	3
57868	2
57870	1
57871	1
57873	3
57874	2
57875	4
57876	2
57877	3
57878	3
57879	1
57880	1
57881	1
57882	3
57883	3
57885	1
57886	2
57887	3
57888	2
57889	4
57890	1
57891	3
57893	1
57894	5
57895	1
57896	5
57897	2
57898	3
57899	2
57900	1
57901	2
57902	4
57903	2
57905	5
57906	4
57907	2
57909	3
57910	1
57911	2
57912	1
57913	3
57914	2
57915	1
57916	5
57917	2
57918	4
57919	4
57921	1
57922	4
57923	1
57924	1
57927	2
57929	1
57930	2
57932	1
57933	4
57934	2
57935	2
57936	2
57937	3
57938	3
57941	3
57942	3
57943	3
57944	2
57945	4
57949	2
57950	6
57951	1
57952	2
57953	3
57955	1
57956	4
57957	3
57958	2
57959	3
57960	3
57961	1
57962	2
57963	2
57966	2
57967	2
57968	3
57969	4
57970	3
57971	2
57972	3
57973	2
57974	3
57975	3
57976	2
57977	2
57978	3
57980	3
57982	1
57983	3
57984	2
57985	1
57986	2
57987	1
57988	1
57989	4
57990	1
57991	2
57992	1
57993	2
57994	4
57995	2
57997	2
57998	4
57999	5
58000	3
58001	2
58002	1
58003	4
58004	1
58005	1
58006	5
58007	3
58008	2
58009	2
58010	5
58011	3
58012	3
58013	4
58014	3
58015	1
58016	2
58017	1
58018	2
58019	2
58021	1
58023	2
58024	3
58026	2
58027	1
58028	2
58030	1
58031	3
58032	5
58033	2
58034	2
58035	1
58036	2
58038	1
58039	2
58041	2
58042	1
58043	1
58045	1
58046	3
58048	2
58049	2
58050	2
58052	6
58054	3
58056	1
58057	7
58058	4
58059	3
58060	1
58061	2
58062	3
58063	3
58064	1
58066	3
58067	1
58068	2
58069	3
58070	4
58071	1
58072	4
58073	1
58074	2
58075	2
58077	2
58078	3
58079	2
58080	3
58081	5
58082	2
58083	5
58084	2
58085	2
58086	2
58087	1
58088	3
58089	3
58090	3
58091	1
58092	1
58093	3
58094	2
58095	1
58096	1
58097	4
58098	2
58099	3
58100	4
58101	2
58103	1
58104	1
58105	1
58106	1
58107	3
58108	1
58109	2
58110	1
58111	3
58112	4
58114	2
58115	3
58116	1
58117	2
58119	4
58120	3
58121	2
58122	1
58123	5
58124	3
58125	3
58126	1
58127	1
58128	2
58129	2
58131	3
58132	1
58133	2
58134	3
58135	3
58137	6
58138	1
58139	2
58141	2
58142	2
58143	5
58144	2
58145	3
58147	1
58148	4
58149	6
58150	1
58151	2
58152	1
58153	3
58154	1
58155	3
58156	1
58157	4
58158	2
58159	5
58160	1
58161	1
58162	6
58163	1
58164	3
58165	2
58166	3
58167	2
58168	1
58169	1
58170	4
58171	1
58172	2
58173	4
58174	1
58175	1
58176	7
58177	4
58179	2
58180	2
58181	1
58182	1
58183	2
58184	3
58185	1
58186	2
58187	5
58188	6
58189	1
58190	5
58191	2
58192	3
58193	3
58194	6
58196	4
58197	1
58198	3
58199	1
58200	1
58201	2
58203	4
58204	3
58205	1
58206	1
58207	3
58208	2
58209	2
58210	2
58211	2
58212	3
58213	2
58215	4
58216	3
58217	2
58218	4
58219	4
58220	1
58221	3
58222	3
58223	1
58224	3
58225	3
58226	2
58228	1
58229	3
58230	2
58231	4
58234	2
58235	2
58236	4
58237	2
58238	3
58239	2
58240	2
58241	1
58242	1
58243	5
58244	2
58245	1
58246	3
58247	2
58248	2
58249	5
58251	1
58252	5
58253	2
58254	1
58255	3
58257	3
58259	3
58260	3
58261	1
58262	1
58263	2
58264	3
58265	1
58266	2
58268	1
58269	6
58270	4
58271	4
58272	2
58273	2
58274	1
58276	3
58277	2
58278	3
58279	3
58280	3
58281	1
58282	1
58284	2
58285	4
58286	1
58287	3
58288	4
58289	3
58290	6
58291	6
58293	4
58294	2
58295	2
58296	2
58297	1
58298	1
58299	4
58300	3
58301	3
58302	3
58303	2
58304	2
58305	3
58306	2
58307	1
58308	3
58309	3
58310	3
58312	1
58313	4
58314	1
58316	3
58317	6
58318	4
58319	4
58320	2
58321	5
58322	3
58323	6
58324	2
58325	4
58326	2
58327	3
58328	3
58329	1
58330	4
58331	6
58332	3
58333	3
58335	3
58336	1
58337	2
58338	1
58339	2
58340	1
58341	1
58342	1
58343	2
58344	3
58345	4
58346	2
58347	3
58348	2
58350	1
58351	7
58352	1
58353	6
58354	4
58355	1
58356	1
58358	4
58359	1
58360	1
58361	2
58362	3
58363	3
58364	2
58365	3
58366	1
58367	3
58368	5
58369	5
58370	4
58371	1
58372	5
58373	1
58374	1
58375	3
58376	3
58377	2
58378	4
58379	1
58380	4
58381	2
58382	3
58384	2
58385	6
58386	3
58387	1
58388	3
58389	3
58390	2
58391	2
58392	2
58393	1
58394	4
58395	5
58396	4
58397	3
58398	1
58399	2
58401	3
58403	3
58404	3
58405	3
58407	2
58408	1
58409	1
58410	4
58411	6
58412	3
58413	2
58414	4
58415	2
58416	2
58417	2
58418	2
58419	3
58420	2
58421	1
58422	1
58423	4
58424	1
58427	1
58428	5
58429	3
58430	1
58431	2
58432	3
58433	1
58434	1
58435	3
58436	3
58437	4
58439	3
58440	3
58441	1
58442	1
58444	1
58445	1
58446	3
58447	4
58448	3
58449	3
58450	4
58451	2
58452	2
58453	2
58454	3
58455	2
58456	1
58457	4
58458	2
58459	3
58460	3
58461	4
58463	2
58464	1
58465	1
58466	3
58467	2
58468	2
58469	2
58470	4
58471	1
58472	3
58474	3
58475	3
58476	1
58477	2
58478	1
58479	3
58480	5
58481	1
58482	1
58483	2
58484	3
58485	2
58486	1
58487	2
58488	3
58489	1
58490	3
58491	2
58493	4
58494	3
58495	4
58497	1
58498	1
58499	2
58500	2
58501	1
58502	4
58503	5
58504	3
58505	3
58506	2
58507	3
58508	1
58509	2
58510	3
58511	3
58512	2
58513	1
58514	3
58515	3
58516	1
58517	4
58518	1
58521	6
58522	1
58523	1
58524	1
58525	1
58527	3
58528	3
58529	2
58530	3
58531	1
58532	3
58533	3
58534	1
58535	3
58536	2
58537	2
58538	3
58539	1
58540	2
58541	4
58542	2
58543	1
58544	2
58545	1
58546	1
58547	4
58548	4
58549	4
58550	4
58551	3
58552	3
58553	4
58554	2
58555	3
58556	2
58557	1
58558	1
58559	1
58560	2
58561	2
58562	3
58563	4
58565	2
58566	1
58567	5
58569	4
58570	2
58571	2
58572	2
58573	2
58574	4
58575	2
58576	3
58578	6
58579	2
58580	2
58581	3
58582	3
58583	2
58584	1
58585	2
58586	3
58587	3
58588	2
58589	3
58590	4
58591	2
58592	2
58593	1
58594	5
58595	5
58596	6
58597	4
58598	2
58599	4
58600	1
58601	2
58603	3
58604	1
58605	4
58607	1
58608	2
58609	1
58610	4
58611	3
58613	4
58614	3
58615	3
58616	3
58618	4
58619	2
58620	4
58622	1
58623	1
58624	1
58625	2
58626	2
58627	1
58628	3
58630	2
58631	4
58633	2
58635	1
58636	2
58637	3
58638	3
58639	4
58641	2
58642	2
58643	1
58644	2
58646	3
58647	1
58648	2
58649	3
58650	5
58652	2
58653	1
58654	2
58655	4
58656	3
58657	2
58658	3
58659	1
58660	3
58661	1
58662	4
58664	3
58665	1
58666	1
58667	2
58668	1
58670	2
58671	3
58672	1
58674	1
58675	3
58676	3
58677	6
58678	2
58679	3
58680	1
58681	6
58682	3
58683	2
58684	2
58685	3
58687	1
58688	5
58689	2
58690	3
58691	1
58692	2
58693	2
58694	2
58695	3
58696	3
58699	4
58700	2
58701	1
58703	1
58704	2
58705	2
58706	4
58707	4
58708	4
58709	2
58710	2
58711	1
58712	2
58713	4
58715	2
58716	1
58717	2
58718	2
58719	1
58721	3
58722	2
58723	2
58724	1
58726	2
58727	1
58728	5
58729	2
58730	5
58731	1
58732	4
58733	5
58734	4
58735	5
58736	3
58737	3
58738	3
58739	2
58741	1
58742	1
58743	5
58744	7
58745	2
58746	4
58747	2
58748	2
58749	2
58750	6
58751	3
58752	1
58753	3
58754	3
58755	1
58756	3
58757	2
58758	3
58759	2
58761	3
58762	3
58763	3
58764	4
58765	2
58766	1
58768	3
58770	4
58771	2
58772	2
58773	4
58774	4
58775	1
58776	3
58777	2
58778	5
58779	3
58781	2
58782	1
58783	1
58784	2
58785	5
58787	2
58788	1
58790	2
58791	4
58793	3
58794	3
58796	1
58797	3
58798	1
58799	3
58800	1
58801	1
58802	4
58803	6
58804	2
58806	3
58807	3
58808	2
58809	1
58810	2
58811	4
58812	1
58813	1
58814	1
58815	2
58816	2
58817	2
58818	2
58819	2
58820	5
58821	3
58822	1
58825	1
58826	3
58827	2
58828	3
58829	3
58830	3
58831	1
58832	3
58833	3
58834	2
58836	2
58837	1
58838	3
58839	3
58840	1
58841	3
58842	4
58843	2
58844	1
58845	3
58846	2
58847	2
58848	2
58849	2
58850	2
58851	4
58852	1
58853	1
58854	2
58855	1
58856	4
58857	2
58858	2
58859	4
58860	1
58861	6
58862	2
58864	3
58865	1
58866	3
58867	3
58868	1
58869	3
58870	1
58871	3
58872	1
58873	3
58874	3
58875	3
58876	2
58877	2
58878	2
58879	3
58880	2
58881	2
58882	1
58883	2
58884	3
58885	3
58886	2
58887	5
58888	1
58889	3
58890	1
58891	2
58892	5
58893	2
58894	2
58895	4
58896	4
58897	3
58899	3
58900	2
58901	2
58902	2
58903	4
58905	1
58907	1
58908	4
58910	7
58911	2
58912	2
58913	2
58914	3
58916	2
58917	4
58918	3
58920	4
58921	2
58922	2
58923	1
58924	2
58926	4
58927	2
58928	3
58929	2
58930	3
58932	1
58933	2
58934	1
58935	1
58936	6
58937	4
58938	1
58940	3
58941	3
58942	1
58943	2
58944	4
58945	2
58946	3
58947	4
58948	2
58949	4
58950	6
58951	3
58952	1
58953	2
58954	1
58955	3
58956	4
58958	2
58959	1
58962	3
58963	3
58964	2
58965	1
58966	3
58967	3
58968	2
58969	2
58970	5
58971	2
58972	3
58973	3
58974	4
58976	2
58977	2
58978	1
58979	1
58980	3
58981	1
58983	1
58984	2
58985	2
58986	3
58987	9
58988	6
58989	3
58991	2
58992	5
58993	2
58994	3
58995	3
58996	4
58997	2
58998	1
58999	1
59000	3
59001	1
59002	2
59003	2
59004	2
59005	2
59006	2
59007	3
59008	2
59009	4
59010	4
59011	4
59012	1
59013	4
59014	5
59015	5
59016	2
59018	2
59019	6
59020	2
59021	2
59022	6
59023	2
59024	4
59026	1
59028	4
59029	2
59030	3
59031	1
59032	3
59033	1
59034	1
59035	1
59037	2
59038	2
59039	2
59040	3
59042	3
59043	1
59044	1
59045	4
59046	2
59047	3
59048	4
59049	1
59050	5
59051	2
59052	1
59053	1
59054	2
59055	3
59056	5
59057	4
59058	2
59059	2
59060	5
59061	1
59063	2
59064	2
59065	2
59068	2
59069	1
59070	2
59071	2
59072	3
59073	5
59074	2
59075	2
59076	1
59077	4
59078	4
59079	4
59080	2
59081	1
59082	4
59084	1
59085	3
59086	3
59087	3
59088	2
59089	1
59090	1
59091	1
59092	2
59094	1
59095	4
59096	1
59097	3
59098	2
59100	4
59101	3
59102	5
59103	1
59104	2
59105	4
59106	3
59107	2
59108	1
59109	2
59110	2
59111	4
59112	2
59113	1
59114	1
59115	3
59116	1
59117	4
59118	3
59119	3
59121	2
59123	3
59124	5
59126	3
59128	3
59129	4
59130	1
59131	4
59132	1
59133	2
59134	4
59136	2
59137	1
59138	2
59139	1
59140	1
59141	3
59143	2
59144	4
59145	2
59146	5
59147	2
59148	2
59149	1
59150	1
59151	1
59152	1
59153	2
59154	2
59155	5
59156	3
59157	2
59158	4
59160	1
59161	2
59164	1
59165	3
59166	1
59167	4
59168	4
59169	2
59170	1
59171	4
59172	3
59173	3
59175	4
59176	2
59178	1
59179	2
59180	3
59182	2
59183	1
59184	1
59185	2
59186	2
59187	4
59188	3
59189	2
59190	2
59191	1
59192	2
59193	4
59194	3
59195	1
59196	3
59197	2
59198	4
59199	6
59200	2
59201	6
59202	2
59203	2
59204	3
59205	2
59206	4
59207	3
59208	6
59209	2
59210	2
59211	6
59212	1
59213	3
59214	4
59215	1
59216	1
59217	2
59219	1
59220	5
59221	2
59222	1
59223	2
59224	2
59225	2
59226	5
59227	2
59228	1
59229	3
59230	2
59231	2
59232	3
59233	4
59234	2
59236	1
59237	1
59238	2
59239	5
59240	1
59241	2
59242	3
59243	3
59244	1
59245	5
59246	1
59247	3
59248	1
59249	3
59250	1
59251	1
59252	1
59253	1
59254	2
59255	3
59256	1
59257	1
59258	1
59259	1
59260	4
59261	3
59262	1
59263	3
59264	2
59265	3
59267	6
59268	2
59269	3
59270	3
59271	3
59272	3
59274	2
59275	3
59276	1
59277	3
59278	2
59279	3
59280	1
59281	2
59282	1
59283	2
59284	1
59285	3
59286	5
59287	5
59288	2
59289	2
59290	5
59291	2
59292	4
59293	2
59294	3
59296	3
59297	6
59298	1
59299	1
59300	2
59301	3
59302	4
59303	1
59304	1
59306	5
59307	3
59309	2
59310	2
59311	5
59312	1
59313	5
59314	3
59315	1
59316	2
59317	1
59318	2
59319	1
59320	2
59321	1
59322	1
59323	1
59324	1
59325	4
59327	2
59328	1
59329	4
59330	2
59333	1
59334	2
59335	2
59336	1
59337	1
59338	1
59339	4
59340	6
59342	2
59343	1
59344	2
59345	2
59346	3
59348	3
59349	3
59350	1
59352	1
59353	1
59354	1
59355	1
59356	2
59357	3
59358	2
59359	1
59360	2
59361	3
59362	2
59364	4
59365	2
59366	3
59367	1
59368	2
59369	3
59371	1
59372	2
59373	3
59374	3
59375	2
59376	2
59377	1
59378	2
59379	2
59380	2
59381	1
59382	1
59383	4
59384	4
59385	6
59386	2
59388	2
59392	1
59393	3
59394	3
59395	4
59396	4
59397	3
59399	2
59400	4
59401	3
59402	1
59403	2
59404	1
59405	3
59406	2
59407	5
59408	3
59409	2
59410	2
59411	1
59412	2
59413	3
59414	1
59415	1
59416	5
59417	1
59418	1
59419	1
59420	4
59421	2
59422	4
59423	1
59424	4
59427	3
59428	1
59429	3
59430	2
59431	2
59432	3
59433	2
59435	2
59436	1
59437	2
59438	3
59439	3
59440	2
59441	2
59443	1
59444	2
59445	5
59446	2
59448	3
59449	1
59450	1
59451	1
59452	3
59453	2
59454	2
59455	2
59456	2
59457	2
59458	2
59459	1
59460	4
59461	2
59462	3
59463	3
59464	2
59465	4
59466	3
59467	2
59468	1
59469	2
59470	2
59471	3
59472	1
59473	1
59474	1
59475	2
59476	5
59477	5
59478	2
59479	1
59480	4
59481	3
59482	2
59484	2
59485	3
59486	1
59487	3
59488	3
59489	3
59490	3
59491	3
59492	2
59493	4
59494	2
59496	1
59498	2
59499	1
59500	4
59502	3
59503	1
59504	2
59505	5
59506	2
59507	3
59508	3
59509	3
59510	3
59511	2
59512	5
59513	1
59514	2
59515	1
59516	4
59517	2
59518	3
59519	6
59520	1
59521	2
59522	1
59523	3
59524	1
59525	2
59526	2
59527	1
59529	4
59530	2
59531	3
59532	1
59534	4
59535	5
59536	4
59538	1
59539	3
59540	2
59541	1
59542	6
59544	1
59545	1
59546	2
59547	1
59548	1
59550	3
59551	1
59552	5
59553	2
59554	4
59555	2
59556	2
59557	3
59558	1
59559	1
59560	3
59561	2
59562	4
59563	1
59564	2
59565	4
59567	1
59568	5
59569	4
59570	2
59571	2
59572	4
59574	2
59576	1
59577	2
59578	1
59579	1
59580	3
59581	2
59582	6
59583	3
59584	2
59585	1
59586	1
59588	2
59589	1
59590	4
59591	1
59592	1
59593	2
59594	4
59595	5
59597	3
59598	2
59599	2
59600	1
59601	1
59602	6
59603	1
59604	3
59605	4
59606	1
59607	3
59608	2
59609	3
59610	2
59611	4
59612	1
59614	3
59615	2
59616	2
59617	1
59618	3
59619	4
59620	1
59621	1
59622	1
59623	2
59624	1
59626	1
59627	2
59628	2
59629	2
59630	1
59631	3
59632	2
59633	2
59634	1
59635	1
59636	4
59637	3
59638	3
59640	2
59641	3
59642	3
59643	3
59645	3
59646	1
59647	1
59649	2
59650	2
59651	4
59652	2
59653	1
59654	4
59655	4
59656	1
59657	1
59658	1
59659	1
59660	4
59661	4
59662	2
59664	3
59665	1
59666	1
59667	3
59668	2
59669	2
59670	5
59671	1
59672	2
59673	1
59674	1
59675	2
59677	1
59678	4
59679	2
59680	2
59681	2
59682	1
59683	4
59684	1
59685	4
59686	1
59687	3
59688	2
59689	2
59690	1
59691	1
59692	4
59693	2
59694	5
59695	2
59696	1
59697	3
59698	5
59699	3
59700	2
59701	1
59702	1
59704	3
59705	3
59706	1
59707	3
59708	4
59709	3
59710	1
59711	4
59713	4
59714	2
59715	3
59716	3
59717	2
59718	3
59720	1
59721	2
59722	3
59723	4
59724	3
59725	1
59726	3
59727	5
59728	2
59729	3
59730	1
59731	4
59732	2
59733	6
59735	2
59736	3
59737	6
59738	2
59739	1
59741	1
59742	2
59743	4
59744	1
59745	1
59746	2
59747	5
59748	2
59749	2
59750	2
59751	4
59752	2
59753	3
59754	1
59755	2
59756	4
59757	1
59760	2
59761	2
59762	1
59763	2
59764	3
59765	1
59766	2
59767	2
59768	3
59769	4
59770	1
59771	3
59772	4
59773	4
59774	1
59775	3
59776	2
59777	2
59778	3
59779	2
59780	1
59781	5
59782	2
59783	1
59787	1
59788	3
59789	1
59790	5
59791	3
59792	1
59793	2
59794	3
59795	2
59796	1
59797	2
59798	3
59799	5
59800	3
59801	3
59802	1
59803	2
59804	5
59805	2
59806	3
59807	2
59808	5
59809	4
59810	4
59811	3
59813	3
59814	4
59815	6
59816	3
59817	1
59818	3
59819	4
59820	1
59822	2
59824	3
59825	1
59826	1
59827	3
59828	5
59829	4
59830	4
59831	1
59832	1
59833	2
59834	2
59835	3
59836	4
59837	1
59838	1
59839	1
59840	7
59841	1
59842	1
59843	4
59844	1
59845	4
59846	3
59847	1
59848	1
59849	1
59850	3
59851	5
59852	1
59853	2
59854	2
59855	2
59856	1
59857	1
59858	2
59859	3
59860	1
59861	1
59862	2
59863	2
59864	1
59866	2
59867	3
59868	3
59869	4
59870	3
59871	3
59872	1
59873	1
59874	2
59875	1
59876	2
59878	2
59879	4
59881	3
59882	2
59883	3
59884	2
59885	2
59886	1
59887	2
59888	1
59889	1
59890	2
59891	2
59892	4
59893	5
59894	3
59895	1
59896	1
59897	1
59898	2
59899	5
59900	2
59901	2
59902	2
59904	3
59905	1
59907	3
59908	3
59910	3
59911	3
59912	2
59913	3
59915	2
59916	3
59917	2
59918	7
59919	3
59920	3
59921	5
59922	1
59923	2
59924	1
59925	1
59926	3
59927	3
59928	3
59929	2
59930	1
59931	3
59933	1
59934	1
59935	2
59936	2
59937	3
59938	3
59939	1
59940	4
59941	1
59942	2
59943	5
59944	2
59945	3
59947	3
59948	2
59949	1
59950	2
59951	1
59952	2
59953	3
59954	2
59955	1
59956	1
59957	4
59959	1
59960	2
59961	2
59962	2
59966	3
59967	4
59968	1
59969	3
59970	2
59971	2
59972	2
59973	5
59974	1
59975	2
59976	2
59977	3
59978	3
59979	2
59980	2
59981	3
59982	2
59983	3
59984	2
59985	2
59986	1
59987	1
59988	2
59989	3
59990	2
59991	3
59992	5
59993	2
59994	2
59995	3
59996	2
59997	2
59998	4
59999	1
60000	1
60001	2
60002	2
60003	4
60004	2
60005	1
60007	1
60008	3
60009	2
60010	3
60011	1
60013	2
60014	2
60015	1
60016	3
60017	1
60018	3
60019	2
60020	1
60021	1
60022	3
60023	2
60024	1
60025	1
60027	1
60028	3
60029	3
60031	2
60032	5
60033	2
60034	3
60035	3
60036	4
60037	2
60038	1
60039	3
60040	3
60041	1
60042	2
60043	4
60044	4
60045	1
60046	1
60048	3
60049	2
60050	2
60052	2
60053	5
60054	1
60055	1
60056	2
60057	4
60058	1
60060	3
60063	2
60064	2
60066	4
60068	2
60070	3
60071	3
60072	1
60075	2
60077	4
60078	3
60079	2
60080	2
60081	2
60082	5
60083	1
60084	3
60085	3
60087	3
60088	4
60089	1
60090	1
60091	1
60092	3
60093	2
60094	1
60095	1
60096	3
60097	2
60098	3
60099	1
60100	2
60101	1
60102	2
60103	2
60104	1
60105	2
60108	2
60109	5
60110	7
60111	1
60112	3
60113	3
60114	4
60115	1
60116	1
60117	2
60118	3
60119	1
60120	3
60121	3
60123	3
60124	1
60125	3
60126	6
60127	1
60128	3
60129	1
60131	2
60132	1
60133	1
60134	2
60135	5
60136	2
60138	3
60139	2
60140	3
60141	2
60142	2
60143	3
60144	2
60145	2
60146	2
60147	2
60148	3
60149	2
60150	4
60151	1
60152	4
60153	1
60155	3
60156	3
60159	3
60160	1
60161	2
60162	3
60163	2
60164	4
60167	3
60168	5
60169	1
60170	3
60172	2
60173	7
60174	1
60175	4
60176	4
60177	2
60178	2
60179	2
60180	1
60181	1
60182	1
60183	4
60184	2
60185	1
60186	1
60187	4
60188	5
60189	2
60191	2
60192	3
60193	2
60194	1
60195	2
60197	7
60198	2
60199	2
60200	2
60201	3
60202	2
60203	4
60204	4
60205	1
60206	3
60207	1
60208	5
60209	3
60210	1
60211	3
60213	3
60214	3
60216	1
60217	1
60218	5
60219	3
60220	3
60221	3
60223	4
60224	2
60226	2
60228	2
60229	2
60230	1
60231	4
60232	3
60233	7
60234	2
60235	1
60236	2
60237	2
60239	2
60240	2
60242	3
60243	4
60244	3
60245	1
60246	3
60247	4
60248	1
60249	1
60250	5
60251	1
60254	3
60255	1
60256	1
60257	4
60258	2
60260	3
60261	2
60262	1
60263	2
60265	3
60266	3
60267	5
60268	1
60269	4
60270	1
60271	2
60272	3
60273	1
60274	2
60276	3
60277	2
60278	4
60279	1
60281	1
60282	4
60284	3
60285	2
60286	2
60288	1
60289	2
60290	4
60291	2
60292	1
60293	1
60294	3
60295	1
60296	2
60297	3
60299	2
60301	3
60302	2
60303	4
60304	2
60305	3
60306	1
60307	1
60308	3
60309	2
60310	3
60312	1
60313	2
60314	4
60315	2
60316	2
60317	2
60318	2
60319	3
60320	2
60321	3
60322	3
60323	3
60324	5
60325	3
60326	2
60327	2
60328	3
60329	3
60330	1
60331	1
60332	6
60333	4
60334	5
60335	2
60336	3
60337	1
60338	3
60339	4
60340	2
60341	2
60342	3
60343	1
60344	3
60345	3
60346	3
60347	1
60348	2
60349	1
60350	3
60351	3
60352	3
60353	1
60354	4
60355	4
60356	1
60357	4
60358	1
60360	3
60361	1
60363	4
60364	2
60365	2
60366	3
60367	1
60368	4
60369	3
60370	1
60371	5
60372	2
60373	2
60374	2
60375	2
60376	1
60378	1
60379	2
60380	2
60381	2
60382	2
60383	1
60384	2
60385	5
60387	2
60388	3
60389	1
60390	1
60391	2
60392	3
60393	3
60394	5
60395	2
60396	4
60397	2
60398	4
60400	3
60401	1
60402	2
60403	4
60404	2
60405	3
60406	2
60407	3
60408	2
60409	3
60410	4
60411	1
60412	1
60413	2
60414	1
60415	1
60416	3
60417	1
60418	1
60419	1
60420	3
60421	1
60422	5
60424	3
60425	1
60426	1
60427	5
60428	1
60429	3
60430	3
60431	2
60432	2
60433	1
60434	3
60435	1
60436	3
60437	2
60438	1
60439	2
60441	6
60442	1
60443	1
60444	4
60445	2
60447	3
60448	2
60449	2
60450	1
60451	3
60452	4
60453	1
60454	2
60455	1
60456	2
60457	2
60458	2
60459	3
60460	6
60462	2
60463	2
60464	3
60465	2
60466	3
60467	4
60468	4
60469	2
60470	1
60471	2
60472	4
60473	2
60474	4
60475	1
60477	2
60478	1
60479	1
60480	4
60481	1
60482	3
60484	1
60485	4
60486	4
60487	2
60488	1
60489	3
60490	4
60491	3
60492	2
60493	1
60494	3
60495	2
60496	3
60497	2
60498	3
60499	1
60500	3
60501	4
60502	3
60503	1
60504	4
60505	2
60506	2
60508	4
60510	4
60511	1
60512	4
60513	1
60514	1
60516	4
60517	4
60518	1
60519	2
60520	2
60521	1
60522	4
60523	4
60524	1
60525	2
60526	3
60527	3
60528	2
60530	5
60531	2
60532	4
60533	2
60534	1
60536	3
60537	2
60538	2
60540	2
60541	3
60542	1
60543	1
60544	1
60545	2
60546	4
60547	4
60548	2
60549	6
60550	3
60551	1
60552	1
60553	2
60554	4
60555	2
60556	3
60557	2
60559	4
60560	1
60561	2
60562	2
60564	2
60565	1
60566	2
60567	5
60568	1
60569	1
60570	2
60571	3
60572	3
60573	5
60575	5
60576	3
60577	5
60578	2
60579	4
60580	2
60582	3
60583	1
60584	2
60585	4
60587	1
60588	2
60589	5
60590	4
60591	1
60592	1
60593	3
60594	2
60595	1
60596	2
60597	2
60598	2
60599	1
60600	2
60601	3
60602	2
60603	2
60604	2
60605	3
60606	5
60607	1
60608	2
60609	4
60610	3
60611	8
60612	3
60614	2
60615	1
60616	1
60617	2
60618	5
60619	4
60620	2
60621	4
60622	4
60623	1
60624	3
60625	3
60626	2
60627	3
60628	1
60629	2
60630	2
60631	3
60633	3
60634	3
60636	4
60637	3
60638	3
60639	2
60641	2
60642	2
60643	2
60644	2
60645	2
60646	1
60647	1
60648	1
60649	4
60650	3
60651	5
60652	3
60653	2
60654	1
60656	3
60657	1
60658	2
60659	2
60660	3
60661	1
60662	2
60663	3
60664	1
60665	2
60666	4
60667	1
60668	1
60669	1
60670	1
60671	2
60673	1
60674	2
60675	2
60676	2
60677	4
60678	1
60679	5
60680	4
60681	1
60682	1
60684	6
60685	3
60686	2
60688	1
60689	2
60690	5
60691	1
60692	3
60693	3
60694	2
60695	3
60696	1
60697	1
60698	3
60699	4
60700	2
60701	4
60702	3
60703	1
60704	1
60705	1
60706	3
60707	3
60709	4
60710	3
60712	1
60714	1
60716	3
60718	2
60719	5
60720	1
60721	4
60722	3
60723	2
60724	2
60725	3
60726	5
60727	1
60729	5
60730	3
60731	3
60732	3
60733	2
60734	2
60735	3
60736	2
60737	3
60739	1
60740	2
60741	2
60742	1
60743	4
60744	1
60745	2
60746	4
60750	4
60751	2
60752	3
60753	2
60754	3
60755	3
60756	5
60757	4
60758	1
60759	4
60760	3
60761	5
60762	1
60763	1
60764	2
60765	1
60766	3
60767	3
60768	1
60769	5
60770	2
60771	1
60772	1
60773	2
60774	3
60775	2
60776	1
60777	2
60778	2
60779	3
60780	3
60781	3
60782	1
60784	5
60785	1
60786	2
60787	3
60788	2
60789	5
60790	1
60791	2
60792	1
60794	5
60795	2
60796	3
60797	4
60798	2
60799	3
60800	4
60801	6
60803	2
60804	1
60805	2
60806	3
60808	4
60810	1
60811	1
60812	2
60814	4
60815	3
60816	6
60817	2
60818	1
60819	4
60820	5
60821	2
60822	4
60823	1
60824	2
60825	5
60826	1
60827	2
60828	2
60829	3
60831	5
60833	1
60834	3
60835	2
60836	2
60837	1
60838	3
60840	1
60841	2
60843	2
60844	1
60845	6
60846	4
60847	1
60849	5
60850	3
60851	1
60852	1
60854	4
60855	2
60856	6
60857	2
60858	5
60859	3
60860	1
60861	1
60862	2
60863	1
60864	4
60865	1
60866	2
60867	1
60868	2
60870	4
60871	1
60872	3
60873	1
60874	1
60875	4
60876	1
60877	3
60878	1
60879	1
60880	1
60881	2
60882	1
60883	1
60885	3
60886	2
60887	2
60888	3
60889	1
60890	1
60891	4
60892	3
60893	3
60894	3
60895	1
60896	2
60897	2
60898	4
60899	3
60901	4
60902	2
60903	3
60904	2
60905	4
60906	1
60907	1
60909	2
60910	3
60911	1
60912	2
60913	2
60914	3
60915	3
60916	4
60917	1
60918	5
60919	3
60920	1
60921	2
60922	2
60923	4
60924	3
60925	2
60926	1
60927	4
60928	6
60929	3
60930	1
60931	2
60932	3
60933	5
60934	1
60935	2
60936	1
60937	2
60938	1
60939	1
60940	6
60941	1
60942	5
60943	4
60944	1
60945	4
60946	3
60947	2
60950	2
60952	3
60953	3
60954	2
60955	2
60957	1
60959	3
60960	3
60961	3
60962	2
60963	3
60964	1
60966	2
60967	1
60968	2
60969	3
60970	2
60971	1
60973	2
60974	2
60976	2
60977	2
60980	3
60981	2
60982	2
60983	1
60984	1
60985	3
60986	1
60987	3
60988	1
60989	4
60990	2
60991	4
60992	2
60993	5
60994	2
60995	2
60996	3
60997	4
60999	1
61000	3
61001	2
61002	1
61003	2
61004	1
61005	3
61006	3
61008	1
61009	3
61011	3
61012	2
61013	1
61014	1
61016	5
61017	4
61018	3
61019	5
61020	3
61021	2
61022	4
61023	2
61024	2
61025	1
61026	2
61027	3
61028	1
61029	2
61030	2
61031	1
61032	3
61033	4
61034	8
61035	1
61036	3
61037	3
61038	3
61039	2
61040	1
61041	2
61042	4
61043	2
61045	1
61046	2
61047	1
61048	1
61049	2
61050	2
61051	4
61052	1
61054	3
61056	2
61057	3
61058	1
61059	1
61060	3
61062	2
61063	5
61064	1
61066	2
61067	4
61070	2
61071	3
61073	2
61074	1
61075	2
61076	2
61077	2
61078	1
61079	1
61080	3
61081	4
61082	5
61083	2
61084	4
61085	2
61086	1
61087	1
61088	2
61089	2
61090	2
61091	5
61092	1
61093	3
61094	2
61095	4
61096	1
61097	6
61098	1
61099	2
61100	5
61101	3
61102	3
61103	1
61104	5
61105	1
61106	5
61107	5
61108	2
61109	1
61110	1
61111	2
61112	3
61114	2
61115	2
61116	5
61117	1
61118	3
61119	3
61120	1
61121	2
61122	3
61123	3
61124	2
61125	2
61126	3
61128	5
61129	4
61130	3
61132	2
61133	4
61135	1
61136	1
61137	3
61138	1
61139	3
61140	2
61141	3
61143	2
61144	2
61145	4
61146	3
61147	3
61148	1
61149	2
61150	3
61152	6
61153	1
61154	2
61155	3
61156	5
61157	3
61158	2
61159	4
61160	2
61161	2
61162	6
61163	5
61164	2
61165	2
61167	4
61168	2
61169	2
61170	4
61171	4
61172	2
61173	2
61175	1
61176	1
61177	1
61178	6
61179	2
61180	2
61181	5
61182	1
61183	3
61184	5
61185	1
61186	1
61187	1
61188	5
61189	2
61191	1
61192	2
61193	1
61194	3
61196	2
61197	3
61198	4
61199	3
61201	4
61202	2
61204	4
61205	3
61206	1
61207	2
61208	3
61209	3
61210	4
61211	2
61212	1
61213	1
61214	1
61215	3
61216	1
61217	2
61218	2
61219	1
61220	2
61221	2
61222	2
61223	2
61224	3
61225	1
61226	2
61227	3
61228	2
61229	3
61230	3
61231	1
61232	4
61233	3
61234	3
61235	3
61236	1
61238	5
61239	5
61240	3
61241	1
61242	1
61243	2
61244	1
61245	3
61246	1
61247	3
61248	6
61249	1
61250	3
61251	2
61252	4
61253	1
61254	1
61255	2
61256	2
61257	1
61258	3
61259	1
61260	5
61261	1
61262	5
61263	2
61264	5
61265	2
61266	2
61267	1
61268	2
61270	3
61271	2
61272	1
61273	2
61274	2
61275	2
61276	2
61277	3
61278	1
61282	2
61283	6
61284	4
61285	3
61286	1
61287	3
61289	2
61290	4
61291	1
61292	5
61293	6
61294	1
61295	1
61297	8
61298	2
61299	2
61300	3
61301	2
61302	2
61303	5
61304	3
61306	2
61308	1
61309	2
61310	3
61311	1
61312	5
61313	2
61315	4
61316	2
61317	2
61320	1
61321	4
61322	1
61324	1
61325	3
61326	1
61327	2
61328	1
61329	1
61330	1
61331	3
61332	4
61334	1
61335	3
61336	4
61337	3
61338	4
61339	4
61340	3
61341	1
61342	4
61343	2
61344	4
61345	4
61346	1
61347	1
61348	2
61349	4
61350	3
61353	2
61354	2
61355	2
61356	2
61357	6
61358	2
61359	3
61360	1
61361	1
61362	3
61363	2
61365	2
61366	1
61367	2
61368	1
61369	1
61370	3
61371	1
61372	6
61373	1
61375	4
61376	2
61377	3
61378	2
61380	1
61381	2
61382	4
61383	1
61384	3
61385	8
61386	3
61387	1
61388	2
61389	2
61390	2
61393	2
61394	2
61395	2
61396	1
61397	2
61398	5
61399	1
61400	1
61401	1
61402	1
61403	3
61404	9
61406	1
61407	5
61408	2
61409	3
61410	2
61412	4
61413	3
61414	1
61415	2
61416	1
61417	5
61418	1
61421	3
61422	4
61423	5
61424	1
61425	5
61426	1
61427	1
61429	3
61430	4
61431	1
61432	1
61433	2
61434	2
61435	3
61436	3
61437	3
61438	1
61439	4
61440	3
61441	2
61442	1
61443	1
61444	1
61445	2
61446	3
61447	2
61448	6
61450	3
61451	4
61452	1
61453	2
61454	3
61456	2
61457	3
61459	2
61460	4
61461	2
61462	3
61463	2
61464	1
61465	2
61466	1
61467	1
61468	1
61469	2
61470	2
61471	1
61472	2
61473	2
61474	2
61475	4
61476	1
61477	1
61478	1
61479	2
61480	6
61482	2
61483	3
61484	4
61485	2
61486	3
61488	3
61491	2
61492	5
61493	2
61494	2
61496	4
61497	1
61498	1
61499	1
61500	2
61501	1
61502	3
61503	1
61505	2
61506	3
61507	4
61508	2
61509	1
61510	2
61511	1
61512	3
61514	2
61515	2
61516	1
61518	1
61519	3
61520	4
61521	2
61522	1
61523	2
61524	2
61525	6
61526	3
61528	2
61529	1
61530	4
61532	2
61534	4
61535	4
61536	4
61537	2
61538	4
61539	2
61540	4
61541	1
61542	2
61543	4
61544	2
61545	3
61547	1
61548	2
61549	4
61550	3
61551	1
61552	3
61553	4
61554	1
61555	3
61556	2
61557	1
61559	1
61561	4
61562	3
61563	2
61564	1
61565	3
61567	4
61568	3
61570	2
61571	4
61572	2
61573	4
61574	3
61575	3
61576	4
61577	5
61578	2
61579	5
61580	4
61581	4
61582	1
61583	1
61584	2
61585	3
61586	1
61587	3
61589	4
61590	3
61591	2
61592	5
61593	1
61596	3
61597	3
61598	2
61599	3
61601	4
61602	3
61604	1
61605	2
61606	2
61607	3
61609	3
61610	6
61611	3
61612	2
61613	5
61614	2
61615	2
61616	1
61617	1
61618	1
61619	1
61620	1
61621	1
61625	4
61626	4
61627	7
61628	2
61629	4
61630	2
61631	2
61634	3
61635	1
61636	1
61637	3
61638	2
61639	1
61640	2
61643	2
61644	4
61646	2
61647	3
61648	4
61649	5
61650	2
61651	1
61652	4
61653	3
61654	2
61655	1
61656	2
61657	2
61658	5
61659	3
61660	3
61663	2
61664	4
61665	5
61666	3
61667	2
61669	2
61670	1
61671	4
61672	3
61673	2
61674	2
61675	2
61676	1
61677	1
61678	3
61679	2
61680	2
61681	3
61682	1
61683	1
61684	3
61685	2
61686	5
61687	3
61688	2
61689	3
61690	4
61691	2
61692	1
61693	2
61694	3
61695	3
61696	2
61698	1
61699	4
61700	1
61701	2
61702	1
61703	2
61704	3
61705	1
61706	2
61707	3
61708	2
61709	4
61710	2
61711	2
61712	1
61713	1
61714	2
61716	2
61717	2
61718	3
61719	3
61720	4
61721	3
61722	4
61723	1
61724	2
61725	1
61726	3
61727	3
61728	1
61729	4
61730	1
61731	3
61732	2
61733	2
61734	3
61735	3
61736	2
61738	3
61739	1
61740	3
61741	2
61742	4
61743	4
61744	1
61746	1
61747	3
61748	2
61749	3
61750	3
61752	2
61753	1
61754	1
61755	2
61756	3
61757	3
61758	1
61759	2
61760	2
61761	2
61762	5
61763	1
61764	3
61765	1
61766	5
61767	4
61768	2
61771	3
61772	2
61773	1
61774	2
61775	3
61776	4
61777	4
61778	2
61781	3
61782	1
61783	2
61784	2
61786	3
61787	4
61788	3
61789	3
61790	2
61791	3
61793	1
61794	2
61795	1
61796	1
61797	3
61798	1
61799	2
61800	4
61801	1
61802	4
61803	3
61804	5
61805	2
61806	1
61807	2
61808	4
61809	2
61810	5
61811	3
61812	2
61813	2
61814	7
61815	1
61816	2
61817	3
61818	2
61819	1
61820	5
61821	1
61822	1
61824	5
61825	1
61826	1
61827	5
61828	2
61829	4
61830	1
61831	2
61832	3
61833	2
61834	1
61835	3
61836	7
61837	5
61838	3
61839	1
61840	5
61841	4
61842	2
61843	2
61844	2
61845	5
61846	1
61847	3
61848	2
61849	1
61850	2
61851	3
61852	1
61853	8
61854	3
61855	5
61856	2
61858	2
61859	2
61860	4
61861	2
61862	1
61863	2
61864	3
61865	5
61867	2
61868	4
61869	3
61870	2
61871	4
61872	1
61875	2
61876	3
61877	1
61878	1
61879	1
61880	2
61881	2
61882	3
61883	1
61884	1
61885	4
61886	2
61887	2
61888	2
61889	2
61890	2
61891	2
61892	4
61893	3
61894	3
61895	3
61896	4
61897	2
61898	3
61899	4
61900	3
61901	2
61902	1
61903	2
61906	4
61908	1
61909	2
61910	2
61911	1
61912	4
61913	1
61914	3
61915	1
61916	2
61917	1
61918	3
61919	3
61920	9
61922	3
61923	5
61925	1
61926	1
61927	2
61928	1
61929	1
61930	2
61932	1
61933	2
61934	2
61935	2
61936	4
61937	2
61938	2
61939	3
61940	2
61941	4
61942	3
61943	2
61944	1
61945	5
61946	3
61947	1
61948	1
61949	3
61950	3
61951	2
61952	3
61953	1
61954	3
61955	2
61956	3
61957	1
61959	4
61960	1
61961	2
61962	1
61963	2
61964	3
61965	2
61966	5
61967	1
61968	1
61969	3
61970	1
61971	3
61972	3
61973	2
61974	2
61975	4
61976	2
61977	4
61978	4
61979	2
61980	1
61981	1
61982	2
61983	2
61984	2
61985	3
61986	4
61987	2
61989	3
61990	3
61991	1
61992	2
61993	1
61994	3
61995	3
61996	2
61997	3
61998	2
61999	2
62000	3
62001	2
62003	3
62004	1
62005	3
62007	2
62008	1
62009	3
62010	3
62012	5
62013	1
62014	3
62015	4
62016	2
62017	2
62018	2
62019	1
62021	3
62022	3
62024	2
62025	4
62026	2
62027	4
62029	1
62030	2
62031	2
62033	1
62034	2
62035	1
62036	3
62037	4
62038	5
62039	4
62040	1
62041	2
62044	5
62045	1
62046	2
62047	1
62049	5
62050	2
62051	1
62052	1
62053	4
62054	3
62055	2
62057	1
62058	3
62059	5
62061	2
62062	3
62063	2
62064	3
62065	1
62066	5
62067	3
62068	2
62069	2
62070	1
62072	1
62073	3
62074	3
62075	3
62076	4
62077	2
62078	2
62079	3
62080	2
62081	4
62082	3
62083	1
62084	2
62085	4
62086	4
62087	3
62088	2
62089	3
62091	1
62092	1
62093	2
62094	1
62095	2
62096	1
62098	3
62099	1
62101	1
62102	1
62103	2
62104	3
62107	1
62108	4
62109	2
62110	1
62111	2
62112	1
62114	4
62115	2
62116	3
62118	4
62119	1
62120	1
62121	3
62122	2
62123	4
62124	4
62125	1
62126	1
62127	3
62129	2
62130	1
62131	3
62132	1
62133	3
62134	2
62136	2
62137	4
62138	1
62139	3
62140	3
62141	2
62142	1
62144	1
62145	6
62146	2
62147	1
62148	3
62149	4
62150	4
62151	2
62152	1
62153	2
62154	3
62155	4
62157	1
62158	1
62159	1
62160	1
62161	3
62162	3
62163	3
62164	2
62165	2
62166	1
62167	4
62168	2
62169	5
62170	2
62171	1
62172	1
62173	2
62174	3
62175	5
62177	4
62178	1
62180	2
62181	2
62182	1
62183	3
62184	4
62185	1
62186	1
62187	6
62188	3
62189	1
62190	4
62191	2
62192	2
62194	1
62195	5
62196	1
62197	1
62198	1
62200	2
62201	5
62202	2
62203	2
62204	1
62205	3
62206	3
62207	2
62208	4
62209	2
62210	4
62211	2
62212	1
62213	4
62214	5
62215	1
62216	1
62217	2
62218	2
62219	1
62220	1
62221	3
62222	4
62223	4
62224	1
62225	3
62226	1
62227	2
62228	1
62229	5
62230	3
62231	3
62232	4
62233	3
62235	4
62237	4
62238	3
62239	6
62240	2
62242	4
62243	3
62244	2
62245	2
62246	1
62247	3
62248	3
62249	5
62250	4
62251	3
62252	1
62253	2
62254	4
62255	6
62256	1
62257	2
62258	3
62259	1
62260	2
62262	4
62263	3
62264	1
62265	2
62266	3
62267	3
62269	5
62270	4
62271	1
62272	1
62273	3
62274	2
62275	2
62276	3
62277	1
62278	4
62279	3
62280	3
62281	2
62282	2
62283	2
62284	4
62285	2
62286	3
62288	1
62290	2
62291	2
62292	2
62293	1
62294	5
62295	1
62296	2
62297	1
62298	2
62299	2
62300	3
62301	3
62302	3
62304	3
62306	4
62307	5
62308	4
62309	2
62310	3
62311	1
62312	3
62314	3
62316	2
62317	2
62318	2
62319	3
62320	3
62321	1
62322	2
62323	3
62324	2
62325	4
62326	5
62327	2
62328	1
62329	2
62330	3
62332	1
62333	4
62334	3
62336	2
62337	3
62338	2
62339	4
62340	4
62341	1
62342	3
62343	2
62344	4
62345	3
62346	1
62347	2
62348	3
62349	1
62350	2
62351	4
62352	1
62353	2
62354	2
62355	3
62356	2
62357	2
62359	4
62360	3
62361	4
62362	2
62363	3
62364	5
62365	2
62366	1
62367	3
62368	4
62369	1
62370	4
62372	3
62373	4
62374	1
62375	3
62377	2
62378	1
62379	2
62380	7
62381	1
62382	3
62383	1
62384	2
62385	2
62386	2
62388	3
62389	1
62390	1
62391	2
62392	3
62393	4
62394	1
62395	1
62396	1
62397	2
62398	1
62399	4
62400	2
62401	2
62402	2
62403	3
62405	1
62406	2
62407	3
62408	2
62411	2
62412	4
62413	1
62414	1
62415	4
62417	2
62418	5
62419	1
62420	4
62421	1
62422	1
62424	4
62426	2
62427	2
62428	3
62429	3
62430	4
62431	1
62432	3
62433	3
62434	2
62435	1
62436	3
62439	2
62440	1
62441	3
62442	1
62443	4
62444	3
62445	3
62446	1
62447	4
62448	4
62449	3
62450	2
62451	2
62452	2
62453	6
62454	1
62455	2
62456	1
62457	2
62458	5
62459	1
62460	1
62461	4
62462	3
62463	3
62464	1
62466	3
62467	4
62469	3
62472	1
62473	2
62474	1
62475	2
62476	3
62477	3
62478	2
62479	2
62480	2
62481	2
62482	3
62483	1
62484	1
62485	8
62486	3
62487	1
62488	6
62489	1
62491	4
62492	3
62493	4
62495	2
62496	3
62497	2
62498	1
62500	3
62501	4
62503	5
62504	4
62505	2
62506	2
62507	2
62508	2
62509	4
62510	3
62513	2
62514	3
62516	2
62517	1
62518	6
62519	3
62520	2
62521	3
62522	3
62523	3
62524	3
62525	5
62526	4
62527	3
62528	2
62530	4
62531	3
62532	2
62533	3
62534	3
62535	3
62536	1
62537	2
62538	5
62539	5
62540	2
62541	3
62544	2
62546	1
62547	1
62548	2
62549	4
62550	2
62551	2
62553	2
62554	2
62555	1
62556	2
62558	3
62559	1
62561	1
62562	1
62563	2
62565	5
62566	3
62567	3
62568	3
62569	1
62570	1
62571	4
62572	3
62574	3
62575	1
62576	3
62577	1
62578	2
62579	1
62580	1
62582	4
62583	3
62584	4
62585	3
62586	2
62587	6
62589	3
62590	3
62591	2
62592	2
62594	4
62595	1
62596	2
62598	2
62599	2
62600	1
62601	3
62602	3
62603	1
62604	1
62605	4
62606	1
62607	2
62608	3
62609	1
62610	3
62611	4
62612	3
62613	2
62614	2
62616	1
62617	2
62618	3
62619	2
62620	1
62621	1
62622	3
62623	4
62624	2
62625	3
62626	6
62627	4
62628	3
62629	4
62630	1
62632	2
62633	4
62634	3
62635	1
62636	1
62637	3
62639	2
62640	5
62641	3
62642	2
62643	1
62644	4
62645	1
62646	1
62647	1
62648	2
62650	2
62651	2
62653	1
62654	2
62655	2
62656	2
62657	3
62658	4
62659	4
62660	3
62661	3
62662	5
62663	2
62664	1
62665	1
62666	1
62667	2
62668	1
62669	2
62670	3
62671	2
62672	2
62673	1
62674	2
62675	3
62676	1
62677	6
62678	5
62679	5
62680	3
62681	1
62682	1
62683	5
62685	2
62686	1
62688	1
62689	2
62690	3
62691	1
62692	1
62693	1
62694	2
62695	3
62696	1
62697	3
62698	6
62699	2
62700	2
62701	1
62702	5
62703	2
62704	2
62705	3
62706	1
62707	4
62708	2
62709	2
62711	2
62712	4
62713	1
62714	3
62715	1
62716	3
62717	2
62718	3
62720	3
62721	2
62722	2
62723	2
62724	4
62725	1
62726	3
62727	4
62728	3
62729	1
62730	3
62731	3
62732	4
62733	2
62734	3
62735	3
62736	1
62737	2
62738	2
62739	2
62740	2
62741	6
62742	1
62743	2
62744	1
62745	2
62746	1
62747	4
62749	2
62751	2
62752	2
62755	1
62756	1
62757	2
62759	3
62760	3
62762	2
62763	1
62764	3
62765	1
62766	2
62767	2
62768	2
62769	2
62770	3
62771	3
62772	2
62773	3
62774	1
62775	5
62776	7
62777	1
62778	4
62779	2
62780	2
62781	4
62782	1
62783	2
62784	4
62785	3
62786	1
62787	1
62788	5
62789	1
62790	5
62791	1
62794	1
62795	4
62797	4
62798	3
62799	2
62801	3
62802	3
62804	2
62805	5
62806	4
62807	2
62808	1
62810	2
62811	2
62812	2
62814	2
62815	4
62816	2
62817	2
62818	3
62819	2
62820	3
62823	3
62824	3
62825	3
62826	2
62827	3
62828	3
62829	3
62830	4
62831	1
62832	4
62834	2
62835	1
62837	1
62838	1
62839	3
62840	2
62841	2
62842	3
62844	3
62845	2
62846	1
62847	2
62848	3
62849	5
62850	2
62851	2
62852	2
62853	2
62855	1
62856	2
62857	1
62858	3
62859	7
62860	1
62861	1
62862	2
62863	2
62865	2
62866	2
62868	3
62869	2
62870	2
62872	2
62873	4
62874	1
62875	1
62877	2
62878	2
62880	2
62882	2
62883	3
62884	5
62885	3
62886	1
62887	2
62888	2
62889	1
62890	5
62891	3
62892	3
62893	4
62894	3
62895	1
62896	2
62897	2
62898	3
62899	3
62900	2
62901	5
62902	3
62904	1
62905	1
62906	5
62908	3
62909	1
62910	1
62911	2
62914	3
62915	2
62916	5
62917	1
62918	1
62920	1
62921	4
62922	1
62923	1
62924	5
62925	1
62926	2
62927	3
62928	3
62929	1
62930	3
62931	1
62932	1
62933	5
62935	1
62936	2
62937	5
62938	1
62939	4
62940	2
62941	3
62943	1
62944	2
62946	1
62948	1
62949	1
62950	2
62951	2
62952	2
62953	2
62954	1
62957	1
62958	2
62959	5
62960	1
62961	1
62962	3
62963	1
62964	1
62965	2
62966	3
62967	1
62968	1
62969	1
62970	1
62972	2
62974	2
62975	2
62976	2
62977	3
62978	1
62979	1
62980	1
62981	2
62982	3
62983	2
62984	2
62985	1
62986	1
62987	1
62988	2
62989	4
62990	1
62991	5
62992	1
62993	3
62994	2
62995	5
62996	6
62998	2
62999	1
63000	3
63001	1
63002	2
63003	2
63004	2
63005	2
63006	6
63008	2
63009	3
63010	5
63011	1
63012	3
63013	1
63014	1
63015	5
63016	6
63017	2
63018	3
63019	5
63020	2
63021	2
63022	1
63023	3
63024	3
63025	1
63026	3
63027	2
63028	3
63029	2
63030	4
63031	2
63032	2
63033	4
63034	1
63035	2
63036	2
63037	2
63038	4
63039	1
63040	2
63041	2
63042	4
63043	1
63044	1
63045	2
63046	1
63048	1
63050	2
63051	2
63052	4
63053	4
63054	1
63055	2
63056	3
63058	3
63060	1
63061	1
63062	2
63063	3
63064	1
63065	2
63066	1
63068	2
63069	1
63070	3
63071	1
63072	2
63073	4
63074	1
63075	2
63076	2
63078	4
63079	2
63080	1
63082	1
63083	2
63084	3
63085	2
63086	3
63087	2
63088	1
63089	1
63090	1
63092	2
63093	7
63094	4
63095	3
63096	5
63097	4
63098	1
63099	3
63101	2
63102	1
63103	1
63104	4
63105	1
63106	3
63107	6
63109	2
63110	1
63111	3
63112	1
63113	5
63114	4
63115	4
63116	2
63117	4
63118	3
63119	3
63121	1
63122	2
63125	1
63126	1
63127	3
63128	2
63129	4
63130	6
63131	2
63132	1
63133	2
63134	3
63135	4
63136	3
63137	4
63138	4
63139	4
63140	2
63142	1
63143	2
63144	2
63145	2
63146	2
63147	4
63148	4
63149	2
63150	2
63151	3
63152	2
63153	2
63154	2
63155	2
63156	4
63157	1
63158	3
63159	4
63160	4
63161	4
63162	3
63163	4
63164	1
63166	1
63168	3
63169	4
63170	1
63171	2
63172	5
63173	2
63174	2
63175	5
63176	4
63177	3
63178	3
63179	2
63180	3
63181	1
63182	3
63183	1
63184	1
63185	2
63186	3
63187	2
63188	2
63189	3
63190	5
63191	5
63192	2
63193	3
63194	3
63195	4
63196	2
63197	2
63198	2
63199	3
63200	1
63201	2
63202	3
63203	3
63204	4
63205	3
63206	2
63207	1
63208	1
63209	5
63210	4
63211	3
63212	2
63213	2
63214	2
63215	3
63216	1
63218	1
63219	1
63220	3
63222	1
63223	1
63224	2
63225	4
63226	1
63227	5
63228	2
63229	2
63230	1
63231	1
63232	2
63233	3
63234	3
63236	2
63237	2
63238	1
63239	3
63240	3
63241	1
63242	3
63243	1
63245	4
63246	4
63247	3
63249	4
63251	6
63252	5
63253	1
63254	3
63255	3
63256	3
63257	3
63259	2
63260	5
63261	3
63262	2
63263	2
63264	4
63265	2
63266	2
63267	2
63268	2
63270	6
63271	1
63273	2
63274	3
63275	4
63276	1
63277	1
63278	3
63279	1
63280	2
63281	2
63282	3
63283	2
63284	4
63285	2
63286	1
63287	2
63288	2
63289	1
63290	1
63291	1
63292	3
63293	4
63294	3
63295	1
63296	1
63297	1
63298	2
63299	7
63300	2
63301	2
63302	2
63303	3
63304	1
63305	2
63306	2
63307	4
63308	2
63309	2
63310	2
63311	2
63313	2
63314	1
63315	1
63316	5
63317	4
63318	2
63319	3
63320	5
63321	2
63323	4
63325	4
63326	4
63327	2
63328	1
63329	4
63330	3
63331	2
63332	6
63333	1
63334	1
63335	2
63336	1
63337	3
63339	4
63340	1
63341	2
63342	2
63343	3
63344	2
63345	4
63346	3
63347	4
63348	5
63349	2
63350	3
63351	2
63352	2
63353	5
63354	2
63355	1
63356	3
63357	2
63358	3
63359	5
63360	5
63361	3
63362	2
63363	1
63364	1
63365	3
63366	2
63367	5
63368	3
63369	2
63370	2
63372	2
63373	2
63374	2
63375	2
63376	2
63378	3
63380	3
63382	2
63383	2
63384	3
63385	2
63387	2
63388	1
63389	1
63390	3
63392	1
63393	3
63394	1
63395	2
63396	1
63397	1
63398	1
63399	1
63402	1
63403	1
63404	4
63405	1
63406	1
63407	1
63409	3
63410	4
63411	4
63412	1
63413	1
63414	4
63415	2
63418	2
63419	6
63420	3
63422	2
63425	2
63426	1
63427	2
63429	3
63430	3
63431	1
63434	2
63435	6
63436	4
63437	2
63438	1
63439	3
63440	2
63441	3
63442	2
63443	1
63444	3
63445	1
63447	2
63448	3
63449	1
63450	1
63451	2
63452	2
63453	1
63454	1
63455	1
63456	2
63457	1
63458	1
63459	1
63460	2
63461	1
63462	6
63463	2
63464	2
63465	4
63466	1
63467	2
63468	1
63469	3
63470	1
63471	1
63472	3
63473	2
63474	3
63475	3
63476	3
63477	1
63478	1
63479	2
63480	1
63481	2
63482	4
63483	1
63484	2
63485	4
63486	1
63487	2
63488	2
63489	2
63490	2
63491	1
63492	3
63493	3
63494	2
63495	3
63496	5
63497	3
63498	2
63499	4
63500	1
63501	3
63502	2
63503	1
63504	2
63505	2
63506	2
63507	2
63508	5
63509	3
63510	3
63511	1
63512	1
63513	2
63514	4
63515	1
63517	1
63518	3
63519	2
63520	1
63521	2
63523	3
63524	2
63525	1
63526	2
63527	2
63528	1
63529	2
63530	5
63533	4
63534	2
63535	3
63536	4
63538	3
63539	1
63540	2
63541	4
63542	2
63543	2
63544	1
63545	2
63546	3
63547	3
63548	2
63549	2
63550	3
63552	2
63554	2
63555	2
63557	4
63558	1
63559	2
63560	3
63561	1
63562	2
63563	4
63566	1
63567	1
63568	2
63569	2
63570	3
63571	1
63572	2
63573	3
63575	3
63576	1
63577	2
63578	3
63579	1
63580	1
63581	3
63582	1
63583	2
63584	2
63585	4
63586	4
63587	4
63588	2
63589	2
63590	3
63591	1
63592	1
63593	4
63594	2
63595	2
63596	3
63597	4
63598	2
63599	1
63600	2
63601	1
63602	2
63603	1
63605	1
63606	4
63607	2
63609	2
63610	2
63611	3
63612	5
63613	2
63614	1
63615	2
63616	5
63617	4
63619	1
63620	2
63621	1
63622	4
63623	1
63624	2
63625	2
63626	2
63627	5
63628	2
63629	1
63630	1
63631	4
63633	1
63635	4
63636	1
63637	3
63639	1
63640	1
63641	4
63642	2
63644	4
63645	2
63646	1
63647	1
63648	1
63649	1
63650	1
63651	3
63652	1
63653	3
63654	3
63655	3
63656	4
63658	1
63660	4
63662	1
63665	1
63666	4
63667	2
63669	2
63670	4
63671	1
63672	4
63673	2
63674	4
63676	5
63678	2
63679	3
63680	1
63681	2
63682	3
63683	3
63684	3
63685	3
63686	3
63687	2
63688	1
63689	1
63690	1
63691	1
63692	1
63693	1
63694	1
63695	2
63696	2
63698	4
63699	2
63700	2
63701	3
63703	1
63704	1
63705	2
63706	5
63707	3
63708	5
63709	4
63710	2
63711	3
63713	3
63714	2
63715	4
63716	1
63717	1
63718	1
63719	2
63720	1
63721	1
63722	1
63723	3
63724	3
63725	1
63726	3
63727	3
63728	2
63729	2
63730	1
63731	4
63732	1
63733	6
63734	2
63735	1
63737	3
63738	4
63739	2
63740	3
63742	3
63743	3
63744	4
63745	5
63746	3
63747	1
63748	2
63749	1
63750	5
63751	3
63752	3
63753	3
63754	4
63755	2
63756	3
63757	1
63759	3
63761	2
63762	1
63763	1
63764	2
63765	2
63766	2
63767	2
63769	4
63770	2
63771	1
63772	2
63773	3
63774	2
63775	4
63776	2
63777	3
63778	2
63780	2
63782	7
63784	2
63785	6
63786	2
63787	3
63788	2
63789	6
63790	2
63791	1
63792	1
63793	2
63794	2
63795	1
63796	2
63797	1
63798	1
63799	4
63800	3
63801	4
63802	2
63803	1
63804	3
63805	4
63806	2
63807	2
63808	2
63809	2
63810	3
63811	3
63812	1
63813	4
63814	2
63815	2
63816	1
63817	3
63818	4
63820	1
63821	3
63822	5
63823	2
63824	1
63825	2
63826	2
63827	2
63828	3
63829	3
63830	1
63832	3
63833	1
63834	5
63835	7
63836	3
63838	4
63839	4
63840	2
63841	4
63842	1
63843	2
63844	1
63845	3
63846	3
63847	1
63848	1
63849	2
63850	1
63851	2
63852	2
63853	3
63857	3
63858	1
63859	3
63860	3
63861	3
63862	1
63863	3
63864	1
63865	3
63866	6
63867	3
63868	2
63869	1
63870	4
63871	5
63872	2
63873	2
63874	1
63875	3
63876	4
63877	1
63879	2
63880	1
63881	2
63882	1
63884	2
63886	5
63887	1
63888	3
63889	5
63890	2
63891	1
63893	3
63894	3
63895	3
63896	2
63897	2
63898	5
63899	3
63900	2
63901	5
63902	4
63903	3
63904	3
63905	8
63906	3
63907	4
63908	1
63909	3
63910	2
63912	2
63913	1
63915	3
63916	2
63917	1
63918	2
63920	8
63921	5
63922	1
63923	2
63925	1
63926	1
63927	3
63928	2
63929	1
63930	3
63931	4
63932	2
63933	2
63934	3
63935	2
63936	2
63937	1
63938	5
63939	2
63940	1
63941	3
63943	3
63944	3
63945	1
63948	2
63949	3
63950	3
63951	2
63952	2
63953	3
63954	5
63955	3
63956	2
63957	3
63958	2
63959	2
63960	1
63961	1
63962	3
63964	1
63965	2
63966	1
63967	2
63968	4
63971	4
63972	1
63973	3
63974	2
63975	1
63976	4
63977	1
63978	4
63979	2
63980	2
63983	2
63984	3
63986	1
63987	1
63988	3
63989	3
63991	3
63994	1
63995	3
63996	3
63997	2
63998	3
63999	1
64000	4
64001	2
64002	2
64003	3
64004	1
64005	3
64006	3
64007	6
64008	4
64009	3
64010	1
64011	4
64012	1
64013	2
64015	1
64016	3
64017	3
64018	3
64020	3
64021	5
64022	1
64023	1
64024	3
64025	2
64026	2
64027	3
64028	3
64029	4
64030	2
64031	4
64032	2
64033	2
64034	3
64035	2
64036	1
64037	3
64038	1
64040	4
64041	3
64042	2
64043	1
64044	5
64045	1
64047	1
64048	2
64049	5
64050	4
64051	3
64052	2
64053	2
64054	2
64055	2
64056	2
64058	1
64059	2
64060	4
64061	3
64062	3
64063	2
64064	3
64065	2
64067	2
64068	2
64069	1
64070	2
64071	1
64072	5
64073	1
64074	2
64075	7
64076	4
64077	1
64078	3
64079	3
64080	2
64081	4
64082	3
64083	5
64084	2
64085	1
64086	2
64087	1
64088	4
64089	5
64090	3
64091	2
64092	3
64093	5
64094	3
64095	3
64096	4
64097	2
64099	3
64100	4
64101	1
64102	2
64103	4
64104	4
64105	2
64106	4
64107	2
64108	2
64109	5
64110	3
64111	2
64112	2
64114	3
64115	2
64116	3
64117	1
64118	2
64119	2
64120	1
64121	3
64122	1
64123	1
64124	1
64125	2
64126	3
64128	2
64129	2
64130	2
64131	5
64132	5
64133	1
64134	3
64136	2
64137	1
64138	2
64139	2
64140	2
64141	1
64144	3
64145	3
64146	2
64147	3
64148	1
64149	4
64150	4
64151	1
64152	3
64153	1
64154	2
64155	3
64156	3
64157	2
64159	2
64160	2
64161	3
64162	3
64163	2
64165	1
64166	1
64167	2
64169	2
64171	4
64172	3
64173	3
64174	2
64176	1
64177	2
64179	4
64180	5
64181	3
64182	3
64183	2
64184	1
64185	2
64186	1
64187	3
64188	1
64189	2
64190	5
64192	3
64193	1
64194	2
64195	2
64196	1
64197	3
64198	2
64199	1
64200	2
64201	4
64202	2
64203	2
64204	1
64205	1
64206	3
64207	1
64209	3
64210	3
64211	2
64212	2
64213	4
64214	1
64215	2
64216	3
64217	3
64218	4
64219	2
64220	2
64221	2
64222	1
64223	2
64225	2
64226	3
64227	4
64228	2
64229	2
64230	3
64231	2
64232	1
64233	1
64234	2
64235	7
64236	1
64237	3
64239	2
64240	1
64242	2
64243	1
64244	3
64245	3
64246	1
64247	3
64248	3
64249	1
64250	1
64251	2
64252	4
64253	3
64254	3
64255	1
64256	1
64257	2
64258	1
64259	3
64261	2
64262	1
64263	2
64264	3
64265	1
64266	2
64267	2
64268	2
64269	1
64270	1
64271	1
64272	1
64273	4
64274	3
64275	1
64277	2
64278	1
64279	3
64280	1
64281	1
64282	6
64283	2
64284	3
64285	1
64286	2
64287	2
64288	2
64289	1
64291	2
64292	1
64293	1
64295	4
64296	2
64297	2
64298	2
64299	5
64300	4
64301	3
64302	2
64303	4
64304	5
64305	2
64306	4
64307	5
64308	4
64309	1
64310	2
64311	2
64312	1
64313	2
64314	5
64317	1
64318	4
64319	3
64320	2
64321	3
64323	3
64324	3
64325	3
64326	4
64327	1
64328	3
64329	1
64331	3
64332	2
64333	1
64334	4
64336	3
64337	2
64338	2
64339	3
64341	2
64342	3
64343	1
64344	2
64345	5
64346	1
64347	1
64348	1
64349	5
64350	3
64351	3
64352	3
64353	2
64354	1
64355	3
64356	3
64357	1
64358	2
64359	2
64360	1
64362	2
64363	2
64364	3
64365	1
64366	3
64367	3
64368	1
64369	3
64370	1
64371	1
64372	1
64373	3
64375	5
64376	2
64377	3
64378	4
64379	1
64380	4
64381	2
64382	1
64383	4
64384	1
64385	4
64386	2
64387	5
64388	3
64389	1
64390	2
64391	1
64392	3
64393	1
64394	1
64396	1
64397	2
64398	1
64399	2
64400	2
64401	2
64402	2
64404	2
64405	2
64406	3
64407	3
64408	3
64409	3
64410	2
64411	2
64412	1
64413	1
64414	2
64415	1
64416	3
64417	3
64418	2
64419	1
64421	1
64422	3
64423	2
64424	3
64425	3
64426	2
64427	3
64428	7
64430	2
64431	4
64432	3
64433	1
64434	3
64435	1
64436	1
64438	3
64439	1
64440	4
64441	4
64442	3
64443	2
64444	4
64447	2
64448	2
64449	2
64450	3
64451	5
64453	4
64454	4
64455	1
64456	2
64457	1
64458	1
64459	4
64460	1
64461	4
64462	2
64463	1
64464	4
64465	1
64466	2
64467	3
64468	1
64469	3
64470	2
64472	3
64473	3
64474	1
64475	4
64476	3
64477	3
64479	2
64480	2
64481	1
64482	1
64483	3
64484	1
64485	3
64486	3
64487	3
64488	2
64489	3
64491	2
64492	2
64493	1
64494	1
64495	3
64496	3
64497	2
64498	4
64499	2
64500	2
64501	2
64502	2
64503	3
64504	2
64505	4
64506	2
64507	2
64508	4
64509	2
64510	2
64511	3
64512	4
64514	1
64515	2
64516	4
64517	1
64518	2
64519	3
64520	2
64521	4
64522	1
64523	1
64524	1
64525	4
64526	2
64527	3
64528	2
64529	1
64532	3
64533	3
64534	2
64535	2
64536	4
64537	2
64538	2
64539	4
64540	2
64541	2
64542	2
64543	2
64544	3
64545	3
64546	8
64547	4
64548	1
64549	3
64550	1
64551	4
64552	1
64553	1
64554	2
64555	2
64556	2
64558	7
64559	3
64561	1
64562	3
64563	2
64564	4
64565	1
64566	7
64568	5
64569	2
64570	3
64571	2
64572	2
64573	2
64574	5
64575	2
64576	2
64577	5
64578	3
64579	6
64580	1
64581	1
64582	3
64583	1
64584	6
64585	2
64586	2
64587	5
64588	2
64589	1
64590	3
64591	3
64592	2
64593	2
64594	1
64595	2
64597	2
64598	2
64599	4
64600	2
64601	3
64602	1
64603	1
64604	5
64605	4
64606	2
64608	4
64609	3
64610	2
64611	1
64612	3
64613	3
64614	1
64615	6
64616	2
64617	1
64619	1
64620	1
64622	6
64623	1
64624	2
64625	4
64626	3
64627	2
64628	1
64629	2
64631	4
64632	4
64633	2
64634	1
64635	4
64636	5
64637	3
64638	1
64639	3
64640	1
64641	1
64642	3
64643	4
64644	1
64645	2
64646	1
64647	2
64648	3
64649	1
64650	4
64651	3
64652	5
64653	3
64654	2
64655	2
64658	1
64659	4
64661	9
64664	2
64665	3
64666	3
64667	1
64668	3
64669	1
64670	3
64671	3
64672	4
64673	6
64674	2
64675	1
64677	1
64679	4
64680	2
64682	2
64683	3
64684	1
64685	3
64686	1
64687	3
64688	1
64689	3
64690	2
64691	3
64692	2
64693	5
64694	1
64695	3
64696	1
64697	1
64698	4
64699	1
64700	2
64701	1
64702	2
64703	4
64704	2
64705	1
64706	2
64707	2
64708	1
64709	3
64710	5
64711	5
64712	1
64713	1
64714	9
64715	4
64716	1
64717	3
64718	3
64719	3
64720	3
64721	4
64723	1
64725	1
64726	3
64727	2
64728	2
64730	2
64731	5
64732	2
64733	2
64734	1
64735	3
64736	1
64737	2
64738	2
64739	1
64740	3
64741	3
64742	5
64743	2
64744	4
64745	3
64746	1
64747	6
64748	2
64749	1
64750	1
64752	1
64753	2
64755	3
64756	4
64757	2
64758	1
64759	2
64761	2
64762	3
64763	2
64764	2
64765	3
64766	1
64767	1
64769	2
64771	1
64772	2
64773	1
64774	1
64775	4
64776	1
64777	3
64778	1
64780	1
64781	3
64782	3
64783	3
64784	2
64785	1
64786	3
64787	1
64788	1
64789	4
64790	3
64791	1
64792	2
64793	2
64794	1
64795	1
64796	3
64797	4
64798	6
64799	1
64800	2
64802	3
64804	5
64805	2
64806	3
64807	2
64808	6
64809	1
64810	2
64811	1
64812	1
64813	1
64814	3
64816	1
64817	7
64818	2
64819	3
64821	5
64822	1
64823	1
64824	1
64825	2
64826	3
64827	2
64828	3
64829	3
64830	3
64831	3
64833	2
64834	1
64835	3
64836	2
64837	1
64838	3
64839	2
64841	1
64842	2
64843	2
64844	3
64846	3
64847	1
64848	2
64849	5
64850	2
64851	2
64852	1
64853	7
64855	2
64856	4
64857	1
64858	3
64860	1
64861	3
64862	4
64863	2
64864	2
64865	2
64866	4
64867	3
64868	2
64869	3
64870	3
64871	1
64872	4
64873	2
64874	5
64875	3
64876	2
64877	4
64878	1
64879	1
64880	1
64881	2
64882	2
64883	2
64884	4
64885	4
64886	2
64887	1
64888	1
64889	2
64890	2
64891	3
64892	1
64893	1
64894	2
64895	1
64896	3
64897	2
64898	1
64899	4
64900	2
64901	2
64902	2
64903	4
64904	2
64905	1
64906	3
64907	3
64908	2
64909	3
64910	2
64911	2
64912	3
64913	1
64915	4
64916	2
64917	1
64918	1
64919	2
64920	1
64921	2
64922	1
64923	7
64924	1
64925	6
64926	3
64928	6
64929	1
64930	3
64931	2
64934	3
64935	1
64936	3
64938	2
64939	1
64940	2
64941	4
64942	2
64944	6
64945	3
64946	2
64947	3
64948	2
64949	3
64950	4
64951	3
64952	3
64953	1
64954	6
64955	1
64956	1
64957	4
64958	3
64959	2
64960	2
64961	2
64962	4
64963	3
64964	4
64965	1
64966	2
64967	4
64968	2
64969	2
64970	2
64971	1
64972	4
64973	4
64974	1
64975	6
64976	3
64977	2
64978	1
64979	3
64980	1
64981	4
64982	1
64983	2
64984	1
64985	2
64986	1
64987	2
64988	4
64989	4
64990	1
64991	4
64992	3
64993	2
64994	2
64995	5
64996	2
64998	3
64999	2
65000	3
65001	1
65002	1
65004	1
65005	2
65006	2
65008	2
65009	1
65010	1
65011	3
65012	4
65013	1
65014	1
65015	1
65016	3
65018	1
65019	1
65020	6
65021	1
65022	4
65023	3
65025	5
65026	3
65027	1
65028	2
65029	3
65030	4
65032	3
65033	3
65034	1
65035	3
65036	1
65037	1
65038	4
65039	1
65041	1
65044	2
65045	2
65046	1
65047	2
65048	4
65049	2
65050	5
65051	3
65052	2
65053	1
65054	4
65055	2
65056	2
65057	2
65058	2
65059	1
65060	1
65061	2
65062	2
65063	4
65064	1
65065	1
65066	2
65067	3
65068	1
65069	3
65070	2
65071	3
65073	2
65075	1
65077	1
65078	4
65079	4
65080	3
65081	1
65082	2
65083	4
65084	1
65085	3
65086	4
65087	1
65088	1
65089	2
65090	3
65091	2
65093	3
65094	1
65095	3
65096	2
65097	3
65098	6
65099	2
65100	2
65101	2
65102	2
65103	4
65104	2
65105	1
65106	2
65107	3
65108	2
65109	2
65110	5
65111	3
65112	2
65113	1
65114	1
65115	1
65116	3
65117	2
65118	4
65119	4
65121	3
65123	1
65124	2
65125	3
65126	2
65127	3
65128	2
65129	3
65130	2
65131	1
65132	5
65133	3
65134	1
65135	1
65136	4
65137	3
65138	1
65139	1
65140	1
65141	3
65142	4
65143	1
65145	4
65146	4
65147	1
65148	1
65149	1
65151	1
65152	2
65153	2
65154	4
65156	2
65157	3
65158	3
65159	3
65160	1
65161	1
65162	3
65163	2
65164	1
65165	4
65166	1
65167	4
65168	3
65170	3
65171	3
65172	4
65173	1
65174	3
65175	3
65176	4
65177	5
65178	2
65179	1
65180	3
65181	3
65184	1
65185	5
65186	3
65187	2
65188	1
65189	4
65190	2
65191	1
65192	4
65193	2
65194	4
65195	3
65196	2
65197	1
65198	1
65199	2
65200	3
65201	2
65202	3
65203	2
65204	2
65205	2
65206	2
65207	2
65208	2
65209	2
65210	4
65211	2
65212	1
65213	4
65214	2
65215	2
65216	2
65217	1
65218	4
65219	1
65220	3
65221	1
65223	2
65224	1
65226	2
65227	6
65228	5
65229	4
65230	2
65231	3
65232	3
65233	2
65234	2
65235	3
65236	2
65238	2
65239	1
65240	3
65241	2
65242	1
65243	2
65244	1
65245	3
65246	1
65247	1
65248	5
65251	2
65252	1
65253	2
65254	4
65255	1
65256	3
65258	2
65259	4
65260	1
65261	2
65262	5
65263	3
65264	1
65265	1
65267	1
65268	4
65269	2
65270	3
65271	3
65272	3
65273	2
65275	3
65276	6
65277	3
65278	1
65279	2
65280	1
65281	2
65282	4
65283	6
65284	1
65286	5
65287	1
65288	6
65289	2
65290	3
65291	3
65292	4
65293	1
65294	2
65295	3
65296	7
65297	3
65298	3
65299	3
65301	3
65303	3
65304	2
65305	2
65307	1
65308	3
65309	2
65310	4
65311	4
65312	3
65313	4
65315	3
65316	2
65317	2
65318	1
65319	2
65320	3
65321	2
65324	2
65326	3
65327	4
65329	3
65330	3
65331	1
65332	3
65333	2
65334	6
65335	2
65336	1
65337	2
65338	3
65340	3
65341	4
65343	3
65344	1
65345	2
65347	4
65348	3
65349	2
65350	1
65351	4
65353	1
65355	3
65356	3
65357	2
65358	2
65359	1
65362	1
65363	3
65364	1
65365	2
65366	1
65367	2
65369	3
65370	1
65371	5
65372	2
65373	2
65374	2
65375	1
65376	4
65378	4
65379	1
65380	3
65381	2
65382	3
65383	5
65384	4
65385	2
65386	2
65387	2
65388	5
65389	5
65390	2
65391	4
65392	1
65393	1
65394	4
65395	2
65396	5
65397	5
65398	1
65399	4
65400	2
65401	2
65402	1
65403	2
65404	2
65406	1
65407	3
65408	2
65409	3
65410	2
65411	2
65413	1
65414	3
65416	1
65418	4
65419	4
65420	1
65421	5
65423	2
65424	1
65425	4
65426	2
65428	4
65429	2
65431	6
65432	1
65433	5
65434	1
65435	2
65436	3
65437	2
65438	2
65439	1
65441	2
65442	2
65443	4
65444	3
65445	4
65446	6
65448	4
65449	2
65450	3
65451	1
65452	4
65453	4
65454	2
65455	2
65456	3
65457	1
65458	5
65459	3
65460	1
65461	1
65462	4
65463	4
65464	1
65465	3
65466	3
65467	2
65468	1
65469	3
65471	2
65472	3
65473	3
65474	4
65475	3
65476	9
65477	1
65478	1
65479	3
65480	4
65481	1
65483	2
65484	3
65485	4
65487	1
65488	4
65489	2
65490	1
65491	4
65493	1
65494	2
65495	3
65496	3
65497	2
65498	3
65499	3
65500	3
65501	4
65504	2
65506	3
65507	2
65508	2
65509	2
65511	3
65512	1
65513	3
65514	4
65515	4
65516	1
65517	2
65518	1
65519	1
65520	5
65521	3
65522	1
65523	1
65524	1
65525	1
65526	1
65527	1
65528	3
65529	3
65530	2
65532	2
65533	2
65534	1
65535	4
