Threads,Pattern,Configuration,CCM_BW_GBs,Remote_CCM_BW_GBs,Total_CCM_BW_GBs,CS_BW_GBs,UMC_BW_GBs,Predicted_BW_GBs,Avg_Cycles_Per_Op
20,"n0a0t16,n1a0t4",Random,67.29239876071613,16.42026350895564,83.71266226967177,83.60796453555425,83.92431634664536,98.51,42.23
20,"n0a0t16,n1a0t4",Sequential,72.24288208144051,17.98202397567885,90.22490605711937,90.28465400849069,90.4375201676573,105.81,39.32
